training_sensors,anchor_sensor,dataset,seed,origin,split,threshold,threshold_min,threshold_max,coverage_primary,coverage_reference_row,coverage_sensor_row,coverage_raw_sensor_row,coverage_reference_timestamp,coverage_sensor_timestamp,width,cal_rows,cal_rows_used,cal_timestamps,cal_timestamps_used,test_rows,test_timestamps,alpha,score_space,coverage_unit,calibration_target,block_size,window_timestamps,scale_power,scheme,method,held_out_sensor,fusion_sensors
"[""sensor_0"", ""sensor_1"", ""sensor_2""]",sensor_0,toy_spatial,0,,0.0,1.3295865058898926,1.3295865058898926,1.3295865058898926,0.80235,0.80235,,,,,4.468182761073113,20000,20000,,,20000,,0.2,model_normalized,row,reference,1.0,0.0,1.0,cyclic,Oracle Split Conformal,,"[""sensor_0"", ""sensor_1"", ""sensor_2""]"
"[""sensor_0"", ""sensor_1"", ""sensor_2""]",sensor_0,toy_spatial,0,,0.0,4.345035552978516,4.345035552978516,4.345035552978516,0.8,0.9308,0.8,0.8,,,8.690071106147766,20000,20000,,,20000,,0.2,raw_absolute,row,raw_sensor,1.0,0.0,0.0,cyclic,Held-Out Raw Sensor CP,sensor_0,"[""sensor_1"", ""sensor_2""]"
"[""sensor_0"", ""sensor_1"", ""sensor_2""]",sensor_0,toy_spatial,0,,0.0,7.310577392578125,7.310577392578125,7.310577392578125,0.793,0.9995,0.793,0.793,,,14.621154781770706,20000,20000,,,20000,,0.2,raw_absolute,row,raw_sensor,1.0,0.0,0.0,cyclic,Held-Out Raw Sensor CP,sensor_1,"[""sensor_0"", ""sensor_2""]"
"[""sensor_0"", ""sensor_1"", ""sensor_2""]",sensor_0,toy_spatial,0,,0.0,9.681940078735352,9.681940078735352,9.681940078735352,0.79965,1.0,0.79965,0.79965,,,19.363880156040192,20000,20000,,,20000,,0.2,raw_absolute,row,raw_sensor,1.0,0.0,0.0,cyclic,Held-Out Raw Sensor CP,sensor_2,"[""sensor_0"", ""sensor_1""]"
"[""sensor_0"", ""sensor_1"", ""sensor_2""]",sensor_0,toy_spatial,0,,0.0,1.2815515655446008,,,0.786,0.786,,,,,4.306757926940918,20000,0,,0.0,20000,,0.2,none,,,,,,,Fused Posterior Predictive,,"[""sensor_0"", ""sensor_1"", ""sensor_2""]"
"[""sensor_0"", ""sensor_1"", ""sensor_2""]",sensor_0,toy_spatial,0,,1.0,1.3276848793029783,1.3276848793029783,1.3276848793029783,0.80085,0.80085,,,,,4.461200562191009,20000,20000,,,20000,,0.2,model_normalized,row,reference,1.0,0.0,1.0,cyclic,Oracle Split Conformal,,"[""sensor_0"", ""sensor_1"", ""sensor_2""]"
"[""sensor_0"", ""sensor_1"", ""sensor_2""]",sensor_0,toy_spatial,0,,1.0,4.330857276916504,4.330857276916504,4.330857276916504,0.79695,0.9297,0.79695,0.79695,,,8.661714536428452,20000,20000,,,20000,,0.2,raw_absolute,row,raw_sensor,1.0,0.0,0.0,cyclic,Held-Out Raw Sensor CP,sensor_0,"[""sensor_1"", ""sensor_2""]"
"[""sensor_0"", ""sensor_1"", ""sensor_2""]",sensor_0,toy_spatial,0,,1.0,7.401745796203613,7.401745796203613,7.401745796203613,0.80465,0.99955,0.80465,0.80465,,,14.803491583299635,20000,20000,,,20000,,0.2,raw_absolute,row,raw_sensor,1.0,0.0,0.0,cyclic,Held-Out Raw Sensor CP,sensor_1,"[""sensor_0"", ""sensor_2""]"
"[""sensor_0"", ""sensor_1"", ""sensor_2""]",sensor_0,toy_spatial,0,,1.0,9.706873893737791,9.706873893737791,9.706873893737791,0.80195,1.0,0.80195,0.80195,,,19.41374778766632,20000,20000,,,20000,,0.2,raw_absolute,row,raw_sensor,1.0,0.0,0.0,cyclic,Held-Out Raw Sensor CP,sensor_2,"[""sensor_0"", ""sensor_1""]"
"[""sensor_0"", ""sensor_1"", ""sensor_2""]",sensor_0,toy_spatial,0,,1.0,1.2815515655446008,,,0.7845,0.7845,,,,,4.306186676025391,20000,0,,0.0,20000,,0.2,none,,,,,,,Fused Posterior Predictive,,"[""sensor_0"", ""sensor_1"", ""sensor_2""]"
"[""sensor_0"", ""sensor_1"", ""sensor_2""]",sensor_0,toy_spatial,0,,2.0,1.329928636550903,1.329928636550903,1.329928636550903,0.8027,0.8027,,,,,4.469287479567528,20000,20000,,,20000,,0.2,model_normalized,row,reference,1.0,0.0,1.0,cyclic,Oracle Split Conformal,,"[""sensor_0"", ""sensor_1"", ""sensor_2""]"
"[""sensor_0"", ""sensor_1"", ""sensor_2""]",sensor_0,toy_spatial,0,,2.0,4.344156265258789,4.344156265258789,4.344156265258789,0.7997,0.9293,0.7997,0.7997,,,8.688312525129318,20000,20000,,,20000,,0.2,raw_absolute,row,raw_sensor,1.0,0.0,0.0,cyclic,Held-Out Raw Sensor CP,sensor_0,"[""sensor_1"", ""sensor_2""]"
"[""sensor_0"", ""sensor_1"", ""sensor_2""]",sensor_0,toy_spatial,0,,2.0,7.357213973999023,7.357213973999023,7.357213973999023,0.7993,0.99965,0.7993,0.7993,,,14.714427945756912,20000,20000,,,20000,,0.2,raw_absolute,row,raw_sensor,1.0,0.0,0.0,cyclic,Held-Out Raw Sensor CP,sensor_1,"[""sensor_0"", ""sensor_2""]"
"[""sensor_0"", ""sensor_1"", ""sensor_2""]",sensor_0,toy_spatial,0,,2.0,9.652790069580078,9.652790069580078,9.652790069580078,0.79755,1.0,0.79755,0.79755,,,19.30558014345169,20000,20000,,,20000,,0.2,raw_absolute,row,raw_sensor,1.0,0.0,0.0,cyclic,Held-Out Raw Sensor CP,sensor_2,"[""sensor_0"", ""sensor_1""]"
"[""sensor_0"", ""sensor_1"", ""sensor_2""]",sensor_0,toy_spatial,0,,2.0,1.2815515655446008,,,0.7868,0.7868,,,,,4.306714057922363,20000,0,,0.0,20000,,0.2,none,,,,,,,Fused Posterior Predictive,,"[""sensor_0"", ""sensor_1"", ""sensor_2""]"
"[""sensor_0"", ""sensor_1"", ""sensor_2""]",sensor_0,toy_spatial,0,,3.0,1.3219799995422363,1.3219799995422363,1.3219799995422363,0.79675,0.79675,,,,,4.442597685146332,20000,20000,,,20000,,0.2,model_normalized,row,reference,1.0,0.0,1.0,cyclic,Oracle Split Conformal,,"[""sensor_0"", ""sensor_1"", ""sensor_2""]"
"[""sensor_0"", ""sensor_1"", ""sensor_2""]",sensor_0,toy_spatial,0,,3.0,4.37443733215332,4.37443733215332,4.37443733215332,0.80585,0.93175,0.80585,0.80585,,,8.748874658727646,20000,20000,,,20000,,0.2,raw_absolute,row,raw_sensor,1.0,0.0,0.0,cyclic,Held-Out Raw Sensor CP,sensor_0,"[""sensor_1"", ""sensor_2""]"
"[""sensor_0"", ""sensor_1"", ""sensor_2""]",sensor_0,toy_spatial,0,,3.0,7.363395690917969,7.363395690917969,7.363395690917969,0.8,0.9996,0.8,0.8,,,14.726791379594802,20000,20000,,,20000,,0.2,raw_absolute,row,raw_sensor,1.0,0.0,0.0,cyclic,Held-Out Raw Sensor CP,sensor_1,"[""sensor_0"", ""sensor_2""]"
"[""sensor_0"", ""sensor_1"", ""sensor_2""]",sensor_0,toy_spatial,0,,3.0,9.651960372924805,9.651960372924805,9.651960372924805,0.79745,1.0,0.79745,0.79745,,,19.30392074508667,20000,20000,,,20000,,0.2,raw_absolute,row,raw_sensor,1.0,0.0,0.0,cyclic,Held-Out Raw Sensor CP,sensor_2,"[""sensor_0"", ""sensor_1""]"
"[""sensor_0"", ""sensor_1"", ""sensor_2""]",sensor_0,toy_spatial,0,,3.0,1.2815515655446008,,,0.78325,0.78325,,,,,4.306735515594482,20000,0,,0.0,20000,,0.2,none,,,,,,,Fused Posterior Predictive,,"[""sensor_0"", ""sensor_1"", ""sensor_2""]"
"[""sensor_0"", ""sensor_1"", ""sensor_2""]",sensor_0,toy_spatial,0,,4.0,1.3262776136398315,1.3262776136398315,1.3262776136398315,0.7994,0.7994,,,,,4.4561786444664,20000,20000,,,20000,,0.2,model_normalized,row,reference,1.0,0.0,1.0,cyclic,Oracle Split Conformal,,"[""sensor_0"", ""sensor_1"", ""sensor_2""]"
"[""sensor_0"", ""sensor_1"", ""sensor_2""]",sensor_0,toy_spatial,0,,4.0,4.31115198135376,4.31115198135376,4.31115198135376,0.79215,0.92455,0.79215,0.79215,,,8.622303537416458,20000,20000,,,20000,,0.2,raw_absolute,row,raw_sensor,1.0,0.0,0.0,cyclic,Held-Out Raw Sensor CP,sensor_0,"[""sensor_1"", ""sensor_2""]"
"[""sensor_0"", ""sensor_1"", ""sensor_2""]",sensor_0,toy_spatial,0,,4.0,7.372846603393555,7.372846603393555,7.372846603393555,0.80135,0.99955,0.80135,0.80135,,,14.745693202543258,20000,20000,,,20000,,0.2,raw_absolute,row,raw_sensor,1.0,0.0,0.0,cyclic,Held-Out Raw Sensor CP,sensor_1,"[""sensor_0"", ""sensor_2""]"
"[""sensor_0"", ""sensor_1"", ""sensor_2""]",sensor_0,toy_spatial,0,,4.0,9.649169921875,9.649169921875,9.649169921875,0.79705,1.0,0.79705,0.79705,,,19.298339842891693,20000,20000,,,20000,,0.2,raw_absolute,row,raw_sensor,1.0,0.0,0.0,cyclic,Held-Out Raw Sensor CP,sensor_2,"[""sensor_0"", ""sensor_1""]"
"[""sensor_0"", ""sensor_1"", ""sensor_2""]",sensor_0,toy_spatial,0,,4.0,1.2815515655446008,,,0.78455,0.78455,,,,,4.30590295791626,20000,0,,0.0,20000,,0.2,none,,,,,,,Fused Posterior Predictive,,"[""sensor_0"", ""sensor_1"", ""sensor_2""]"
"[""sensor_0"", ""sensor_1"", ""sensor_2""]",sensor_0,toy_spatial,0,,5.0,1.320424199104309,1.320424199104309,1.320424199104309,0.79555,0.79555,,,,,4.436928713107109,20000,20000,,,20000,,0.2,model_normalized,row,reference,1.0,0.0,1.0,cyclic,Oracle Split Conformal,,"[""sensor_0"", ""sensor_1"", ""sensor_2""]"
"[""sensor_0"", ""sensor_1"", ""sensor_2""]",sensor_0,toy_spatial,0,,5.0,4.377581596374512,4.377581596374512,4.377581596374512,0.80645,0.9316,0.80645,0.80645,,,8.755163202524185,20000,20000,,,20000,,0.2,raw_absolute,row,raw_sensor,1.0,0.0,0.0,cyclic,Held-Out Raw Sensor CP,sensor_0,"[""sensor_1"", ""sensor_2""]"
"[""sensor_0"", ""sensor_1"", ""sensor_2""]",sensor_0,toy_spatial,0,,5.0,7.388622283935547,7.388622283935547,7.388622283935547,0.8029,0.9996,0.8029,0.8029,,,14.777244572353364,20000,20000,,,20000,,0.2,raw_absolute,row,raw_sensor,1.0,0.0,0.0,cyclic,Held-Out Raw Sensor CP,sensor_1,"[""sensor_0"", ""sensor_2""]"
"[""sensor_0"", ""sensor_1"", ""sensor_2""]",sensor_0,toy_spatial,0,,5.0,9.685562133789062,9.685562133789062,9.685562133789062,0.79995,1.0,0.79995,0.79995,,,19.371124267959598,20000,20000,,,20000,,0.2,raw_absolute,row,raw_sensor,1.0,0.0,0.0,cyclic,Held-Out Raw Sensor CP,sensor_2,"[""sensor_0"", ""sensor_1""]"
"[""sensor_0"", ""sensor_1"", ""sensor_2""]",sensor_0,toy_spatial,0,,5.0,1.2815515655446008,,,0.78225,0.78225,,,,,4.306307792663574,20000,0,,0.0,20000,,0.2,none,,,,,,,Fused Posterior Predictive,,"[""sensor_0"", ""sensor_1"", ""sensor_2""]"
"[""sensor_0"", ""sensor_1"", ""sensor_2""]",sensor_0,toy_spatial,0,,6.0,1.3322980403900146,1.3322980403900146,1.3322980403900146,0.80435,0.80435,,,,,4.477160811424255,20000,20000,,,20000,,0.2,model_normalized,row,reference,1.0,0.0,1.0,cyclic,Oracle Split Conformal,,"[""sensor_0"", ""sensor_1"", ""sensor_2""]"
"[""sensor_0"", ""sensor_1"", ""sensor_2""]",sensor_0,toy_spatial,0,,6.0,4.370822906494141,4.370822906494141,4.370822906494141,0.8052,0.9317,0.8052,0.8052,,,8.741645814228058,20000,20000,,,20000,,0.2,raw_absolute,row,raw_sensor,1.0,0.0,0.0,cyclic,Held-Out Raw Sensor CP,sensor_0,"[""sensor_1"", ""sensor_2""]"
"[""sensor_0"", ""sensor_1"", ""sensor_2""]",sensor_0,toy_spatial,0,,6.0,7.3114013671875,7.3114013671875,7.3114013671875,0.79325,0.9994,0.79325,0.79325,,,14.622802734804154,20000,20000,,,20000,,0.2,raw_absolute,row,raw_sensor,1.0,0.0,0.0,cyclic,Held-Out Raw Sensor CP,sensor_1,"[""sensor_0"", ""sensor_2""]"
"[""sensor_0"", ""sensor_1"", ""sensor_2""]",sensor_0,toy_spatial,0,,6.0,9.69144058227539,9.69144058227539,9.69144058227539,0.8005,1.0,0.8005,0.8005,,,19.38288116607666,20000,20000,,,20000,,0.2,raw_absolute,row,raw_sensor,1.0,0.0,0.0,cyclic,Held-Out Raw Sensor CP,sensor_2,"[""sensor_0"", ""sensor_1""]"
"[""sensor_0"", ""sensor_1"", ""sensor_2""]",sensor_0,toy_spatial,0,,6.0,1.2815515655446008,,,0.7869,0.7869,,,,,4.306628704071045,20000,0,,0.0,20000,,0.2,none,,,,,,,Fused Posterior Predictive,,"[""sensor_0"", ""sensor_1"", ""sensor_2""]"
"[""sensor_0"", ""sensor_1"", ""sensor_2""]",sensor_0,toy_spatial,0,,7.0,1.3294111490249634,1.3294111490249634,1.3294111490249634,0.8021,0.8021,,,,,4.467511471176148,20000,20000,,,20000,,0.2,model_normalized,row,reference,1.0,0.0,1.0,cyclic,Oracle Split Conformal,,"[""sensor_0"", ""sensor_1"", ""sensor_2""]"
"[""sensor_0"", ""sensor_1"", ""sensor_2""]",sensor_0,toy_spatial,0,,7.0,4.343265533447266,4.343265533447266,4.343265533447266,0.79955,0.9309,0.79955,0.79955,,,8.686531070613862,20000,20000,,,20000,,0.2,raw_absolute,row,raw_sensor,1.0,0.0,0.0,cyclic,Held-Out Raw Sensor CP,sensor_0,"[""sensor_1"", ""sensor_2""]"
"[""sensor_0"", ""sensor_1"", ""sensor_2""]",sensor_0,toy_spatial,0,,7.0,7.314145088195801,7.314145088195801,7.314145088195801,0.79365,0.9995,0.79365,0.79365,,,14.628290168190002,20000,20000,,,20000,,0.2,raw_absolute,row,raw_sensor,1.0,0.0,0.0,cyclic,Held-Out Raw Sensor CP,sensor_1,"[""sensor_0"", ""sensor_2""]"
"[""sensor_0"", ""sensor_1"", ""sensor_2""]",sensor_0,toy_spatial,0,,7.0,9.7841796875,9.7841796875,9.7841796875,0.80805,1.0,0.80805,0.80805,,,19.56835937681198,20000,20000,,,20000,,0.2,raw_absolute,row,raw_sensor,1.0,0.0,0.0,cyclic,Held-Out Raw Sensor CP,sensor_2,"[""sensor_0"", ""sensor_1""]"
"[""sensor_0"", ""sensor_1"", ""sensor_2""]",sensor_0,toy_spatial,0,,7.0,1.2815515655446008,,,0.78625,0.78625,,,,,4.306678295135498,20000,0,,0.0,20000,,0.2,none,,,,,,,Fused Posterior Predictive,,"[""sensor_0"", ""sensor_1"", ""sensor_2""]"
"[""sensor_0"", ""sensor_1"", ""sensor_2""]",sensor_0,toy_spatial,0,,8.0,1.3348549604415894,1.3348549604415894,1.3348549604415894,0.80585,0.80585,,,,,4.486354025363922,20000,20000,,,20000,,0.2,model_normalized,row,reference,1.0,0.0,1.0,cyclic,Oracle Split Conformal,,"[""sensor_0"", ""sensor_1"", ""sensor_2""]"
"[""sensor_0"", ""sensor_1"", ""sensor_2""]",sensor_0,toy_spatial,0,,8.0,4.331532955169678,4.331532955169678,4.331532955169678,0.7971,0.93175,0.7971,0.7971,,,8.663066347169876,20000,20000,,,20000,,0.2,raw_absolute,row,raw_sensor,1.0,0.0,0.0,cyclic,Held-Out Raw Sensor CP,sensor_0,"[""sensor_1"", ""sensor_2""]"
"[""sensor_0"", ""sensor_1"", ""sensor_2""]",sensor_0,toy_spatial,0,,8.0,7.354126930236816,7.354126930236816,7.354126930236816,0.79895,0.99965,0.79895,0.79895,,,14.708253850317002,20000,20000,,,20000,,0.2,raw_absolute,row,raw_sensor,1.0,0.0,0.0,cyclic,Held-Out Raw Sensor CP,sensor_1,"[""sensor_0"", ""sensor_2""]"
"[""sensor_0"", ""sensor_1"", ""sensor_2""]",sensor_0,toy_spatial,0,,8.0,9.768972396850586,9.768972396850586,9.768972396850586,0.80665,1.0,0.80665,0.80665,,,19.537944793891903,20000,20000,,,20000,,0.2,raw_absolute,row,raw_sensor,1.0,0.0,0.0,cyclic,Held-Out Raw Sensor CP,sensor_2,"[""sensor_0"", ""sensor_1""]"
"[""sensor_0"", ""sensor_1"", ""sensor_2""]",sensor_0,toy_spatial,0,,8.0,1.2815515655446008,,,0.7884,0.7884,,,,,4.3072052001953125,20000,0,,0.0,20000,,0.2,none,,,,,,,Fused Posterior Predictive,,"[""sensor_0"", ""sensor_1"", ""sensor_2""]"
"[""sensor_0"", ""sensor_1"", ""sensor_2""]",sensor_0,toy_spatial,0,,9.0,1.3276848793029783,1.3276848793029783,1.3276848793029783,0.80085,0.80085,,,,,4.461900060915947,20000,20000,,,20000,,0.2,model_normalized,row,reference,1.0,0.0,1.0,cyclic,Oracle Split Conformal,,"[""sensor_0"", ""sensor_1"", ""sensor_2""]"
"[""sensor_0"", ""sensor_1"", ""sensor_2""]",sensor_0,toy_spatial,0,,9.0,4.386643409729004,4.386643409729004,4.386643409729004,0.80845,0.9349,0.80845,0.80845,,,8.773286795139313,20000,20000,,,20000,,0.2,raw_absolute,row,raw_sensor,1.0,0.0,0.0,cyclic,Held-Out Raw Sensor CP,sensor_0,"[""sensor_1"", ""sensor_2""]"
"[""sensor_0"", ""sensor_1"", ""sensor_2""]",sensor_0,toy_spatial,0,,9.0,7.40789794921875,7.40789794921875,7.40789794921875,0.80565,0.9996,0.80565,0.80565,,,14.815795897436145,20000,20000,,,20000,,0.2,raw_absolute,row,raw_sensor,1.0,0.0,0.0,cyclic,Held-Out Raw Sensor CP,sensor_1,"[""sensor_0"", ""sensor_2""]"
"[""sensor_0"", ""sensor_1"", ""sensor_2""]",sensor_0,toy_spatial,0,,9.0,9.660879135131836,9.660879135131836,9.660879135131836,0.79835,1.0,0.79835,0.79835,,,19.321758272266383,20000,20000,,,20000,,0.2,raw_absolute,row,raw_sensor,1.0,0.0,0.0,cyclic,Held-Out Raw Sensor CP,sensor_2,"[""sensor_0"", ""sensor_1""]"
"[""sensor_0"", ""sensor_1"", ""sensor_2""]",sensor_0,toy_spatial,0,,9.0,1.2815515655446008,,,0.78515,0.78515,,,,,4.306861877441406,20000,0,,0.0,20000,,0.2,none,,,,,,,Fused Posterior Predictive,,"[""sensor_0"", ""sensor_1"", ""sensor_2""]"
"[""sensor_0"", ""sensor_1"", ""sensor_2""]",sensor_0,toy_spatial,0,,10.0,1.3283547163009644,1.3283547163009644,1.3283547163009644,0.80125,0.80125,,,,,4.464629329204559,20000,20000,,,20000,,0.2,model_normalized,row,reference,1.0,0.0,1.0,cyclic,Oracle Split Conformal,,"[""sensor_0"", ""sensor_1"", ""sensor_2""]"
"[""sensor_0"", ""sensor_1"", ""sensor_2""]",sensor_0,toy_spatial,0,,10.0,4.331050872802734,4.331050872802734,4.331050872802734,0.797,0.9289,0.797,0.797,,,8.662101749897003,20000,20000,,,20000,,0.2,raw_absolute,row,raw_sensor,1.0,0.0,0.0,cyclic,Held-Out Raw Sensor CP,sensor_0,"[""sensor_1"", ""sensor_2""]"
"[""sensor_0"", ""sensor_1"", ""sensor_2""]",sensor_0,toy_spatial,0,,10.0,7.36439323425293,7.36439323425293,7.36439323425293,0.80005,0.9996,0.80005,0.80005,,,14.728786464595794,20000,20000,,,20000,,0.2,raw_absolute,row,raw_sensor,1.0,0.0,0.0,cyclic,Held-Out Raw Sensor CP,sensor_1,"[""sensor_0"", ""sensor_2""]"
"[""sensor_0"", ""sensor_1"", ""sensor_2""]",sensor_0,toy_spatial,0,,10.0,9.637489318847656,9.637489318847656,9.637489318847656,0.7963,1.0,0.7963,0.7963,,,19.27497863674164,20000,20000,,,20000,,0.2,raw_absolute,row,raw_sensor,1.0,0.0,0.0,cyclic,Held-Out Raw Sensor CP,sensor_2,"[""sensor_0"", ""sensor_1""]"
"[""sensor_0"", ""sensor_1"", ""sensor_2""]",sensor_0,toy_spatial,0,,10.0,1.2815515655446008,,,0.78645,0.78645,,,,,4.307322978973389,20000,0,,0.0,20000,,0.2,none,,,,,,,Fused Posterior Predictive,,"[""sensor_0"", ""sensor_1"", ""sensor_2""]"
"[""sensor_0"", ""sensor_1"", ""sensor_2""]",sensor_0,toy_spatial,0,,11.0,1.3241678476333618,1.3241678476333618,1.3241678476333618,0.79805,0.79805,,,,,4.44920648920536,20000,20000,,,20000,,0.2,model_normalized,row,reference,1.0,0.0,1.0,cyclic,Oracle Split Conformal,,"[""sensor_0"", ""sensor_1"", ""sensor_2""]"
"[""sensor_0"", ""sensor_1"", ""sensor_2""]",sensor_0,toy_spatial,0,,11.0,4.326936721801758,4.326936721801758,4.326936721801758,0.7962,0.9288,0.7962,0.7962,,,8.653873441505432,20000,20000,,,20000,,0.2,raw_absolute,row,raw_sensor,1.0,0.0,0.0,cyclic,Held-Out Raw Sensor CP,sensor_0,"[""sensor_1"", ""sensor_2""]"
"[""sensor_0"", ""sensor_1"", ""sensor_2""]",sensor_0,toy_spatial,0,,11.0,7.395244598388672,7.395244598388672,7.395244598388672,0.80395,0.99965,0.80395,0.80395,,,14.790489197301865,20000,20000,,,20000,,0.2,raw_absolute,row,raw_sensor,1.0,0.0,0.0,cyclic,Held-Out Raw Sensor CP,sensor_1,"[""sensor_0"", ""sensor_2""]"
"[""sensor_0"", ""sensor_1"", ""sensor_2""]",sensor_0,toy_spatial,0,,11.0,9.714632034301758,9.714632034301758,9.714632034301758,0.8027,1.0,0.8027,0.8027,,,19.42926406965256,20000,20000,,,20000,,0.2,raw_absolute,row,raw_sensor,1.0,0.0,0.0,cyclic,Held-Out Raw Sensor CP,sensor_2,"[""sensor_0"", ""sensor_1""]"
"[""sensor_0"", ""sensor_1"", ""sensor_2""]",sensor_0,toy_spatial,0,,11.0,1.2815515655446008,,,0.7845,0.7845,,,,,4.306015491485596,20000,0,,0.0,20000,,0.2,none,,,,,,,Fused Posterior Predictive,,"[""sensor_0"", ""sensor_1"", ""sensor_2""]"
"[""sensor_0"", ""sensor_1"", ""sensor_2""]",sensor_0,toy_spatial,0,,12.0,1.3339250087738037,1.3339250087738037,1.3339250087738037,0.8055,0.8055,,,,,4.482995996308326,20000,20000,,,20000,,0.2,model_normalized,row,reference,1.0,0.0,1.0,cyclic,Oracle Split Conformal,,"[""sensor_0"", ""sensor_1"", ""sensor_2""]"
"[""sensor_0"", ""sensor_1"", ""sensor_2""]",sensor_0,toy_spatial,0,,12.0,4.340785026550293,4.340785026550293,4.340785026550293,0.799,0.93075,0.799,0.799,,,8.681570061874389,20000,20000,,,20000,,0.2,raw_absolute,row,raw_sensor,1.0,0.0,0.0,cyclic,Held-Out Raw Sensor CP,sensor_0,"[""sensor_1"", ""sensor_2""]"
"[""sensor_0"", ""sensor_1"", ""sensor_2""]",sensor_0,toy_spatial,0,,12.0,7.394712448120117,7.394712448120117,7.394712448120117,0.8038,0.99945,0.8038,0.8038,,,14.789424894142153,20000,20000,,,20000,,0.2,raw_absolute,row,raw_sensor,1.0,0.0,0.0,cyclic,Held-Out Raw Sensor CP,sensor_1,"[""sensor_0"", ""sensor_2""]"
"[""sensor_0"", ""sensor_1"", ""sensor_2""]",sensor_0,toy_spatial,0,,12.0,9.609384536743164,9.609384536743164,9.609384536743164,0.79375,1.0,0.79375,0.79375,,,19.218769069862365,20000,20000,,,20000,,0.2,raw_absolute,row,raw_sensor,1.0,0.0,0.0,cyclic,Held-Out Raw Sensor CP,sensor_2,"[""sensor_0"", ""sensor_1""]"
"[""sensor_0"", ""sensor_1"", ""sensor_2""]",sensor_0,toy_spatial,0,,12.0,1.2815515655446008,,,0.78885,0.78885,,,,,4.306981563568115,20000,0,,0.0,20000,,0.2,none,,,,,,,Fused Posterior Predictive,,"[""sensor_0"", ""sensor_1"", ""sensor_2""]"
"[""sensor_0"", ""sensor_1"", ""sensor_2""]",sensor_0,toy_spatial,0,,13.0,1.3274644613265991,1.3274644613265991,1.3274644613265991,0.80055,0.80055,,,,,4.460277195119858,20000,20000,,,20000,,0.2,model_normalized,row,reference,1.0,0.0,1.0,cyclic,Oracle Split Conformal,,"[""sensor_0"", ""sensor_1"", ""sensor_2""]"
"[""sensor_0"", ""sensor_1"", ""sensor_2""]",sensor_0,toy_spatial,0,,13.0,4.343265533447266,4.343265533447266,4.343265533447266,0.79955,0.92975,0.79955,0.79955,,,8.686531070089341,20000,20000,,,20000,,0.2,raw_absolute,row,raw_sensor,1.0,0.0,0.0,cyclic,Held-Out Raw Sensor CP,sensor_0,"[""sensor_1"", ""sensor_2""]"
"[""sensor_0"", ""sensor_1"", ""sensor_2""]",sensor_0,toy_spatial,0,,13.0,7.359819412231445,7.359819412231445,7.359819412231445,0.79955,0.9996,0.79955,0.79955,,,14.719638829040528,20000,20000,,,20000,,0.2,raw_absolute,row,raw_sensor,1.0,0.0,0.0,cyclic,Held-Out Raw Sensor CP,sensor_1,"[""sensor_0"", ""sensor_2""]"
"[""sensor_0"", ""sensor_1"", ""sensor_2""]",sensor_0,toy_spatial,0,,13.0,9.709129333496094,9.709129333496094,9.709129333496094,0.80215,1.0,0.80215,0.80215,,,19.41825866613388,20000,20000,,,20000,,0.2,raw_absolute,row,raw_sensor,1.0,0.0,0.0,cyclic,Held-Out Raw Sensor CP,sensor_2,"[""sensor_0"", ""sensor_1""]"
"[""sensor_0"", ""sensor_1"", ""sensor_2""]",sensor_0,toy_spatial,0,,13.0,1.2815515655446008,,,0.78645,0.78645,,,,,4.306010246276856,20000,0,,0.0,20000,,0.2,none,,,,,,,Fused Posterior Predictive,,"[""sensor_0"", ""sensor_1"", ""sensor_2""]"
"[""sensor_0"", ""sensor_1"", ""sensor_2""]",sensor_0,toy_spatial,0,,14.0,1.3230422735214231,1.3230422735214231,1.3230422735214231,0.7975,0.7975,,,,,4.445498846936226,20000,20000,,,20000,,0.2,model_normalized,row,reference,1.0,0.0,1.0,cyclic,Oracle Split Conformal,,"[""sensor_0"", ""sensor_1"", ""sensor_2""]"
"[""sensor_0"", ""sensor_1"", ""sensor_2""]",sensor_0,toy_spatial,0,,14.0,4.319406509399414,4.319406509399414,4.319406509399414,0.7946,0.92735,0.7946,0.7946,,,8.638813016319276,20000,20000,,,20000,,0.2,raw_absolute,row,raw_sensor,1.0,0.0,0.0,cyclic,Held-Out Raw Sensor CP,sensor_0,"[""sensor_1"", ""sensor_2""]"
"[""sensor_0"", ""sensor_1"", ""sensor_2""]",sensor_0,toy_spatial,0,,14.0,7.313573837280273,7.313573837280273,7.313573837280273,0.7936,0.99945,0.7936,0.7936,,,14.627147675132752,20000,20000,,,20000,,0.2,raw_absolute,row,raw_sensor,1.0,0.0,0.0,cyclic,Held-Out Raw Sensor CP,sensor_1,"[""sensor_0"", ""sensor_2""]"
"[""sensor_0"", ""sensor_1"", ""sensor_2""]",sensor_0,toy_spatial,0,,14.0,9.693302154541016,9.693302154541016,9.693302154541016,0.80075,1.0,0.80075,0.80075,,,19.3866043094635,20000,20000,,,20000,,0.2,raw_absolute,row,raw_sensor,1.0,0.0,0.0,cyclic,Held-Out Raw Sensor CP,sensor_2,"[""sensor_0"", ""sensor_1""]"
"[""sensor_0"", ""sensor_1"", ""sensor_2""]",sensor_0,toy_spatial,0,,14.0,1.2815515655446008,,,0.7835,0.7835,,,,,4.306087493896484,20000,0,,0.0,20000,,0.2,none,,,,,,,Fused Posterior Predictive,,"[""sensor_0"", ""sensor_1"", ""sensor_2""]"
"[""sensor_0"", ""sensor_1"", ""sensor_2""]",sensor_0,toy_spatial,0,,15.0,1.3232020139694214,1.3232020139694214,1.3232020139694214,0.79765,0.79765,,,,,4.446075304937363,20000,20000,,,20000,,0.2,model_normalized,row,reference,1.0,0.0,1.0,cyclic,Oracle Split Conformal,,"[""sensor_0"", ""sensor_1"", ""sensor_2""]"
"[""sensor_0"", ""sensor_1"", ""sensor_2""]",sensor_0,toy_spatial,0,,15.0,4.344452857971191,4.344452857971191,4.344452857971191,0.7998,0.9298,0.7998,0.7998,,,8.68890570716858,20000,20000,,,20000,,0.2,raw_absolute,row,raw_sensor,1.0,0.0,0.0,cyclic,Held-Out Raw Sensor CP,sensor_0,"[""sensor_1"", ""sensor_2""]"
"[""sensor_0"", ""sensor_1"", ""sensor_2""]",sensor_0,toy_spatial,0,,15.0,7.40123176574707,7.40123176574707,7.40123176574707,0.8045,0.99955,0.8045,0.8045,,,14.80246353340149,20000,20000,,,20000,,0.2,raw_absolute,row,raw_sensor,1.0,0.0,0.0,cyclic,Held-Out Raw Sensor CP,sensor_1,"[""sensor_0"", ""sensor_2""]"
"[""sensor_0"", ""sensor_1"", ""sensor_2""]",sensor_0,toy_spatial,0,,15.0,9.693038940429688,9.693038940429688,9.693038940429688,0.80065,1.0,0.80065,0.80065,,,19.386077882003782,20000,20000,,,20000,,0.2,raw_absolute,row,raw_sensor,1.0,0.0,0.0,cyclic,Held-Out Raw Sensor CP,sensor_2,"[""sensor_0"", ""sensor_1""]"
"[""sensor_0"", ""sensor_1"", ""sensor_2""]",sensor_0,toy_spatial,0,,15.0,1.2815515655446008,,,0.7837,0.7837,,,,,4.306126594543457,20000,0,,0.0,20000,,0.2,none,,,,,,,Fused Posterior Predictive,,"[""sensor_0"", ""sensor_1"", ""sensor_2""]"
"[""sensor_0"", ""sensor_1"", ""sensor_2""]",sensor_0,toy_spatial,0,,16.0,1.3171550035476685,1.3171550035476685,1.3171550035476685,0.7931,0.7931,,,,,4.42578378367424,20000,20000,,,20000,,0.2,model_normalized,row,reference,1.0,0.0,1.0,cyclic,Oracle Split Conformal,,"[""sensor_0"", ""sensor_1"", ""sensor_2""]"
"[""sensor_0"", ""sensor_1"", ""sensor_2""]",sensor_0,toy_spatial,0,,16.0,4.335367202758789,4.335367202758789,4.335367202758789,0.7979,0.9284,0.7979,0.7979,,,8.670734403324127,20000,20000,,,20000,,0.2,raw_absolute,row,raw_sensor,1.0,0.0,0.0,cyclic,Held-Out Raw Sensor CP,sensor_0,"[""sensor_1"", ""sensor_2""]"
"[""sensor_0"", ""sensor_1"", ""sensor_2""]",sensor_0,toy_spatial,0,,16.0,7.373542785644531,7.373542785644531,7.373542785644531,0.8015,0.9996,0.8015,0.8015,,,14.747085573530198,20000,20000,,,20000,,0.2,raw_absolute,row,raw_sensor,1.0,0.0,0.0,cyclic,Held-Out Raw Sensor CP,sensor_1,"[""sensor_0"", ""sensor_2""]"
"[""sensor_0"", ""sensor_1"", ""sensor_2""]",sensor_0,toy_spatial,0,,16.0,9.614986419677734,9.614986419677734,9.614986419677734,0.7942,1.0,0.7942,0.7942,,,19.22997284040451,20000,20000,,,20000,,0.2,raw_absolute,row,raw_sensor,1.0,0.0,0.0,cyclic,Held-Out Raw Sensor CP,sensor_2,"[""sensor_0"", ""sensor_1""]"
"[""sensor_0"", ""sensor_1"", ""sensor_2""]",sensor_0,toy_spatial,0,,16.0,1.2815515655446008,,,0.7808,0.7808,,,,,4.30615234375,20000,0,,0.0,20000,,0.2,none,,,,,,,Fused Posterior Predictive,,"[""sensor_0"", ""sensor_1"", ""sensor_2""]"
"[""sensor_0"", ""sensor_1"", ""sensor_2""]",sensor_0,toy_spatial,0,,17.0,1.3289198875427246,1.3289198875427246,1.3289198875427246,0.8018,0.8018,,,,,4.466429406380653,20000,20000,,,20000,,0.2,model_normalized,row,reference,1.0,0.0,1.0,cyclic,Oracle Split Conformal,,"[""sensor_0"", ""sensor_1"", ""sensor_2""]"
"[""sensor_0"", ""sensor_1"", ""sensor_2""]",sensor_0,toy_spatial,0,,17.0,4.345035552978516,4.345035552978516,4.345035552978516,0.8,0.93035,0.8,0.8,,,8.69007110824585,20000,20000,,,20000,,0.2,raw_absolute,row,raw_sensor,1.0,0.0,0.0,cyclic,Held-Out Raw Sensor CP,sensor_0,"[""sensor_1"", ""sensor_2""]"
"[""sensor_0"", ""sensor_1"", ""sensor_2""]",sensor_0,toy_spatial,0,,17.0,7.403474807739258,7.403474807739258,7.403474807739258,0.80495,0.99965,0.80495,0.80495,,,14.806949613618851,20000,20000,,,20000,,0.2,raw_absolute,row,raw_sensor,1.0,0.0,0.0,cyclic,Held-Out Raw Sensor CP,sensor_1,"[""sensor_0"", ""sensor_2""]"
"[""sensor_0"", ""sensor_1"", ""sensor_2""]",sensor_0,toy_spatial,0,,17.0,9.723421096801758,9.723421096801758,9.723421096801758,0.80335,1.0,0.80335,0.80335,,,19.44684219436645,20000,20000,,,20000,,0.2,raw_absolute,row,raw_sensor,1.0,0.0,0.0,cyclic,Held-Out Raw Sensor CP,sensor_2,"[""sensor_0"", ""sensor_1""]"
"[""sensor_0"", ""sensor_1"", ""sensor_2""]",sensor_0,toy_spatial,0,,17.0,1.2815515655446008,,,0.7857,0.7857,,,,,4.30722713470459,20000,0,,0.0,20000,,0.2,none,,,,,,,Fused Posterior Predictive,,"[""sensor_0"", ""sensor_1"", ""sensor_2""]"
"[""sensor_0"", ""sensor_1"", ""sensor_2""]",sensor_0,toy_spatial,0,,18.0,1.3261271715164185,1.3261271715164185,1.3261271715164185,0.7993,0.7993,,,,,4.456688126826286,20000,20000,,,20000,,0.2,model_normalized,row,reference,1.0,0.0,1.0,cyclic,Oracle Split Conformal,,"[""sensor_0"", ""sensor_1"", ""sensor_2""]"
"[""sensor_0"", ""sensor_1"", ""sensor_2""]",sensor_0,toy_spatial,0,,18.0,4.324497222900391,4.324497222900391,4.324497222900391,0.79555,0.92805,0.79555,0.79555,,,8.648994446516037,20000,20000,,,20000,,0.2,raw_absolute,row,raw_sensor,1.0,0.0,0.0,cyclic,Held-Out Raw Sensor CP,sensor_0,"[""sensor_1"", ""sensor_2""]"
"[""sensor_0"", ""sensor_1"", ""sensor_2""]",sensor_0,toy_spatial,0,,18.0,7.300773620605469,7.300773620605469,7.300773620605469,0.79185,0.9993,0.79185,0.79185,,,14.601547238826752,20000,20000,,,20000,,0.2,raw_absolute,row,raw_sensor,1.0,0.0,0.0,cyclic,Held-Out Raw Sensor CP,sensor_1,"[""sensor_0"", ""sensor_2""]"
"[""sensor_0"", ""sensor_1"", ""sensor_2""]",sensor_0,toy_spatial,0,,18.0,9.669092178344728,9.669092178344728,9.669092178344728,0.7989,1.0,0.7989,0.7989,,,19.338184355258942,20000,20000,,,20000,,0.2,raw_absolute,row,raw_sensor,1.0,0.0,0.0,cyclic,Held-Out Raw Sensor CP,sensor_2,"[""sensor_0"", ""sensor_1""]"
"[""sensor_0"", ""sensor_1"", ""sensor_2""]",sensor_0,toy_spatial,0,,18.0,1.2815515655446008,,,0.78475,0.78475,,,,,4.306883811950684,20000,0,,0.0,20000,,0.2,none,,,,,,,Fused Posterior Predictive,,"[""sensor_0"", ""sensor_1"", ""sensor_2""]"
"[""sensor_0"", ""sensor_1"", ""sensor_2""]",sensor_0,toy_spatial,0,,19.0,1.3235039710998535,1.3235039710998535,1.3235039710998535,0.7977,0.7977,,,,,4.447735980033874,20000,20000,,,20000,,0.2,model_normalized,row,reference,1.0,0.0,1.0,cyclic,Oracle Split Conformal,,"[""sensor_0"", ""sensor_1"", ""sensor_2""]"
"[""sensor_0"", ""sensor_1"", ""sensor_2""]",sensor_0,toy_spatial,0,,19.0,4.358606338500977,4.358606338500977,4.358606338500977,0.8028,0.9295,0.8028,0.8028,,,8.717212673950195,20000,20000,,,20000,,0.2,raw_absolute,row,raw_sensor,1.0,0.0,0.0,cyclic,Held-Out Raw Sensor CP,sensor_0,"[""sensor_1"", ""sensor_2""]"
"[""sensor_0"", ""sensor_1"", ""sensor_2""]",sensor_0,toy_spatial,0,,19.0,7.392972946166992,7.392972946166992,7.392972946166992,0.80345,0.9996,0.80345,0.80345,,,14.78594589061737,20000,20000,,,20000,,0.2,raw_absolute,row,raw_sensor,1.0,0.0,0.0,cyclic,Held-Out Raw Sensor CP,sensor_1,"[""sensor_0"", ""sensor_2""]"
"[""sensor_0"", ""sensor_1"", ""sensor_2""]",sensor_0,toy_spatial,0,,19.0,9.642990112304688,9.642990112304688,9.642990112304688,0.7966,1.0,0.7966,0.7966,,,19.28598022384644,20000,20000,,,20000,,0.2,raw_absolute,row,raw_sensor,1.0,0.0,0.0,cyclic,Held-Out Raw Sensor CP,sensor_2,"[""sensor_0"", ""sensor_1""]"
"[""sensor_0"", ""sensor_1"", ""sensor_2""]",sensor_0,toy_spatial,0,,19.0,1.2815515655446008,,,0.78355,0.78355,,,,,4.306751728057861,20000,0,,0.0,20000,,0.2,none,,,,,,,Fused Posterior Predictive,,"[""sensor_0"", ""sensor_1"", ""sensor_2""]"
"[""sensor_0"", ""sensor_1"", ""sensor_2""]",sensor_0,toy_spatial,0,,20.0,1.3237929344177246,1.3237929344177246,1.3237929344177246,0.7978,0.7978,,,,,4.448313310194015,20000,20000,,,20000,,0.2,model_normalized,row,reference,1.0,0.0,1.0,cyclic,Oracle Split Conformal,,"[""sensor_0"", ""sensor_1"", ""sensor_2""]"
"[""sensor_0"", ""sensor_1"", ""sensor_2""]",sensor_0,toy_spatial,0,,20.0,4.3171491622924805,4.3171491622924805,4.3171491622924805,0.79405,0.9273,0.79405,0.79405,,,8.634298335886001,20000,20000,,,20000,,0.2,raw_absolute,row,raw_sensor,1.0,0.0,0.0,cyclic,Held-Out Raw Sensor CP,sensor_0,"[""sensor_1"", ""sensor_2""]"
"[""sensor_0"", ""sensor_1"", ""sensor_2""]",sensor_0,toy_spatial,0,,20.0,7.337560653686523,7.337560653686523,7.337560653686523,0.7968,0.9995,0.7968,0.7968,,,14.675121303749084,20000,20000,,,20000,,0.2,raw_absolute,row,raw_sensor,1.0,0.0,0.0,cyclic,Held-Out Raw Sensor CP,sensor_1,"[""sensor_0"", ""sensor_2""]"
"[""sensor_0"", ""sensor_1"", ""sensor_2""]",sensor_0,toy_spatial,0,,20.0,9.622152328491213,9.622152328491213,9.622152328491213,0.7947,1.0,0.7947,0.7947,,,19.24430465564728,20000,20000,,,20000,,0.2,raw_absolute,row,raw_sensor,1.0,0.0,0.0,cyclic,Held-Out Raw Sensor CP,sensor_2,"[""sensor_0"", ""sensor_1""]"
"[""sensor_0"", ""sensor_1"", ""sensor_2""]",sensor_0,toy_spatial,0,,20.0,1.2815515655446008,,,0.78435,0.78435,,,,,4.306370258331299,20000,0,,0.0,20000,,0.2,none,,,,,,,Fused Posterior Predictive,,"[""sensor_0"", ""sensor_1"", ""sensor_2""]"
"[""sensor_0"", ""sensor_1"", ""sensor_2""]",sensor_0,toy_spatial,0,,21.0,1.3261271715164185,1.3261271715164185,1.3261271715164185,0.7993,0.7993,,,,,4.456698054218292,20000,20000,,,20000,,0.2,model_normalized,row,reference,1.0,0.0,1.0,cyclic,Oracle Split Conformal,,"[""sensor_0"", ""sensor_1"", ""sensor_2""]"
"[""sensor_0"", ""sensor_1"", ""sensor_2""]",sensor_0,toy_spatial,0,,21.0,4.320672035217285,4.320672035217285,4.320672035217285,0.7948,0.92545,0.7948,0.7948,,,8.641344057703018,20000,20000,,,20000,,0.2,raw_absolute,row,raw_sensor,1.0,0.0,0.0,cyclic,Held-Out Raw Sensor CP,sensor_0,"[""sensor_1"", ""sensor_2""]"
"[""sensor_0"", ""sensor_1"", ""sensor_2""]",sensor_0,toy_spatial,0,,21.0,7.366082191467285,7.366082191467285,7.366082191467285,0.80065,0.99955,0.80065,0.80065,,,14.732164375782013,20000,20000,,,20000,,0.2,raw_absolute,row,raw_sensor,1.0,0.0,0.0,cyclic,Held-Out Raw Sensor CP,sensor_1,"[""sensor_0"", ""sensor_2""]"
"[""sensor_0"", ""sensor_1"", ""sensor_2""]",sensor_0,toy_spatial,0,,21.0,9.77327823638916,9.77327823638916,9.77327823638916,0.807,1.0,0.807,0.807,,,19.546556465435028,20000,20000,,,20000,,0.2,raw_absolute,row,raw_sensor,1.0,0.0,0.0,cyclic,Held-Out Raw Sensor CP,sensor_2,"[""sensor_0"", ""sensor_1""]"
"[""sensor_0"", ""sensor_1"", ""sensor_2""]",sensor_0,toy_spatial,0,,21.0,1.2815515655446008,,,0.78465,0.78465,,,,,4.306893825531006,20000,0,,0.0,20000,,0.2,none,,,,,,,Fused Posterior Predictive,,"[""sensor_0"", ""sensor_1"", ""sensor_2""]"
"[""sensor_0"", ""sensor_1"", ""sensor_2""]",sensor_0,toy_spatial,0,,22.0,1.322900414466858,1.322900414466858,1.322900414466858,0.7974,0.7974,,,,,4.445218369102478,20000,20000,,,20000,,0.2,model_normalized,row,reference,1.0,0.0,1.0,cyclic,Oracle Split Conformal,,"[""sensor_0"", ""sensor_1"", ""sensor_2""]"
"[""sensor_0"", ""sensor_1"", ""sensor_2""]",sensor_0,toy_spatial,0,,22.0,4.323840618133545,4.323840618133545,4.323840618133545,0.7954,0.9274,0.7954,0.7954,,,8.647681672143936,20000,20000,,,20000,,0.2,raw_absolute,row,raw_sensor,1.0,0.0,0.0,cyclic,Held-Out Raw Sensor CP,sensor_0,"[""sensor_1"", ""sensor_2""]"
"[""sensor_0"", ""sensor_1"", ""sensor_2""]",sensor_0,toy_spatial,0,,22.0,7.310941696166992,7.310941696166992,7.310941696166992,0.79315,0.99935,0.79315,0.79315,,,14.621883392333984,20000,20000,,,20000,,0.2,raw_absolute,row,raw_sensor,1.0,0.0,0.0,cyclic,Held-Out Raw Sensor CP,sensor_1,"[""sensor_0"", ""sensor_2""]"
"[""sensor_0"", ""sensor_1"", ""sensor_2""]",sensor_0,toy_spatial,0,,22.0,9.7114896774292,9.7114896774292,9.7114896774292,0.8024,1.0,0.8024,0.8024,,,19.422979358768465,20000,20000,,,20000,,0.2,raw_absolute,row,raw_sensor,1.0,0.0,0.0,cyclic,Held-Out Raw Sensor CP,sensor_2,"[""sensor_0"", ""sensor_1""]"
"[""sensor_0"", ""sensor_1"", ""sensor_2""]",sensor_0,toy_spatial,0,,22.0,1.2815515655446008,,,0.7838,0.7838,,,,,4.306277751922607,20000,0,,0.0,20000,,0.2,none,,,,,,,Fused Posterior Predictive,,"[""sensor_0"", ""sensor_1"", ""sensor_2""]"
"[""sensor_0"", ""sensor_1"", ""sensor_2""]",sensor_0,toy_spatial,0,,23.0,1.3322246074676514,1.3322246074676514,1.3322246074676514,0.8042,0.8042,,,,,4.47739430809021,20000,20000,,,20000,,0.2,model_normalized,row,reference,1.0,0.0,1.0,cyclic,Oracle Split Conformal,,"[""sensor_0"", ""sensor_1"", ""sensor_2""]"
"[""sensor_0"", ""sensor_1"", ""sensor_2""]",sensor_0,toy_spatial,0,,23.0,4.317163467407227,4.317163467407227,4.317163467407227,0.79415,0.9286,0.79415,0.79415,,,8.634326932621002,20000,20000,,,20000,,0.2,raw_absolute,row,raw_sensor,1.0,0.0,0.0,cyclic,Held-Out Raw Sensor CP,sensor_0,"[""sensor_1"", ""sensor_2""]"
"[""sensor_0"", ""sensor_1"", ""sensor_2""]",sensor_0,toy_spatial,0,,23.0,7.367311477661133,7.367311477661133,7.367311477661133,0.80085,0.9996,0.80085,0.80085,,,14.734622955083848,20000,20000,,,20000,,0.2,raw_absolute,row,raw_sensor,1.0,0.0,0.0,cyclic,Held-Out Raw Sensor CP,sensor_1,"[""sensor_0"", ""sensor_2""]"
"[""sensor_0"", ""sensor_1"", ""sensor_2""]",sensor_0,toy_spatial,0,,23.0,9.7841796875,9.7841796875,9.7841796875,0.80805,1.0,0.80805,0.80805,,,19.568359374332427,20000,20000,,,20000,,0.2,raw_absolute,row,raw_sensor,1.0,0.0,0.0,cyclic,Held-Out Raw Sensor CP,sensor_2,"[""sensor_0"", ""sensor_1""]"
"[""sensor_0"", ""sensor_1"", ""sensor_2""]",sensor_0,toy_spatial,0,,23.0,1.2815515655446008,,,0.78705,0.78705,,,,,4.3070902824401855,20000,0,,0.0,20000,,0.2,none,,,,,,,Fused Posterior Predictive,,"[""sensor_0"", ""sensor_1"", ""sensor_2""]"
"[""sensor_0"", ""sensor_1"", ""sensor_2""]",sensor_0,toy_spatial,0,,24.0,1.311088800430298,1.311088800430298,1.311088800430298,0.78935,0.78935,,,,,4.405658437561989,20000,20000,,,20000,,0.2,model_normalized,row,reference,1.0,0.0,1.0,cyclic,Oracle Split Conformal,,"[""sensor_0"", ""sensor_1"", ""sensor_2""]"
"[""sensor_0"", ""sensor_1"", ""sensor_2""]",sensor_0,toy_spatial,0,,24.0,4.326123237609863,4.326123237609863,4.326123237609863,0.796,0.9303,0.796,0.796,,,8.65224646382332,20000,20000,,,20000,,0.2,raw_absolute,row,raw_sensor,1.0,0.0,0.0,cyclic,Held-Out Raw Sensor CP,sensor_0,"[""sensor_1"", ""sensor_2""]"
"[""sensor_0"", ""sensor_1"", ""sensor_2""]",sensor_0,toy_spatial,0,,24.0,7.332403182983398,7.332403182983398,7.332403182983398,0.796,0.9997,0.796,0.796,,,14.664806362867356,20000,20000,,,20000,,0.2,raw_absolute,row,raw_sensor,1.0,0.0,0.0,cyclic,Held-Out Raw Sensor CP,sensor_1,"[""sensor_0"", ""sensor_2""]"
"[""sensor_0"", ""sensor_1"", ""sensor_2""]",sensor_0,toy_spatial,0,,24.0,9.773929595947266,9.773929595947266,9.773929595947266,0.80715,1.0,0.80715,0.80715,,,19.54785919275284,20000,20000,,,20000,,0.2,raw_absolute,row,raw_sensor,1.0,0.0,0.0,cyclic,Held-Out Raw Sensor CP,sensor_2,"[""sensor_0"", ""sensor_1""]"
"[""sensor_0"", ""sensor_1"", ""sensor_2""]",sensor_0,toy_spatial,0,,24.0,1.2815515655446008,,,0.77975,0.77975,,,,,4.306404113769531,20000,0,,0.0,20000,,0.2,none,,,,,,,Fused Posterior Predictive,,"[""sensor_0"", ""sensor_1"", ""sensor_2""]"
"[""sensor_0"", ""sensor_1"", ""sensor_2""]",sensor_0,toy_spatial,0,,25.0,1.3306238651275637,1.3306238651275637,1.3306238651275637,0.80315,0.80315,,,,,4.471600289654732,20000,20000,,,20000,,0.2,model_normalized,row,reference,1.0,0.0,1.0,cyclic,Oracle Split Conformal,,"[""sensor_0"", ""sensor_1"", ""sensor_2""]"
"[""sensor_0"", ""sensor_1"", ""sensor_2""]",sensor_0,toy_spatial,0,,25.0,4.35707950592041,4.35707950592041,4.35707950592041,0.80255,0.93345,0.80255,0.80255,,,8.714158992767334,20000,20000,,,20000,,0.2,raw_absolute,row,raw_sensor,1.0,0.0,0.0,cyclic,Held-Out Raw Sensor CP,sensor_0,"[""sensor_1"", ""sensor_2""]"
"[""sensor_0"", ""sensor_1"", ""sensor_2""]",sensor_0,toy_spatial,0,,25.0,7.392091751098633,7.392091751098633,7.392091751098633,0.8033,0.99945,0.8033,0.8033,,,14.78418349957466,20000,20000,,,20000,,0.2,raw_absolute,row,raw_sensor,1.0,0.0,0.0,cyclic,Held-Out Raw Sensor CP,sensor_1,"[""sensor_0"", ""sensor_2""]"
"[""sensor_0"", ""sensor_1"", ""sensor_2""]",sensor_0,toy_spatial,0,,25.0,9.687772750854492,9.687772750854492,9.687772750854492,0.80005,1.0,0.80005,0.80005,,,19.37554550294876,20000,20000,,,20000,,0.2,raw_absolute,row,raw_sensor,1.0,0.0,0.0,cyclic,Held-Out Raw Sensor CP,sensor_2,"[""sensor_0"", ""sensor_1""]"
"[""sensor_0"", ""sensor_1"", ""sensor_2""]",sensor_0,toy_spatial,0,,25.0,1.2815515655446008,,,0.7859,0.7859,,,,,4.3066911697387695,20000,0,,0.0,20000,,0.2,none,,,,,,,Fused Posterior Predictive,,"[""sensor_0"", ""sensor_1"", ""sensor_2""]"
"[""sensor_0"", ""sensor_1"", ""sensor_2""]",sensor_0,toy_spatial,0,,26.0,1.3266936540603638,1.3266936540603638,1.3266936540603638,0.7999,0.7999,,,,,4.458283823776245,20000,20000,,,20000,,0.2,model_normalized,row,reference,1.0,0.0,1.0,cyclic,Oracle Split Conformal,,"[""sensor_0"", ""sensor_1"", ""sensor_2""]"
"[""sensor_0"", ""sensor_1"", ""sensor_2""]",sensor_0,toy_spatial,0,,26.0,4.364620208740234,4.364620208740234,4.364620208740234,0.80375,0.92985,0.80375,0.80375,,,8.729240421676636,20000,20000,,,20000,,0.2,raw_absolute,row,raw_sensor,1.0,0.0,0.0,cyclic,Held-Out Raw Sensor CP,sensor_0,"[""sensor_1"", ""sensor_2""]"
"[""sensor_0"", ""sensor_1"", ""sensor_2""]",sensor_0,toy_spatial,0,,26.0,7.369219779968262,7.369219779968262,7.369219779968262,0.80105,0.9995,0.80105,0.80105,,,14.73843957362175,20000,20000,,,20000,,0.2,raw_absolute,row,raw_sensor,1.0,0.0,0.0,cyclic,Held-Out Raw Sensor CP,sensor_1,"[""sensor_0"", ""sensor_2""]"
"[""sensor_0"", ""sensor_1"", ""sensor_2""]",sensor_0,toy_spatial,0,,26.0,9.738420486450195,9.738420486450195,9.738420486450195,0.8045,1.0,0.8045,0.8045,,,19.47684097213745,20000,20000,,,20000,,0.2,raw_absolute,row,raw_sensor,1.0,0.0,0.0,cyclic,Held-Out Raw Sensor CP,sensor_2,"[""sensor_0"", ""sensor_1""]"
"[""sensor_0"", ""sensor_1"", ""sensor_2""]",sensor_0,toy_spatial,0,,26.0,1.2815515655446008,,,0.7847,0.7847,,,,,4.306585788726807,20000,0,,0.0,20000,,0.2,none,,,,,,,Fused Posterior Predictive,,"[""sensor_0"", ""sensor_1"", ""sensor_2""]"
"[""sensor_0"", ""sensor_1"", ""sensor_2""]",sensor_0,toy_spatial,0,,27.0,1.3264164924621582,1.3264164924621582,1.3264164924621582,0.7996,0.7996,,,,,4.457518021202088,20000,20000,,,20000,,0.2,model_normalized,row,reference,1.0,0.0,1.0,cyclic,Oracle Split Conformal,,"[""sensor_0"", ""sensor_1"", ""sensor_2""]"
"[""sensor_0"", ""sensor_1"", ""sensor_2""]",sensor_0,toy_spatial,0,,27.0,4.352010250091553,4.352010250091553,4.352010250091553,0.8014,0.9317,0.8014,0.8014,,,8.704020929574966,20000,20000,,,20000,,0.2,raw_absolute,row,raw_sensor,1.0,0.0,0.0,cyclic,Held-Out Raw Sensor CP,sensor_0,"[""sensor_1"", ""sensor_2""]"
"[""sensor_0"", ""sensor_1"", ""sensor_2""]",sensor_0,toy_spatial,0,,27.0,7.397151947021484,7.397151947021484,7.397151947021484,0.80415,0.99955,0.80415,0.80415,,,14.794303899383545,20000,20000,,,20000,,0.2,raw_absolute,row,raw_sensor,1.0,0.0,0.0,cyclic,Held-Out Raw Sensor CP,sensor_1,"[""sensor_0"", ""sensor_2""]"
"[""sensor_0"", ""sensor_1"", ""sensor_2""]",sensor_0,toy_spatial,0,,27.0,9.588944435119627,9.588944435119627,9.588944435119627,0.7923,1.0,0.7923,0.7923,,,19.177888864040376,20000,20000,,,20000,,0.2,raw_absolute,row,raw_sensor,1.0,0.0,0.0,cyclic,Held-Out Raw Sensor CP,sensor_2,"[""sensor_0"", ""sensor_1""]"
"[""sensor_0"", ""sensor_1"", ""sensor_2""]",sensor_0,toy_spatial,0,,27.0,1.2815515655446008,,,0.78475,0.78475,,,,,4.306746006011963,20000,0,,0.0,20000,,0.2,none,,,,,,,Fused Posterior Predictive,,"[""sensor_0"", ""sensor_1"", ""sensor_2""]"
"[""sensor_0"", ""sensor_1"", ""sensor_2""]",sensor_0,toy_spatial,0,,28.0,1.3322882652282717,1.3322882652282717,1.3322882652282717,0.8043,0.8043,,,,,4.477495273184776,20000,20000,,,20000,,0.2,model_normalized,row,reference,1.0,0.0,1.0,cyclic,Oracle Split Conformal,,"[""sensor_0"", ""sensor_1"", ""sensor_2""]"
"[""sensor_0"", ""sensor_1"", ""sensor_2""]",sensor_0,toy_spatial,0,,28.0,4.346602439880371,4.346602439880371,4.346602439880371,0.8005,0.92825,0.8005,0.8005,,,8.693204891490936,20000,20000,,,20000,,0.2,raw_absolute,row,raw_sensor,1.0,0.0,0.0,cyclic,Held-Out Raw Sensor CP,sensor_0,"[""sensor_1"", ""sensor_2""]"
"[""sensor_0"", ""sensor_1"", ""sensor_2""]",sensor_0,toy_spatial,0,,28.0,7.3286638259887695,7.3286638259887695,7.3286638259887695,0.79555,0.99955,0.79555,0.79555,,,14.65732764120102,20000,20000,,,20000,,0.2,raw_absolute,row,raw_sensor,1.0,0.0,0.0,cyclic,Held-Out Raw Sensor CP,sensor_1,"[""sensor_0"", ""sensor_2""]"
"[""sensor_0"", ""sensor_1"", ""sensor_2""]",sensor_0,toy_spatial,0,,28.0,9.613067626953123,9.613067626953123,9.613067626953123,0.794,1.0,0.794,0.794,,,19.22613525133133,20000,20000,,,20000,,0.2,raw_absolute,row,raw_sensor,1.0,0.0,0.0,cyclic,Held-Out Raw Sensor CP,sensor_2,"[""sensor_0"", ""sensor_1""]"
"[""sensor_0"", ""sensor_1"", ""sensor_2""]",sensor_0,toy_spatial,0,,28.0,1.2815515655446008,,,0.78665,0.78665,,,,,4.306981563568115,20000,0,,0.0,20000,,0.2,none,,,,,,,Fused Posterior Predictive,,"[""sensor_0"", ""sensor_1"", ""sensor_2""]"
"[""sensor_0"", ""sensor_1"", ""sensor_2""]",sensor_0,toy_spatial,0,,29.0,1.3278907537460327,1.3278907537460327,1.3278907537460327,0.80095,0.80095,,,,,4.462686781120301,20000,20000,,,20000,,0.2,model_normalized,row,reference,1.0,0.0,1.0,cyclic,Oracle Split Conformal,,"[""sensor_0"", ""sensor_1"", ""sensor_2""]"
"[""sensor_0"", ""sensor_1"", ""sensor_2""]",sensor_0,toy_spatial,0,,29.0,4.369937896728516,4.369937896728516,4.369937896728516,0.805,0.93195,0.805,0.805,,,8.739875795936584,20000,20000,,,20000,,0.2,raw_absolute,row,raw_sensor,1.0,0.0,0.0,cyclic,Held-Out Raw Sensor CP,sensor_0,"[""sensor_1"", ""sensor_2""]"
"[""sensor_0"", ""sensor_1"", ""sensor_2""]",sensor_0,toy_spatial,0,,29.0,7.329479217529297,7.329479217529297,7.329479217529297,0.79565,0.99965,0.79565,0.79565,,,14.658958435869216,20000,20000,,,20000,,0.2,raw_absolute,row,raw_sensor,1.0,0.0,0.0,cyclic,Held-Out Raw Sensor CP,sensor_1,"[""sensor_0"", ""sensor_2""]"
"[""sensor_0"", ""sensor_1"", ""sensor_2""]",sensor_0,toy_spatial,0,,29.0,9.645252227783203,9.645252227783203,9.645252227783203,0.7967,1.0,0.7967,0.7967,,,19.290504453468323,20000,20000,,,20000,,0.2,raw_absolute,row,raw_sensor,1.0,0.0,0.0,cyclic,Held-Out Raw Sensor CP,sensor_2,"[""sensor_0"", ""sensor_1""]"
"[""sensor_0"", ""sensor_1"", ""sensor_2""]",sensor_0,toy_spatial,0,,29.0,1.2815515655446008,,,0.78605,0.78605,,,,,4.306952953338623,20000,0,,0.0,20000,,0.2,none,,,,,,,Fused Posterior Predictive,,"[""sensor_0"", ""sensor_1"", ""sensor_2""]"
"[""sensor_0"", ""sensor_1"", ""sensor_2""]",sensor_0,toy_spatial,0,,30.0,1.3357545137405396,1.3357545137405396,1.3357545137405396,0.80615,0.80615,,,,,4.488270801496506,20000,20000,,,20000,,0.2,model_normalized,row,reference,1.0,0.0,1.0,cyclic,Oracle Split Conformal,,"[""sensor_0"", ""sensor_1"", ""sensor_2""]"
"[""sensor_0"", ""sensor_1"", ""sensor_2""]",sensor_0,toy_spatial,0,,30.0,4.319406509399414,4.319406509399414,4.319406509399414,0.7946,0.9286,0.7946,0.7946,,,8.638813016939164,20000,20000,,,20000,,0.2,raw_absolute,row,raw_sensor,1.0,0.0,0.0,cyclic,Held-Out Raw Sensor CP,sensor_0,"[""sensor_1"", ""sensor_2""]"
"[""sensor_0"", ""sensor_1"", ""sensor_2""]",sensor_0,toy_spatial,0,,30.0,7.36280632019043,7.36280632019043,7.36280632019043,0.7999,0.99965,0.7999,0.7999,,,14.72561263947487,20000,20000,,,20000,,0.2,raw_absolute,row,raw_sensor,1.0,0.0,0.0,cyclic,Held-Out Raw Sensor CP,sensor_1,"[""sensor_0"", ""sensor_2""]"
"[""sensor_0"", ""sensor_1"", ""sensor_2""]",sensor_0,toy_spatial,0,,30.0,9.69144058227539,9.69144058227539,9.69144058227539,0.8005,1.0,0.8005,0.8005,,,19.3828811627388,20000,20000,,,20000,,0.2,raw_absolute,row,raw_sensor,1.0,0.0,0.0,cyclic,Held-Out Raw Sensor CP,sensor_2,"[""sensor_0"", ""sensor_1""]"
"[""sensor_0"", ""sensor_1"", ""sensor_2""]",sensor_0,toy_spatial,0,,30.0,1.2815515655446008,,,0.7877,0.7877,,,,,4.306143760681152,20000,0,,0.0,20000,,0.2,none,,,,,,,Fused Posterior Predictive,,"[""sensor_0"", ""sensor_1"", ""sensor_2""]"
"[""sensor_0"", ""sensor_1"", ""sensor_2""]",sensor_0,toy_spatial,0,,31.0,1.33429217338562,1.33429217338562,1.33429217338562,0.8057,0.8057,,,,,4.483521994400024,20000,20000,,,20000,,0.2,model_normalized,row,reference,1.0,0.0,1.0,cyclic,Oracle Split Conformal,,"[""sensor_0"", ""sensor_1"", ""sensor_2""]"
"[""sensor_0"", ""sensor_1"", ""sensor_2""]",sensor_0,toy_spatial,0,,31.0,4.3522796630859375,4.3522796630859375,4.3522796630859375,0.80165,0.93075,0.80165,0.80165,,,8.70455932636261,20000,20000,,,20000,,0.2,raw_absolute,row,raw_sensor,1.0,0.0,0.0,cyclic,Held-Out Raw Sensor CP,sensor_0,"[""sensor_1"", ""sensor_2""]"
"[""sensor_0"", ""sensor_1"", ""sensor_2""]",sensor_0,toy_spatial,0,,31.0,7.365341186523437,7.365341186523437,7.365341186523437,0.80035,0.9998,0.80035,0.80035,,,14.73068237566948,20000,20000,,,20000,,0.2,raw_absolute,row,raw_sensor,1.0,0.0,0.0,cyclic,Held-Out Raw Sensor CP,sensor_1,"[""sensor_0"", ""sensor_2""]"
"[""sensor_0"", ""sensor_1"", ""sensor_2""]",sensor_0,toy_spatial,0,,31.0,9.73784065246582,9.73784065246582,9.73784065246582,0.80445,1.0,0.80445,0.80445,,,19.47568130159378,20000,20000,,,20000,,0.2,raw_absolute,row,raw_sensor,1.0,0.0,0.0,cyclic,Held-Out Raw Sensor CP,sensor_2,"[""sensor_0"", ""sensor_1""]"
"[""sensor_0"", ""sensor_1"", ""sensor_2""]",sensor_0,toy_spatial,0,,31.0,1.2815515655446008,,,0.7882,0.7882,,,,,4.306302070617676,20000,0,,0.0,20000,,0.2,none,,,,,,,Fused Posterior Predictive,,"[""sensor_0"", ""sensor_1"", ""sensor_2""]"
"[""sensor_0"", ""sensor_1"", ""sensor_2""]",sensor_0,toy_spatial,0,,32.0,1.3262776136398315,1.3262776136398315,1.3262776136398315,0.7994,0.7994,,,,,4.456626926445961,20000,20000,,,20000,,0.2,model_normalized,row,reference,1.0,0.0,1.0,cyclic,Oracle Split Conformal,,"[""sensor_0"", ""sensor_1"", ""sensor_2""]"
"[""sensor_0"", ""sensor_1"", ""sensor_2""]",sensor_0,toy_spatial,0,,32.0,4.358339309692383,4.358339309692383,4.358339309692383,0.8027,0.93155,0.8027,0.8027,,,8.71667861380577,20000,20000,,,20000,,0.2,raw_absolute,row,raw_sensor,1.0,0.0,0.0,cyclic,Held-Out Raw Sensor CP,sensor_0,"[""sensor_1"", ""sensor_2""]"
"[""sensor_0"", ""sensor_1"", ""sensor_2""]",sensor_0,toy_spatial,0,,32.0,7.408425331115723,7.408425331115723,7.408425331115723,0.8057,0.9996,0.8057,0.8057,,,14.81685064678192,20000,20000,,,20000,,0.2,raw_absolute,row,raw_sensor,1.0,0.0,0.0,cyclic,Held-Out Raw Sensor CP,sensor_1,"[""sensor_0"", ""sensor_2""]"
"[""sensor_0"", ""sensor_1"", ""sensor_2""]",sensor_0,toy_spatial,0,,32.0,9.750513076782228,9.750513076782228,9.750513076782228,0.80545,1.0,0.80545,0.80545,,,19.50102615242004,20000,20000,,,20000,,0.2,raw_absolute,row,raw_sensor,1.0,0.0,0.0,cyclic,Held-Out Raw Sensor CP,sensor_2,"[""sensor_0"", ""sensor_1""]"
"[""sensor_0"", ""sensor_1"", ""sensor_2""]",sensor_0,toy_spatial,0,,32.0,1.2815515655446008,,,0.78455,0.78455,,,,,4.306336879730225,20000,0,,0.0,20000,,0.2,none,,,,,,,Fused Posterior Predictive,,"[""sensor_0"", ""sensor_1"", ""sensor_2""]"
"[""sensor_0"", ""sensor_1"", ""sensor_2""]",sensor_0,toy_spatial,0,,33.0,1.317814826965332,1.317814826965332,1.317814826965332,0.79375,0.79375,,,,,4.428330787181855,20000,20000,,,20000,,0.2,model_normalized,row,reference,1.0,0.0,1.0,cyclic,Oracle Split Conformal,,"[""sensor_0"", ""sensor_1"", ""sensor_2""]"
"[""sensor_0"", ""sensor_1"", ""sensor_2""]",sensor_0,toy_spatial,0,,33.0,4.362321853637695,4.362321853637695,4.362321853637695,0.80325,0.9274,0.80325,0.80325,,,8.724643704748154,20000,20000,,,20000,,0.2,raw_absolute,row,raw_sensor,1.0,0.0,0.0,cyclic,Held-Out Raw Sensor CP,sensor_0,"[""sensor_1"", ""sensor_2""]"
"[""sensor_0"", ""sensor_1"", ""sensor_2""]",sensor_0,toy_spatial,0,,33.0,7.346585273742676,7.346585273742676,7.346585273742676,0.79785,0.99935,0.79785,0.79785,,,14.693170532846452,20000,20000,,,20000,,0.2,raw_absolute,row,raw_sensor,1.0,0.0,0.0,cyclic,Held-Out Raw Sensor CP,sensor_1,"[""sensor_0"", ""sensor_2""]"
"[""sensor_0"", ""sensor_1"", ""sensor_2""]",sensor_0,toy_spatial,0,,33.0,9.637445449829102,9.637445449829102,9.637445449829102,0.79625,1.0,0.79625,0.79625,,,19.27489089975357,20000,20000,,,20000,,0.2,raw_absolute,row,raw_sensor,1.0,0.0,0.0,cyclic,Held-Out Raw Sensor CP,sensor_2,"[""sensor_0"", ""sensor_1""]"
"[""sensor_0"", ""sensor_1"", ""sensor_2""]",sensor_0,toy_spatial,0,,33.0,1.2815515655446008,,,0.78225,0.78225,,,,,4.306473255157471,20000,0,,0.0,20000,,0.2,none,,,,,,,Fused Posterior Predictive,,"[""sensor_0"", ""sensor_1"", ""sensor_2""]"
"[""sensor_0"", ""sensor_1"", ""sensor_2""]",sensor_0,toy_spatial,0,,34.0,1.3162049055099487,1.3162049055099487,1.3162049055099487,0.7925,0.7925,,,,,4.422263480234146,20000,20000,,,20000,,0.2,model_normalized,row,reference,1.0,0.0,1.0,cyclic,Oracle Split Conformal,,"[""sensor_0"", ""sensor_1"", ""sensor_2""]"
"[""sensor_0"", ""sensor_1"", ""sensor_2""]",sensor_0,toy_spatial,0,,34.0,4.380411148071289,4.380411148071289,4.380411148071289,0.80735,0.93285,0.80735,0.80735,,,8.76082229065895,20000,20000,,,20000,,0.2,raw_absolute,row,raw_sensor,1.0,0.0,0.0,cyclic,Held-Out Raw Sensor CP,sensor_0,"[""sensor_1"", ""sensor_2""]"
"[""sensor_0"", ""sensor_1"", ""sensor_2""]",sensor_0,toy_spatial,0,,34.0,7.335594177246094,7.335594177246094,7.335594177246094,0.79655,0.9994,0.79655,0.79655,,,14.671188357543944,20000,20000,,,20000,,0.2,raw_absolute,row,raw_sensor,1.0,0.0,0.0,cyclic,Held-Out Raw Sensor CP,sensor_1,"[""sensor_0"", ""sensor_2""]"
"[""sensor_0"", ""sensor_1"", ""sensor_2""]",sensor_0,toy_spatial,0,,34.0,9.631952285766602,9.631952285766602,9.631952285766602,0.7957,1.0,0.7957,0.7957,,,19.26390457353592,20000,20000,,,20000,,0.2,raw_absolute,row,raw_sensor,1.0,0.0,0.0,cyclic,Held-Out Raw Sensor CP,sensor_2,"[""sensor_0"", ""sensor_1""]"
"[""sensor_0"", ""sensor_1"", ""sensor_2""]",sensor_0,toy_spatial,0,,34.0,1.2815515655446008,,,0.7815,0.7815,,,,,4.305832862854004,20000,0,,0.0,20000,,0.2,none,,,,,,,Fused Posterior Predictive,,"[""sensor_0"", ""sensor_1"", ""sensor_2""]"
"[""sensor_0"", ""sensor_1"", ""sensor_2""]",sensor_0,toy_spatial,0,,35.0,1.3289934396743774,1.3289934396743774,1.3289934396743774,0.8019,0.8019,,,,,4.465930706524849,20000,20000,,,20000,,0.2,model_normalized,row,reference,1.0,0.0,1.0,cyclic,Oracle Split Conformal,,"[""sensor_0"", ""sensor_1"", ""sensor_2""]"
"[""sensor_0"", ""sensor_1"", ""sensor_2""]",sensor_0,toy_spatial,0,,35.0,4.336211204528809,4.336211204528809,4.336211204528809,0.79815,0.9286,0.79815,0.79815,,,8.672422429609298,20000,20000,,,20000,,0.2,raw_absolute,row,raw_sensor,1.0,0.0,0.0,cyclic,Held-Out Raw Sensor CP,sensor_0,"[""sensor_1"", ""sensor_2""]"
"[""sensor_0"", ""sensor_1"", ""sensor_2""]",sensor_0,toy_spatial,0,,35.0,7.33595085144043,7.33595085144043,7.33595085144043,0.7966,0.99945,0.7966,0.7966,,,14.671901703214646,20000,20000,,,20000,,0.2,raw_absolute,row,raw_sensor,1.0,0.0,0.0,cyclic,Held-Out Raw Sensor CP,sensor_1,"[""sensor_0"", ""sensor_2""]"
"[""sensor_0"", ""sensor_1"", ""sensor_2""]",sensor_0,toy_spatial,0,,35.0,9.750411987304688,9.750411987304688,9.750411987304688,0.8054,1.0,0.8054,0.8054,,,19.500823974132537,20000,20000,,,20000,,0.2,raw_absolute,row,raw_sensor,1.0,0.0,0.0,cyclic,Held-Out Raw Sensor CP,sensor_2,"[""sensor_0"", ""sensor_1""]"
"[""sensor_0"", ""sensor_1"", ""sensor_2""]",sensor_0,toy_spatial,0,,35.0,1.2815515655446008,,,0.7848,0.7848,,,,,4.306507587432861,20000,0,,0.0,20000,,0.2,none,,,,,,,Fused Posterior Predictive,,"[""sensor_0"", ""sensor_1"", ""sensor_2""]"
"[""sensor_0"", ""sensor_1"", ""sensor_2""]",sensor_0,toy_spatial,0,,36.0,1.321792721748352,1.321792721748352,1.321792721748352,0.79655,0.79655,,,,,4.441603248214721,20000,20000,,,20000,,0.2,model_normalized,row,reference,1.0,0.0,1.0,cyclic,Oracle Split Conformal,,"[""sensor_0"", ""sensor_1"", ""sensor_2""]"
"[""sensor_0"", ""sensor_1"", ""sensor_2""]",sensor_0,toy_spatial,0,,36.0,4.341677665710449,4.341677665710449,4.341677665710449,0.79935,0.9299,0.79935,0.79935,,,8.683355336523055,20000,20000,,,20000,,0.2,raw_absolute,row,raw_sensor,1.0,0.0,0.0,cyclic,Held-Out Raw Sensor CP,sensor_0,"[""sensor_1"", ""sensor_2""]"
"[""sensor_0"", ""sensor_1"", ""sensor_2""]",sensor_0,toy_spatial,0,,36.0,7.316967964172363,7.316967964172363,7.316967964172363,0.7939,0.99945,0.7939,0.7939,,,14.6339359126091,20000,20000,,,20000,,0.2,raw_absolute,row,raw_sensor,1.0,0.0,0.0,cyclic,Held-Out Raw Sensor CP,sensor_1,"[""sensor_0"", ""sensor_2""]"
"[""sensor_0"", ""sensor_1"", ""sensor_2""]",sensor_0,toy_spatial,0,,36.0,9.69024658203125,9.69024658203125,9.69024658203125,0.80035,1.0,0.80035,0.80035,,,19.38049316368103,20000,20000,,,20000,,0.2,raw_absolute,row,raw_sensor,1.0,0.0,0.0,cyclic,Held-Out Raw Sensor CP,sensor_2,"[""sensor_0"", ""sensor_1""]"
"[""sensor_0"", ""sensor_1"", ""sensor_2""]",sensor_0,toy_spatial,0,,36.0,1.2815515655446008,,,0.78375,0.78375,,,,,4.306381702423096,20000,0,,0.0,20000,,0.2,none,,,,,,,Fused Posterior Predictive,,"[""sensor_0"", ""sensor_1"", ""sensor_2""]"
"[""sensor_0"", ""sensor_1"", ""sensor_2""]",sensor_0,toy_spatial,0,,37.0,1.3292007446289062,1.3292007446289062,1.3292007446289062,0.802,0.802,,,,,4.466651329445839,20000,20000,,,20000,,0.2,model_normalized,row,reference,1.0,0.0,1.0,cyclic,Oracle Split Conformal,,"[""sensor_0"", ""sensor_1"", ""sensor_2""]"
"[""sensor_0"", ""sensor_1"", ""sensor_2""]",sensor_0,toy_spatial,0,,37.0,4.344637870788574,4.344637870788574,4.344637870788574,0.7999,0.92955,0.7999,0.7999,,,8.689275754833222,20000,20000,,,20000,,0.2,raw_absolute,row,raw_sensor,1.0,0.0,0.0,cyclic,Held-Out Raw Sensor CP,sensor_0,"[""sensor_1"", ""sensor_2""]"
"[""sensor_0"", ""sensor_1"", ""sensor_2""]",sensor_0,toy_spatial,0,,37.0,7.374683380126953,7.374683380126953,7.374683380126953,0.8017,0.9996,0.8017,0.8017,,,14.749366762161255,20000,20000,,,20000,,0.2,raw_absolute,row,raw_sensor,1.0,0.0,0.0,cyclic,Held-Out Raw Sensor CP,sensor_1,"[""sensor_0"", ""sensor_2""]"
"[""sensor_0"", ""sensor_1"", ""sensor_2""]",sensor_0,toy_spatial,0,,37.0,9.65748405456543,9.65748405456543,9.65748405456543,0.798,1.0,0.798,0.798,,,19.314968110752105,20000,20000,,,20000,,0.2,raw_absolute,row,raw_sensor,1.0,0.0,0.0,cyclic,Held-Out Raw Sensor CP,sensor_2,"[""sensor_0"", ""sensor_1""]"
"[""sensor_0"", ""sensor_1"", ""sensor_2""]",sensor_0,toy_spatial,0,,37.0,1.2815515655446008,,,0.78625,0.78625,,,,,4.306531429290772,20000,0,,0.0,20000,,0.2,none,,,,,,,Fused Posterior Predictive,,"[""sensor_0"", ""sensor_1"", ""sensor_2""]"
"[""sensor_0"", ""sensor_1"", ""sensor_2""]",sensor_0,toy_spatial,0,,38.0,1.3293858766555786,1.3293858766555786,1.3293858766555786,0.80205,0.80205,,,,,4.466990221738815,20000,20000,,,20000,,0.2,model_normalized,row,reference,1.0,0.0,1.0,cyclic,Oracle Split Conformal,,"[""sensor_0"", ""sensor_1"", ""sensor_2""]"
"[""sensor_0"", ""sensor_1"", ""sensor_2""]",sensor_0,toy_spatial,0,,38.0,4.332237243652344,4.332237243652344,4.332237243652344,0.7973,0.92895,0.7973,0.7973,,,8.664474495029449,20000,20000,,,20000,,0.2,raw_absolute,row,raw_sensor,1.0,0.0,0.0,cyclic,Held-Out Raw Sensor CP,sensor_0,"[""sensor_1"", ""sensor_2""]"
"[""sensor_0"", ""sensor_1"", ""sensor_2""]",sensor_0,toy_spatial,0,,38.0,7.381613731384277,7.381613731384277,7.381613731384277,0.8023,0.9996,0.8023,0.8023,,,14.763227471876144,20000,20000,,,20000,,0.2,raw_absolute,row,raw_sensor,1.0,0.0,0.0,cyclic,Held-Out Raw Sensor CP,sensor_1,"[""sensor_0"", ""sensor_2""]"
"[""sensor_0"", ""sensor_1"", ""sensor_2""]",sensor_0,toy_spatial,0,,38.0,9.791020393371582,9.791020393371582,9.791020393371582,0.8091,1.0,0.8091,0.8091,,,19.582040789031986,20000,20000,,,20000,,0.2,raw_absolute,row,raw_sensor,1.0,0.0,0.0,cyclic,Held-Out Raw Sensor CP,sensor_2,"[""sensor_0"", ""sensor_1""]"
"[""sensor_0"", ""sensor_1"", ""sensor_2""]",sensor_0,toy_spatial,0,,38.0,1.2815515655446008,,,0.78685,0.78685,,,,,4.306257724761963,20000,0,,0.0,20000,,0.2,none,,,,,,,Fused Posterior Predictive,,"[""sensor_0"", ""sensor_1"", ""sensor_2""]"
"[""sensor_0"", ""sensor_1"", ""sensor_2""]",sensor_0,toy_spatial,0,,39.0,1.3330738544464111,1.3330738544464111,1.3330738544464111,0.805,0.805,,,,,4.480269462347031,20000,20000,,,20000,,0.2,model_normalized,row,reference,1.0,0.0,1.0,cyclic,Oracle Split Conformal,,"[""sensor_0"", ""sensor_1"", ""sensor_2""]"
"[""sensor_0"", ""sensor_1"", ""sensor_2""]",sensor_0,toy_spatial,0,,39.0,4.341541290283203,4.341541290283203,4.341541290283203,0.7992,0.92825,0.7992,0.7992,,,8.68308258190155,20000,20000,,,20000,,0.2,raw_absolute,row,raw_sensor,1.0,0.0,0.0,cyclic,Held-Out Raw Sensor CP,sensor_0,"[""sensor_1"", ""sensor_2""]"
"[""sensor_0"", ""sensor_1"", ""sensor_2""]",sensor_0,toy_spatial,0,,39.0,7.324992179870605,7.324992179870605,7.324992179870605,0.7949,0.9994,0.7949,0.7949,,,14.649984368133545,20000,20000,,,20000,,0.2,raw_absolute,row,raw_sensor,1.0,0.0,0.0,cyclic,Held-Out Raw Sensor CP,sensor_1,"[""sensor_0"", ""sensor_2""]"
"[""sensor_0"", ""sensor_1"", ""sensor_2""]",sensor_0,toy_spatial,0,,39.0,9.70018196105957,9.70018196105957,9.70018196105957,0.80145,1.0,0.80145,0.80145,,,19.40036392059326,20000,20000,,,20000,,0.2,raw_absolute,row,raw_sensor,1.0,0.0,0.0,cyclic,Held-Out Raw Sensor CP,sensor_2,"[""sensor_0"", ""sensor_1""]"
"[""sensor_0"", ""sensor_1"", ""sensor_2""]",sensor_0,toy_spatial,0,,39.0,1.2815515655446008,,,0.7876,0.7876,,,,,4.30711030960083,20000,0,,0.0,20000,,0.2,none,,,,,,,Fused Posterior Predictive,,"[""sensor_0"", ""sensor_1"", ""sensor_2""]"
"[""sensor_0"", ""sensor_1"", ""sensor_2""]",sensor_0,toy_spatial,0,,40.0,1.3413652181625366,1.3413652181625366,1.3413652181625366,0.8102,0.8102,,,,,4.507322113204002,20000,20000,,,20000,,0.2,model_normalized,row,reference,1.0,0.0,1.0,cyclic,Oracle Split Conformal,,"[""sensor_0"", ""sensor_1"", ""sensor_2""]"
"[""sensor_0"", ""sensor_1"", ""sensor_2""]",sensor_0,toy_spatial,0,,40.0,4.382001876831055,4.382001876831055,4.382001876831055,0.8076,0.9342,0.8076,0.8076,,,8.764003752994537,20000,20000,,,20000,,0.2,raw_absolute,row,raw_sensor,1.0,0.0,0.0,cyclic,Held-Out Raw Sensor CP,sensor_0,"[""sensor_1"", ""sensor_2""]"
"[""sensor_0"", ""sensor_1"", ""sensor_2""]",sensor_0,toy_spatial,0,,40.0,7.328380584716797,7.328380584716797,7.328380584716797,0.79545,0.9994,0.79545,0.79545,,,14.656761174869535,20000,20000,,,20000,,0.2,raw_absolute,row,raw_sensor,1.0,0.0,0.0,cyclic,Held-Out Raw Sensor CP,sensor_1,"[""sensor_0"", ""sensor_2""]"
"[""sensor_0"", ""sensor_1"", ""sensor_2""]",sensor_0,toy_spatial,0,,40.0,9.697257995605469,9.697257995605469,9.697257995605469,0.8011,1.0,0.8011,0.8011,,,19.39451599349976,20000,20000,,,20000,,0.2,raw_absolute,row,raw_sensor,1.0,0.0,0.0,cyclic,Held-Out Raw Sensor CP,sensor_2,"[""sensor_0"", ""sensor_1""]"
"[""sensor_0"", ""sensor_1"", ""sensor_2""]",sensor_0,toy_spatial,0,,40.0,1.2815515655446008,,,0.79085,0.79085,,,,,4.306333541870117,20000,0,,0.0,20000,,0.2,none,,,,,,,Fused Posterior Predictive,,"[""sensor_0"", ""sensor_1"", ""sensor_2""]"
"[""sensor_0"", ""sensor_1"", ""sensor_2""]",sensor_0,toy_spatial,0,,41.0,1.3190428018569946,1.3190428018569946,1.3190428018569946,0.79465,0.79465,,,,,4.432812975811959,20000,20000,,,20000,,0.2,model_normalized,row,reference,1.0,0.0,1.0,cyclic,Oracle Split Conformal,,"[""sensor_0"", ""sensor_1"", ""sensor_2""]"
"[""sensor_0"", ""sensor_1"", ""sensor_2""]",sensor_0,toy_spatial,0,,41.0,4.353665351867676,4.353665351867676,4.353665351867676,0.8018,0.9311,0.8018,0.8018,,,8.707330688762665,20000,20000,,,20000,,0.2,raw_absolute,row,raw_sensor,1.0,0.0,0.0,cyclic,Held-Out Raw Sensor CP,sensor_0,"[""sensor_1"", ""sensor_2""]"
"[""sensor_0"", ""sensor_1"", ""sensor_2""]",sensor_0,toy_spatial,0,,41.0,7.33121395111084,7.33121395111084,7.33121395111084,0.79585,0.9994,0.79585,0.79585,,,14.662427906465531,20000,20000,,,20000,,0.2,raw_absolute,row,raw_sensor,1.0,0.0,0.0,cyclic,Held-Out Raw Sensor CP,sensor_1,"[""sensor_0"", ""sensor_2""]"
"[""sensor_0"", ""sensor_1"", ""sensor_2""]",sensor_0,toy_spatial,0,,41.0,9.623075485229492,9.623075485229492,9.623075485229492,0.7949,1.0,0.7949,0.7949,,,19.246150970554357,20000,20000,,,20000,,0.2,raw_absolute,row,raw_sensor,1.0,0.0,0.0,cyclic,Held-Out Raw Sensor CP,sensor_2,"[""sensor_0"", ""sensor_1""]"
"[""sensor_0"", ""sensor_1"", ""sensor_2""]",sensor_0,toy_spatial,0,,41.0,1.2815515655446008,,,0.78205,0.78205,,,,,4.306818962097168,20000,0,,0.0,20000,,0.2,none,,,,,,,Fused Posterior Predictive,,"[""sensor_0"", ""sensor_1"", ""sensor_2""]"
"[""sensor_0"", ""sensor_1"", ""sensor_2""]",sensor_0,toy_spatial,0,,42.0,1.329098105430603,1.329098105430603,1.329098105430603,0.80195,0.80195,,,,,4.465867814946175,20000,20000,,,20000,,0.2,model_normalized,row,reference,1.0,0.0,1.0,cyclic,Oracle Split Conformal,,"[""sensor_0"", ""sensor_1"", ""sensor_2""]"
"[""sensor_0"", ""sensor_1"", ""sensor_2""]",sensor_0,toy_spatial,0,,42.0,4.348325729370117,4.348325729370117,4.348325729370117,0.80075,0.93045,0.80075,0.80075,,,8.696651454591752,20000,20000,,,20000,,0.2,raw_absolute,row,raw_sensor,1.0,0.0,0.0,cyclic,Held-Out Raw Sensor CP,sensor_0,"[""sensor_1"", ""sensor_2""]"
"[""sensor_0"", ""sensor_1"", ""sensor_2""]",sensor_0,toy_spatial,0,,42.0,7.357857704162598,7.357857704162598,7.357857704162598,0.7994,0.9996,0.7994,0.7994,,,14.715715394210816,20000,20000,,,20000,,0.2,raw_absolute,row,raw_sensor,1.0,0.0,0.0,cyclic,Held-Out Raw Sensor CP,sensor_1,"[""sensor_0"", ""sensor_2""]"
"[""sensor_0"", ""sensor_1"", ""sensor_2""]",sensor_0,toy_spatial,0,,42.0,9.63331413269043,9.63331413269043,9.63331413269043,0.79595,1.0,0.79595,0.79595,,,19.2666282661438,20000,20000,,,20000,,0.2,raw_absolute,row,raw_sensor,1.0,0.0,0.0,cyclic,Held-Out Raw Sensor CP,sensor_2,"[""sensor_0"", ""sensor_1""]"
"[""sensor_0"", ""sensor_1"", ""sensor_2""]",sensor_0,toy_spatial,0,,42.0,1.2815515655446008,,,0.7853,0.7853,,,,,4.306107997894287,20000,0,,0.0,20000,,0.2,none,,,,,,,Fused Posterior Predictive,,"[""sensor_0"", ""sensor_1"", ""sensor_2""]"
"[""sensor_0"", ""sensor_1"", ""sensor_2""]",sensor_0,toy_spatial,0,,43.0,1.326618790626526,1.326618790626526,1.326618790626526,0.79975,0.79975,,,,,4.458381072258949,20000,20000,,,20000,,0.2,model_normalized,row,reference,1.0,0.0,1.0,cyclic,Oracle Split Conformal,,"[""sensor_0"", ""sensor_1"", ""sensor_2""]"
"[""sensor_0"", ""sensor_1"", ""sensor_2""]",sensor_0,toy_spatial,0,,43.0,4.365056991577148,4.365056991577148,4.365056991577148,0.80385,0.9307,0.80385,0.80385,,,8.730113979625703,20000,20000,,,20000,,0.2,raw_absolute,row,raw_sensor,1.0,0.0,0.0,cyclic,Held-Out Raw Sensor CP,sensor_0,"[""sensor_1"", ""sensor_2""]"
"[""sensor_0"", ""sensor_1"", ""sensor_2""]",sensor_0,toy_spatial,0,,43.0,7.336854934692383,7.336854934692383,7.336854934692383,0.79675,0.9995,0.79675,0.79675,,,14.673709868574145,20000,20000,,,20000,,0.2,raw_absolute,row,raw_sensor,1.0,0.0,0.0,cyclic,Held-Out Raw Sensor CP,sensor_1,"[""sensor_0"", ""sensor_2""]"
"[""sensor_0"", ""sensor_1"", ""sensor_2""]",sensor_0,toy_spatial,0,,43.0,9.632326126098633,9.632326126098633,9.632326126098633,0.7958,1.0,0.7958,0.7958,,,19.264652251148224,20000,20000,,,20000,,0.2,raw_absolute,row,raw_sensor,1.0,0.0,0.0,cyclic,Held-Out Raw Sensor CP,sensor_2,"[""sensor_0"", ""sensor_1""]"
"[""sensor_0"", ""sensor_1"", ""sensor_2""]",sensor_0,toy_spatial,0,,43.0,1.2815515655446008,,,0.78455,0.78455,,,,,4.306923389434815,20000,0,,0.0,20000,,0.2,none,,,,,,,Fused Posterior Predictive,,"[""sensor_0"", ""sensor_1"", ""sensor_2""]"
"[""sensor_0"", ""sensor_1"", ""sensor_2""]",sensor_0,toy_spatial,0,,44.0,1.3306238651275637,1.3306238651275637,1.3306238651275637,0.80315,0.80315,,,,,4.471189716172218,20000,20000,,,20000,,0.2,model_normalized,row,reference,1.0,0.0,1.0,cyclic,Oracle Split Conformal,,"[""sensor_0"", ""sensor_1"", ""sensor_2""]"
"[""sensor_0"", ""sensor_1"", ""sensor_2""]",sensor_0,toy_spatial,0,,44.0,4.342716217041016,4.342716217041016,4.342716217041016,0.7995,0.93095,0.7995,0.7995,,,8.68543243637085,20000,20000,,,20000,,0.2,raw_absolute,row,raw_sensor,1.0,0.0,0.0,cyclic,Held-Out Raw Sensor CP,sensor_0,"[""sensor_1"", ""sensor_2""]"
"[""sensor_0"", ""sensor_1"", ""sensor_2""]",sensor_0,toy_spatial,0,,44.0,7.310755729675293,7.310755729675293,7.310755729675293,0.79305,0.99935,0.79305,0.79305,,,14.621511467123032,20000,20000,,,20000,,0.2,raw_absolute,row,raw_sensor,1.0,0.0,0.0,cyclic,Held-Out Raw Sensor CP,sensor_1,"[""sensor_0"", ""sensor_2""]"
"[""sensor_0"", ""sensor_1"", ""sensor_2""]",sensor_0,toy_spatial,0,,44.0,9.767337799072266,9.767337799072266,9.767337799072266,0.80645,1.0,0.80645,0.80645,,,19.534675598526,20000,20000,,,20000,,0.2,raw_absolute,row,raw_sensor,1.0,0.0,0.0,cyclic,Held-Out Raw Sensor CP,sensor_2,"[""sensor_0"", ""sensor_1""]"
"[""sensor_0"", ""sensor_1"", ""sensor_2""]",sensor_0,toy_spatial,0,,44.0,1.2815515655446008,,,0.7859,0.7859,,,,,4.306295871734619,20000,0,,0.0,20000,,0.2,none,,,,,,,Fused Posterior Predictive,,"[""sensor_0"", ""sensor_1"", ""sensor_2""]"
"[""sensor_0"", ""sensor_1"", ""sensor_2""]",sensor_0,toy_spatial,0,,45.0,1.3287324905395508,1.3287324905395508,1.3287324905395508,0.80165,0.80165,,,,,4.465132244491577,20000,20000,,,20000,,0.2,model_normalized,row,reference,1.0,0.0,1.0,cyclic,Oracle Split Conformal,,"[""sensor_0"", ""sensor_1"", ""sensor_2""]"
"[""sensor_0"", ""sensor_1"", ""sensor_2""]",sensor_0,toy_spatial,0,,45.0,4.372768402099609,4.372768402099609,4.372768402099609,0.8055,0.93375,0.8055,0.8055,,,8.745536809635162,20000,20000,,,20000,,0.2,raw_absolute,row,raw_sensor,1.0,0.0,0.0,cyclic,Held-Out Raw Sensor CP,sensor_0,"[""sensor_1"", ""sensor_2""]"
"[""sensor_0"", ""sensor_1"", ""sensor_2""]",sensor_0,toy_spatial,0,,45.0,7.372846603393555,7.372846603393555,7.372846603393555,0.80135,0.99945,0.80135,0.80135,,,14.745693209934236,20000,20000,,,20000,,0.2,raw_absolute,row,raw_sensor,1.0,0.0,0.0,cyclic,Held-Out Raw Sensor CP,sensor_1,"[""sensor_0"", ""sensor_2""]"
"[""sensor_0"", ""sensor_1"", ""sensor_2""]",sensor_0,toy_spatial,0,,45.0,9.62971305847168,9.62971305847168,9.62971305847168,0.7955,1.0,0.7955,0.7955,,,19.25942611732483,20000,20000,,,20000,,0.2,raw_absolute,row,raw_sensor,1.0,0.0,0.0,cyclic,Held-Out Raw Sensor CP,sensor_2,"[""sensor_0"", ""sensor_1""]"
"[""sensor_0"", ""sensor_1"", ""sensor_2""]",sensor_0,toy_spatial,0,,45.0,1.2815515655446008,,,0.7856,0.7856,,,,,4.306583404541016,20000,0,,0.0,20000,,0.2,none,,,,,,,Fused Posterior Predictive,,"[""sensor_0"", ""sensor_1"", ""sensor_2""]"
"[""sensor_0"", ""sensor_1"", ""sensor_2""]",sensor_0,toy_spatial,0,,46.0,1.318117380142212,1.318117380142212,1.318117380142212,0.794,0.794,,,,,4.429011705803871,20000,20000,,,20000,,0.2,model_normalized,row,reference,1.0,0.0,1.0,cyclic,Oracle Split Conformal,,"[""sensor_0"", ""sensor_1"", ""sensor_2""]"
"[""sensor_0"", ""sensor_1"", ""sensor_2""]",sensor_0,toy_spatial,0,,46.0,4.336211204528809,4.336211204528809,4.336211204528809,0.79815,0.9292,0.79815,0.79815,,,8.67242242975235,20000,20000,,,20000,,0.2,raw_absolute,row,raw_sensor,1.0,0.0,0.0,cyclic,Held-Out Raw Sensor CP,sensor_0,"[""sensor_1"", ""sensor_2""]"
"[""sensor_0"", ""sensor_1"", ""sensor_2""]",sensor_0,toy_spatial,0,,46.0,7.311058044433594,7.311058044433594,7.311058044433594,0.7932,0.99945,0.7932,0.7932,,,14.622116084289551,20000,20000,,,20000,,0.2,raw_absolute,row,raw_sensor,1.0,0.0,0.0,cyclic,Held-Out Raw Sensor CP,sensor_1,"[""sensor_0"", ""sensor_2""]"
"[""sensor_0"", ""sensor_1"", ""sensor_2""]",sensor_0,toy_spatial,0,,46.0,9.66811752319336,9.66811752319336,9.66811752319336,0.79875,1.0,0.79875,0.79875,,,19.33623504304886,20000,20000,,,20000,,0.2,raw_absolute,row,raw_sensor,1.0,0.0,0.0,cyclic,Held-Out Raw Sensor CP,sensor_2,"[""sensor_0"", ""sensor_1""]"
"[""sensor_0"", ""sensor_1"", ""sensor_2""]",sensor_0,toy_spatial,0,,46.0,1.2815515655446008,,,0.78115,0.78115,,,,,4.30614709854126,20000,0,,0.0,20000,,0.2,none,,,,,,,Fused Posterior Predictive,,"[""sensor_0"", ""sensor_1"", ""sensor_2""]"
"[""sensor_0"", ""sensor_1"", ""sensor_2""]",sensor_0,toy_spatial,0,,47.0,1.3326356410980225,1.3326356410980225,1.3326356410980225,0.80465,0.80465,,,,,4.478137161374092,20000,20000,,,20000,,0.2,model_normalized,row,reference,1.0,0.0,1.0,cyclic,Oracle Split Conformal,,"[""sensor_0"", ""sensor_1"", ""sensor_2""]"
"[""sensor_0"", ""sensor_1"", ""sensor_2""]",sensor_0,toy_spatial,0,,47.0,4.378809928894043,4.378809928894043,4.378809928894043,0.8068,0.93185,0.8068,0.8068,,,8.757619875955582,20000,20000,,,20000,,0.2,raw_absolute,row,raw_sensor,1.0,0.0,0.0,cyclic,Held-Out Raw Sensor CP,sensor_0,"[""sensor_1"", ""sensor_2""]"
"[""sensor_0"", ""sensor_1"", ""sensor_2""]",sensor_0,toy_spatial,0,,47.0,7.397151947021484,7.397151947021484,7.397151947021484,0.80415,0.99955,0.80415,0.80415,,,14.794303897619248,20000,20000,,,20000,,0.2,raw_absolute,row,raw_sensor,1.0,0.0,0.0,cyclic,Held-Out Raw Sensor CP,sensor_1,"[""sensor_0"", ""sensor_2""]"
"[""sensor_0"", ""sensor_1"", ""sensor_2""]",sensor_0,toy_spatial,0,,47.0,9.66811752319336,9.66811752319336,9.66811752319336,0.79875,1.0,0.79875,0.79875,,,19.336235045146942,20000,20000,,,20000,,0.2,raw_absolute,row,raw_sensor,1.0,0.0,0.0,cyclic,Held-Out Raw Sensor CP,sensor_2,"[""sensor_0"", ""sensor_1""]"
"[""sensor_0"", ""sensor_1"", ""sensor_2""]",sensor_0,toy_spatial,0,,47.0,1.2815515655446008,,,0.7868,0.7868,,,,,4.306476593017578,20000,0,,0.0,20000,,0.2,none,,,,,,,Fused Posterior Predictive,,"[""sensor_0"", ""sensor_1"", ""sensor_2""]"
"[""sensor_0"", ""sensor_1"", ""sensor_2""]",sensor_0,toy_spatial,0,,48.0,1.3245776891708374,1.3245776891708374,1.3245776891708374,0.79835,0.79835,,,,,4.451539589262008,20000,20000,,,20000,,0.2,model_normalized,row,reference,1.0,0.0,1.0,cyclic,Oracle Split Conformal,,"[""sensor_0"", ""sensor_1"", ""sensor_2""]"
"[""sensor_0"", ""sensor_1"", ""sensor_2""]",sensor_0,toy_spatial,0,,48.0,4.3516058921813965,4.3516058921813965,4.3516058921813965,0.8013,0.93245,0.8013,0.8013,,,8.703212215280534,20000,20000,,,20000,,0.2,raw_absolute,row,raw_sensor,1.0,0.0,0.0,cyclic,Held-Out Raw Sensor CP,sensor_0,"[""sensor_1"", ""sensor_2""]"
"[""sensor_0"", ""sensor_1"", ""sensor_2""]",sensor_0,toy_spatial,0,,48.0,7.36439323425293,7.36439323425293,7.36439323425293,0.80005,0.99955,0.80005,0.80005,,,14.728786461496354,20000,20000,,,20000,,0.2,raw_absolute,row,raw_sensor,1.0,0.0,0.0,cyclic,Held-Out Raw Sensor CP,sensor_1,"[""sensor_0"", ""sensor_2""]"
"[""sensor_0"", ""sensor_1"", ""sensor_2""]",sensor_0,toy_spatial,0,,48.0,9.618106842041016,9.618106842041016,9.618106842041016,0.79445,1.0,0.79445,0.79445,,,19.23621368675232,20000,20000,,,20000,,0.2,raw_absolute,row,raw_sensor,1.0,0.0,0.0,cyclic,Held-Out Raw Sensor CP,sensor_2,"[""sensor_0"", ""sensor_1""]"
"[""sensor_0"", ""sensor_1"", ""sensor_2""]",sensor_0,toy_spatial,0,,48.0,1.2815515655446008,,,0.78525,0.78525,,,,,4.30694055557251,20000,0,,0.0,20000,,0.2,none,,,,,,,Fused Posterior Predictive,,"[""sensor_0"", ""sensor_1"", ""sensor_2""]"
"[""sensor_0"", ""sensor_1"", ""sensor_2""]",sensor_0,toy_spatial,0,,49.0,1.3259515762329102,1.3259515762329102,1.3259515762329102,0.7992,0.7992,,,,,4.455225876784325,20000,20000,,,20000,,0.2,model_normalized,row,reference,1.0,0.0,1.0,cyclic,Oracle Split Conformal,,"[""sensor_0"", ""sensor_1"", ""sensor_2""]"
"[""sensor_0"", ""sensor_1"", ""sensor_2""]",sensor_0,toy_spatial,0,,49.0,4.337724685668945,4.337724685668945,4.337724685668945,0.79855,0.93155,0.79855,0.79855,,,8.675449365615846,20000,20000,,,20000,,0.2,raw_absolute,row,raw_sensor,1.0,0.0,0.0,cyclic,Held-Out Raw Sensor CP,sensor_0,"[""sensor_1"", ""sensor_2""]"
"[""sensor_0"", ""sensor_1"", ""sensor_2""]",sensor_0,toy_spatial,0,,49.0,7.363304138183594,7.363304138183594,7.363304138183594,0.79995,0.99955,0.79995,0.79995,,,14.726608272600174,20000,20000,,,20000,,0.2,raw_absolute,row,raw_sensor,1.0,0.0,0.0,cyclic,Held-Out Raw Sensor CP,sensor_1,"[""sensor_0"", ""sensor_2""]"
"[""sensor_0"", ""sensor_1"", ""sensor_2""]",sensor_0,toy_spatial,0,,49.0,9.7351655960083,9.7351655960083,9.7351655960083,0.80425,1.0,0.80425,0.80425,,,19.470331184005737,20000,20000,,,20000,,0.2,raw_absolute,row,raw_sensor,1.0,0.0,0.0,cyclic,Held-Out Raw Sensor CP,sensor_2,"[""sensor_0"", ""sensor_1""]"
"[""sensor_0"", ""sensor_1"", ""sensor_2""]",sensor_0,toy_spatial,0,,49.0,1.2815515655446008,,,0.78425,0.78425,,,,,4.306041240692139,20000,0,,0.0,20000,,0.2,none,,,,,,,Fused Posterior Predictive,,"[""sensor_0"", ""sensor_1"", ""sensor_2""]"
"[""sensor_0"", ""sensor_1"", ""sensor_2""]",sensor_0,toy_spatial,0,,50.0,1.3263977766036987,1.3263977766036987,1.3263977766036987,0.79955,0.79955,,,,,4.456865301465988,20000,20000,,,20000,,0.2,model_normalized,row,reference,1.0,0.0,1.0,cyclic,Oracle Split Conformal,,"[""sensor_0"", ""sensor_1"", ""sensor_2""]"
"[""sensor_0"", ""sensor_1"", ""sensor_2""]",sensor_0,toy_spatial,0,,50.0,4.346185684204102,4.346185684204102,4.346185684204102,0.8004,0.9306,0.8004,0.8004,,,8.692371362638474,20000,20000,,,20000,,0.2,raw_absolute,row,raw_sensor,1.0,0.0,0.0,cyclic,Held-Out Raw Sensor CP,sensor_0,"[""sensor_1"", ""sensor_2""]"
"[""sensor_0"", ""sensor_1"", ""sensor_2""]",sensor_0,toy_spatial,0,,50.0,7.357213973999023,7.357213973999023,7.357213973999023,0.7993,0.9995,0.7993,0.7993,,,14.714427944660189,20000,20000,,,20000,,0.2,raw_absolute,row,raw_sensor,1.0,0.0,0.0,cyclic,Held-Out Raw Sensor CP,sensor_1,"[""sensor_0"", ""sensor_2""]"
"[""sensor_0"", ""sensor_1"", ""sensor_2""]",sensor_0,toy_spatial,0,,50.0,9.696493148803713,9.696493148803713,9.696493148803713,0.80095,1.0,0.80095,0.80095,,,19.392986295890807,20000,20000,,,20000,,0.2,raw_absolute,row,raw_sensor,1.0,0.0,0.0,cyclic,Held-Out Raw Sensor CP,sensor_2,"[""sensor_0"", ""sensor_1""]"
"[""sensor_0"", ""sensor_1"", ""sensor_2""]",sensor_0,toy_spatial,0,,50.0,1.2815515655446008,,,0.78425,0.78425,,,,,4.306176662445068,20000,0,,0.0,20000,,0.2,none,,,,,,,Fused Posterior Predictive,,"[""sensor_0"", ""sensor_1"", ""sensor_2""]"
"[""sensor_0"", ""sensor_1"", ""sensor_2""]",sensor_0,toy_spatial,0,,51.0,1.3267706632614136,1.3267706632614136,1.3267706632614136,0.79995,0.79995,,,,,4.458981721425056,20000,20000,,,20000,,0.2,model_normalized,row,reference,1.0,0.0,1.0,cyclic,Oracle Split Conformal,,"[""sensor_0"", ""sensor_1"", ""sensor_2""]"
"[""sensor_0"", ""sensor_1"", ""sensor_2""]",sensor_0,toy_spatial,0,,51.0,4.344156265258789,4.344156265258789,4.344156265258789,0.7997,0.92925,0.7997,0.7997,,,8.688312531471253,20000,20000,,,20000,,0.2,raw_absolute,row,raw_sensor,1.0,0.0,0.0,cyclic,Held-Out Raw Sensor CP,sensor_0,"[""sensor_1"", ""sensor_2""]"
"[""sensor_0"", ""sensor_1"", ""sensor_2""]",sensor_0,toy_spatial,0,,51.0,7.3586578369140625,7.3586578369140625,7.3586578369140625,0.79945,0.99955,0.79945,0.79945,,,14.717315678215028,20000,20000,,,20000,,0.2,raw_absolute,row,raw_sensor,1.0,0.0,0.0,cyclic,Held-Out Raw Sensor CP,sensor_1,"[""sensor_0"", ""sensor_2""]"
"[""sensor_0"", ""sensor_1"", ""sensor_2""]",sensor_0,toy_spatial,0,,51.0,9.637445449829102,9.637445449829102,9.637445449829102,0.79625,1.0,0.79625,0.79625,,,19.27489090213776,20000,20000,,,20000,,0.2,raw_absolute,row,raw_sensor,1.0,0.0,0.0,cyclic,Held-Out Raw Sensor CP,sensor_2,"[""sensor_0"", ""sensor_1""]"
"[""sensor_0"", ""sensor_1"", ""sensor_2""]",sensor_0,toy_spatial,0,,51.0,1.2815515655446008,,,0.78505,0.78505,,,,,4.307010173797607,20000,0,,0.0,20000,,0.2,none,,,,,,,Fused Posterior Predictive,,"[""sensor_0"", ""sensor_1"", ""sensor_2""]"
"[""sensor_0"", ""sensor_1"", ""sensor_2""]",sensor_0,toy_spatial,0,,52.0,1.31999409198761,1.31999409198761,1.31999409198761,0.79535,0.79535,,,,,4.435751661324501,20000,20000,,,20000,,0.2,model_normalized,row,reference,1.0,0.0,1.0,cyclic,Oracle Split Conformal,,"[""sensor_0"", ""sensor_1"", ""sensor_2""]"
"[""sensor_0"", ""sensor_1"", ""sensor_2""]",sensor_0,toy_spatial,0,,52.0,4.341677665710449,4.341677665710449,4.341677665710449,0.79935,0.9293,0.79935,0.79935,,,8.683355336284638,20000,20000,,,20000,,0.2,raw_absolute,row,raw_sensor,1.0,0.0,0.0,cyclic,Held-Out Raw Sensor CP,sensor_0,"[""sensor_1"", ""sensor_2""]"
"[""sensor_0"", ""sensor_1"", ""sensor_2""]",sensor_0,toy_spatial,0,,52.0,7.371809005737305,7.371809005737305,7.371809005737305,0.8013,0.99955,0.8013,0.8013,,,14.743618009519578,20000,20000,,,20000,,0.2,raw_absolute,row,raw_sensor,1.0,0.0,0.0,cyclic,Held-Out Raw Sensor CP,sensor_1,"[""sensor_0"", ""sensor_2""]"
"[""sensor_0"", ""sensor_1"", ""sensor_2""]",sensor_0,toy_spatial,0,,52.0,9.700753211975098,9.700753211975098,9.700753211975098,0.80155,1.0,0.80155,0.80155,,,19.40150640459061,20000,20000,,,20000,,0.2,raw_absolute,row,raw_sensor,1.0,0.0,0.0,cyclic,Held-Out Raw Sensor CP,sensor_2,"[""sensor_0"", ""sensor_1""]"
"[""sensor_0"", ""sensor_1"", ""sensor_2""]",sensor_0,toy_spatial,0,,52.0,1.2815515655446008,,,0.783,0.783,,,,,4.306568145751953,20000,0,,0.0,20000,,0.2,none,,,,,,,Fused Posterior Predictive,,"[""sensor_0"", ""sensor_1"", ""sensor_2""]"
"[""sensor_0"", ""sensor_1"", ""sensor_2""]",sensor_0,toy_spatial,0,,53.0,1.3313264846801758,1.3313264846801758,1.3313264846801758,0.8034,0.8034,,,,,4.474261458730697,20000,20000,,,20000,,0.2,model_normalized,row,reference,1.0,0.0,1.0,cyclic,Oracle Split Conformal,,"[""sensor_0"", ""sensor_1"", ""sensor_2""]"
"[""sensor_0"", ""sensor_1"", ""sensor_2""]",sensor_0,toy_spatial,0,,53.0,4.325023174285889,4.325023174285889,4.325023174285889,0.79575,0.9269,0.79575,0.79575,,,8.65004678530693,20000,20000,,,20000,,0.2,raw_absolute,row,raw_sensor,1.0,0.0,0.0,cyclic,Held-Out Raw Sensor CP,sensor_0,"[""sensor_1"", ""sensor_2""]"
"[""sensor_0"", ""sensor_1"", ""sensor_2""]",sensor_0,toy_spatial,0,,53.0,7.3586578369140625,7.3586578369140625,7.3586578369140625,0.79945,0.99955,0.79945,0.79945,,,14.717315672397614,20000,20000,,,20000,,0.2,raw_absolute,row,raw_sensor,1.0,0.0,0.0,cyclic,Held-Out Raw Sensor CP,sensor_1,"[""sensor_0"", ""sensor_2""]"
"[""sensor_0"", ""sensor_1"", ""sensor_2""]",sensor_0,toy_spatial,0,,53.0,9.614049911499023,9.614049911499023,9.614049911499023,0.7941,1.0,0.7941,0.7941,,,19.228099824237823,20000,20000,,,20000,,0.2,raw_absolute,row,raw_sensor,1.0,0.0,0.0,cyclic,Held-Out Raw Sensor CP,sensor_2,"[""sensor_0"", ""sensor_1""]"
"[""sensor_0"", ""sensor_1"", ""sensor_2""]",sensor_0,toy_spatial,0,,53.0,1.2815515655446008,,,0.78645,0.78645,,,,,4.306980609893799,20000,0,,0.0,20000,,0.2,none,,,,,,,Fused Posterior Predictive,,"[""sensor_0"", ""sensor_1"", ""sensor_2""]"
"[""sensor_0"", ""sensor_1"", ""sensor_2""]",sensor_0,toy_spatial,0,,54.0,1.3263880014419556,1.3263880014419556,1.3263880014419556,0.7995,0.7995,,,,,4.456865512275696,20000,20000,,,20000,,0.2,model_normalized,row,reference,1.0,0.0,1.0,cyclic,Oracle Split Conformal,,"[""sensor_0"", ""sensor_1"", ""sensor_2""]"
"[""sensor_0"", ""sensor_1"", ""sensor_2""]",sensor_0,toy_spatial,0,,54.0,4.349281311035156,4.349281311035156,4.349281311035156,0.8009,0.92965,0.8009,0.8009,,,8.698562622022628,20000,20000,,,20000,,0.2,raw_absolute,row,raw_sensor,1.0,0.0,0.0,cyclic,Held-Out Raw Sensor CP,sensor_0,"[""sensor_1"", ""sensor_2""]"
"[""sensor_0"", ""sensor_1"", ""sensor_2""]",sensor_0,toy_spatial,0,,54.0,7.395367622375488,7.395367622375488,7.395367622375488,0.804,0.9997,0.804,0.804,,,14.790735240888596,20000,20000,,,20000,,0.2,raw_absolute,row,raw_sensor,1.0,0.0,0.0,cyclic,Held-Out Raw Sensor CP,sensor_1,"[""sensor_0"", ""sensor_2""]"
"[""sensor_0"", ""sensor_1"", ""sensor_2""]",sensor_0,toy_spatial,0,,54.0,9.66811752319336,9.66811752319336,9.66811752319336,0.79875,1.0,0.79875,0.79875,,,19.336235043430328,20000,20000,,,20000,,0.2,raw_absolute,row,raw_sensor,1.0,0.0,0.0,cyclic,Held-Out Raw Sensor CP,sensor_2,"[""sensor_0"", ""sensor_1""]"
"[""sensor_0"", ""sensor_1"", ""sensor_2""]",sensor_0,toy_spatial,0,,54.0,1.2815515655446008,,,0.78425,0.78425,,,,,4.30620813369751,20000,0,,0.0,20000,,0.2,none,,,,,,,Fused Posterior Predictive,,"[""sensor_0"", ""sensor_1"", ""sensor_2""]"
"[""sensor_0"", ""sensor_1"", ""sensor_2""]",sensor_0,toy_spatial,0,,55.0,1.3262664079666138,1.3262664079666138,1.3262664079666138,0.79935,0.79935,,,,,4.457475677537918,20000,20000,,,20000,,0.2,model_normalized,row,reference,1.0,0.0,1.0,cyclic,Oracle Split Conformal,,"[""sensor_0"", ""sensor_1"", ""sensor_2""]"
"[""sensor_0"", ""sensor_1"", ""sensor_2""]",sensor_0,toy_spatial,0,,55.0,4.361324310302734,4.361324310302734,4.361324310302734,0.8031,0.93035,0.8031,0.8031,,,8.722648620843888,20000,20000,,,20000,,0.2,raw_absolute,row,raw_sensor,1.0,0.0,0.0,cyclic,Held-Out Raw Sensor CP,sensor_0,"[""sensor_1"", ""sensor_2""]"
"[""sensor_0"", ""sensor_1"", ""sensor_2""]",sensor_0,toy_spatial,0,,55.0,7.3461689949035645,7.3461689949035645,7.3461689949035645,0.7977,0.9997,0.7977,0.7977,,,14.69233757185936,20000,20000,,,20000,,0.2,raw_absolute,row,raw_sensor,1.0,0.0,0.0,cyclic,Held-Out Raw Sensor CP,sensor_1,"[""sensor_0"", ""sensor_2""]"
"[""sensor_0"", ""sensor_1"", ""sensor_2""]",sensor_0,toy_spatial,0,,55.0,9.674572944641112,9.674572944641112,9.674572944641112,0.79935,1.0,0.79935,0.79935,,,19.349145900344848,20000,20000,,,20000,,0.2,raw_absolute,row,raw_sensor,1.0,0.0,0.0,cyclic,Held-Out Raw Sensor CP,sensor_2,"[""sensor_0"", ""sensor_1""]"
"[""sensor_0"", ""sensor_1"", ""sensor_2""]",sensor_0,toy_spatial,0,,55.0,1.2815515655446008,,,0.7839,0.7839,,,,,4.307192802429199,20000,0,,0.0,20000,,0.2,none,,,,,,,Fused Posterior Predictive,,"[""sensor_0"", ""sensor_1"", ""sensor_2""]"
"[""sensor_0"", ""sensor_1"", ""sensor_2""]",sensor_0,toy_spatial,0,,56.0,1.3264892101287842,1.3264892101287842,1.3264892101287842,0.79965,0.79965,,,,,4.457423109054566,20000,20000,,,20000,,0.2,model_normalized,row,reference,1.0,0.0,1.0,cyclic,Oracle Split Conformal,,"[""sensor_0"", ""sensor_1"", ""sensor_2""]"
"[""sensor_0"", ""sensor_1"", ""sensor_2""]",sensor_0,toy_spatial,0,,56.0,4.363664627075195,4.363664627075195,4.363664627075195,0.8036,0.93245,0.8036,0.8036,,,8.727329250669479,20000,20000,,,20000,,0.2,raw_absolute,row,raw_sensor,1.0,0.0,0.0,cyclic,Held-Out Raw Sensor CP,sensor_0,"[""sensor_1"", ""sensor_2""]"
"[""sensor_0"", ""sensor_1"", ""sensor_2""]",sensor_0,toy_spatial,0,,56.0,7.335268020629883,7.335268020629883,7.335268020629883,0.7964,0.99965,0.7964,0.7964,,,14.670536039638518,20000,20000,,,20000,,0.2,raw_absolute,row,raw_sensor,1.0,0.0,0.0,cyclic,Held-Out Raw Sensor CP,sensor_1,"[""sensor_0"", ""sensor_2""]"
"[""sensor_0"", ""sensor_1"", ""sensor_2""]",sensor_0,toy_spatial,0,,56.0,9.698846817016602,9.698846817016602,9.698846817016602,0.8013,1.0,0.8013,0.8013,,,19.39769363365173,20000,20000,,,20000,,0.2,raw_absolute,row,raw_sensor,1.0,0.0,0.0,cyclic,Held-Out Raw Sensor CP,sensor_2,"[""sensor_0"", ""sensor_1""]"
"[""sensor_0"", ""sensor_1"", ""sensor_2""]",sensor_0,toy_spatial,0,,56.0,1.2815515655446008,,,0.78475,0.78475,,,,,4.306418895721436,20000,0,,0.0,20000,,0.2,none,,,,,,,Fused Posterior Predictive,,"[""sensor_0"", ""sensor_1"", ""sensor_2""]"
"[""sensor_0"", ""sensor_1"", ""sensor_2""]",sensor_0,toy_spatial,0,,57.0,1.335789680480957,1.335789680480957,1.335789680480957,0.8063,0.8063,,,,,4.488827620863915,20000,20000,,,20000,,0.2,model_normalized,row,reference,1.0,0.0,1.0,cyclic,Oracle Split Conformal,,"[""sensor_0"", ""sensor_1"", ""sensor_2""]"
"[""sensor_0"", ""sensor_1"", ""sensor_2""]",sensor_0,toy_spatial,0,,57.0,4.357192993164063,4.357192993164063,4.357192993164063,0.8026,0.93265,0.8026,0.8026,,,8.714385986471177,20000,20000,,,20000,,0.2,raw_absolute,row,raw_sensor,1.0,0.0,0.0,cyclic,Held-Out Raw Sensor CP,sensor_0,"[""sensor_1"", ""sensor_2""]"
"[""sensor_0"", ""sensor_1"", ""sensor_2""]",sensor_0,toy_spatial,0,,57.0,7.346585273742676,7.346585273742676,7.346585273742676,0.79785,0.99945,0.79785,0.79785,,,14.693170535230635,20000,20000,,,20000,,0.2,raw_absolute,row,raw_sensor,1.0,0.0,0.0,cyclic,Held-Out Raw Sensor CP,sensor_1,"[""sensor_0"", ""sensor_2""]"
"[""sensor_0"", ""sensor_1"", ""sensor_2""]",sensor_0,toy_spatial,0,,57.0,9.62830638885498,9.62830638885498,9.62830638885498,0.7953,1.0,0.7953,0.7953,,,19.25661278085709,20000,20000,,,20000,,0.2,raw_absolute,row,raw_sensor,1.0,0.0,0.0,cyclic,Held-Out Raw Sensor CP,sensor_2,"[""sensor_0"", ""sensor_1""]"
"[""sensor_0"", ""sensor_1"", ""sensor_2""]",sensor_0,toy_spatial,0,,57.0,1.2815515655446008,,,0.7884,0.7884,,,,,4.306564331054688,20000,0,,0.0,20000,,0.2,none,,,,,,,Fused Posterior Predictive,,"[""sensor_0"", ""sensor_1"", ""sensor_2""]"
"[""sensor_0"", ""sensor_1"", ""sensor_2""]",sensor_0,toy_spatial,0,,58.0,1.33403217792511,1.33403217792511,1.33403217792511,0.80555,0.80555,,,,,4.4839203238010406,20000,20000,,,20000,,0.2,model_normalized,row,reference,1.0,0.0,1.0,cyclic,Oracle Split Conformal,,"[""sensor_0"", ""sensor_1"", ""sensor_2""]"
"[""sensor_0"", ""sensor_1"", ""sensor_2""]",sensor_0,toy_spatial,0,,58.0,4.3376874923706055,4.3376874923706055,4.3376874923706055,0.7985,0.9292,0.7985,0.7985,,,8.675374997711181,20000,20000,,,20000,,0.2,raw_absolute,row,raw_sensor,1.0,0.0,0.0,cyclic,Held-Out Raw Sensor CP,sensor_0,"[""sensor_1"", ""sensor_2""]"
"[""sensor_0"", ""sensor_1"", ""sensor_2""]",sensor_0,toy_spatial,0,,58.0,7.36280632019043,7.36280632019043,7.36280632019043,0.7999,0.99955,0.7999,0.7999,,,14.725612644052504,20000,20000,,,20000,,0.2,raw_absolute,row,raw_sensor,1.0,0.0,0.0,cyclic,Held-Out Raw Sensor CP,sensor_1,"[""sensor_0"", ""sensor_2""]"
"[""sensor_0"", ""sensor_1"", ""sensor_2""]",sensor_0,toy_spatial,0,,58.0,9.630889892578123,9.630889892578123,9.630889892578123,0.7956,1.0,0.7956,0.7956,,,19.26177978954315,20000,20000,,,20000,,0.2,raw_absolute,row,raw_sensor,1.0,0.0,0.0,cyclic,Held-Out Raw Sensor CP,sensor_2,"[""sensor_0"", ""sensor_1""]"
"[""sensor_0"", ""sensor_1"", ""sensor_2""]",sensor_0,toy_spatial,0,,58.0,1.2815515655446008,,,0.78865,0.78865,,,,,4.307523727416992,20000,0,,0.0,20000,,0.2,none,,,,,,,Fused Posterior Predictive,,"[""sensor_0"", ""sensor_1"", ""sensor_2""]"
"[""sensor_0"", ""sensor_1"", ""sensor_2""]",sensor_0,toy_spatial,0,,59.0,1.3303784132003784,1.3303784132003784,1.3303784132003784,0.80295,0.80295,,,,,4.470656418299675,20000,20000,,,20000,,0.2,model_normalized,row,reference,1.0,0.0,1.0,cyclic,Oracle Split Conformal,,"[""sensor_0"", ""sensor_1"", ""sensor_2""]"
"[""sensor_0"", ""sensor_1"", ""sensor_2""]",sensor_0,toy_spatial,0,,59.0,4.344156265258789,4.344156265258789,4.344156265258789,0.7997,0.93055,0.7997,0.7997,,,8.688312524414062,20000,20000,,,20000,,0.2,raw_absolute,row,raw_sensor,1.0,0.0,0.0,cyclic,Held-Out Raw Sensor CP,sensor_0,"[""sensor_1"", ""sensor_2""]"
"[""sensor_0"", ""sensor_1"", ""sensor_2""]",sensor_0,toy_spatial,0,,59.0,7.377277374267578,7.377277374267578,7.377277374267578,0.802,0.99955,0.802,0.802,,,14.754554753303529,20000,20000,,,20000,,0.2,raw_absolute,row,raw_sensor,1.0,0.0,0.0,cyclic,Held-Out Raw Sensor CP,sensor_1,"[""sensor_0"", ""sensor_2""]"
"[""sensor_0"", ""sensor_1"", ""sensor_2""]",sensor_0,toy_spatial,0,,59.0,9.70318603515625,9.70318603515625,9.70318603515625,0.80165,1.0,0.80165,0.80165,,,19.406372068977355,20000,20000,,,20000,,0.2,raw_absolute,row,raw_sensor,1.0,0.0,0.0,cyclic,Held-Out Raw Sensor CP,sensor_2,"[""sensor_0"", ""sensor_1""]"
"[""sensor_0"", ""sensor_1"", ""sensor_2""]",sensor_0,toy_spatial,0,,59.0,1.2815515655446008,,,0.78525,0.78525,,,,,4.306576728820801,20000,0,,0.0,20000,,0.2,none,,,,,,,Fused Posterior Predictive,,"[""sensor_0"", ""sensor_1"", ""sensor_2""]"
"[""sensor_0"", ""sensor_1"", ""sensor_2""]",sensor_0,toy_spatial,0,,60.0,1.3253782987594604,1.3253782987594604,1.3253782987594604,0.79885,0.79885,,,,,4.454140382599831,20000,20000,,,20000,,0.2,model_normalized,row,reference,1.0,0.0,1.0,cyclic,Oracle Split Conformal,,"[""sensor_0"", ""sensor_1"", ""sensor_2""]"
"[""sensor_0"", ""sensor_1"", ""sensor_2""]",sensor_0,toy_spatial,0,,60.0,4.382298469543457,4.382298469543457,4.382298469543457,0.8077,0.93255,0.8077,0.8077,,,8.764596933603286,20000,20000,,,20000,,0.2,raw_absolute,row,raw_sensor,1.0,0.0,0.0,cyclic,Held-Out Raw Sensor CP,sensor_0,"[""sensor_1"", ""sensor_2""]"
"[""sensor_0"", ""sensor_1"", ""sensor_2""]",sensor_0,toy_spatial,0,,60.0,7.320148468017578,7.320148468017578,7.320148468017578,0.79415,0.99945,0.79415,0.79415,,,14.64029693722725,20000,20000,,,20000,,0.2,raw_absolute,row,raw_sensor,1.0,0.0,0.0,cyclic,Held-Out Raw Sensor CP,sensor_1,"[""sensor_0"", ""sensor_2""]"
"[""sensor_0"", ""sensor_1"", ""sensor_2""]",sensor_0,toy_spatial,0,,60.0,9.70493507385254,9.70493507385254,9.70493507385254,0.80175,1.0,0.80175,0.80175,,,19.40987014513016,20000,20000,,,20000,,0.2,raw_absolute,row,raw_sensor,1.0,0.0,0.0,cyclic,Held-Out Raw Sensor CP,sensor_2,"[""sensor_0"", ""sensor_1""]"
"[""sensor_0"", ""sensor_1"", ""sensor_2""]",sensor_0,toy_spatial,0,,60.0,1.2815515655446008,,,0.7848,0.7848,,,,,4.306853771209717,20000,0,,0.0,20000,,0.2,none,,,,,,,Fused Posterior Predictive,,"[""sensor_0"", ""sensor_1"", ""sensor_2""]"
"[""sensor_0"", ""sensor_1"", ""sensor_2""]",sensor_0,toy_spatial,0,,61.0,1.323088765144348,1.323088765144348,1.323088765144348,0.7976,0.7976,,,,,4.44598924946785,20000,20000,,,20000,,0.2,model_normalized,row,reference,1.0,0.0,1.0,cyclic,Oracle Split Conformal,,"[""sensor_0"", ""sensor_1"", ""sensor_2""]"
"[""sensor_0"", ""sensor_1"", ""sensor_2""]",sensor_0,toy_spatial,0,,61.0,4.337814331054688,4.337814331054688,4.337814331054688,0.7986,0.92725,0.7986,0.7986,,,8.675628665828706,20000,20000,,,20000,,0.2,raw_absolute,row,raw_sensor,1.0,0.0,0.0,cyclic,Held-Out Raw Sensor CP,sensor_0,"[""sensor_1"", ""sensor_2""]"
"[""sensor_0"", ""sensor_1"", ""sensor_2""]",sensor_0,toy_spatial,0,,61.0,7.364771842956543,7.364771842956543,7.364771842956543,0.80015,0.99955,0.80015,0.80015,,,14.729543699216842,20000,20000,,,20000,,0.2,raw_absolute,row,raw_sensor,1.0,0.0,0.0,cyclic,Held-Out Raw Sensor CP,sensor_1,"[""sensor_0"", ""sensor_2""]"
"[""sensor_0"", ""sensor_1"", ""sensor_2""]",sensor_0,toy_spatial,0,,61.0,9.684396743774414,9.684396743774414,9.684396743774414,0.7999,1.0,0.7999,0.7999,,,19.36879348840713,20000,20000,,,20000,,0.2,raw_absolute,row,raw_sensor,1.0,0.0,0.0,cyclic,Held-Out Raw Sensor CP,sensor_2,"[""sensor_0"", ""sensor_1""]"
"[""sensor_0"", ""sensor_1"", ""sensor_2""]",sensor_0,toy_spatial,0,,61.0,1.2815515655446008,,,0.7834,0.7834,,,,,4.306411743164063,20000,0,,0.0,20000,,0.2,none,,,,,,,Fused Posterior Predictive,,"[""sensor_0"", ""sensor_1"", ""sensor_2""]"
"[""sensor_0"", ""sensor_1"", ""sensor_2""]",sensor_0,toy_spatial,0,,62.0,1.3226969242095947,1.3226969242095947,1.3226969242095947,0.79725,0.79725,,,,,4.445387670898437,20000,20000,,,20000,,0.2,model_normalized,row,reference,1.0,0.0,1.0,cyclic,Oracle Split Conformal,,"[""sensor_0"", ""sensor_1"", ""sensor_2""]"
"[""sensor_0"", ""sensor_1"", ""sensor_2""]",sensor_0,toy_spatial,0,,62.0,4.353665351867676,4.353665351867676,4.353665351867676,0.8018,0.93075,0.8018,0.8018,,,8.70733069858551,20000,20000,,,20000,,0.2,raw_absolute,row,raw_sensor,1.0,0.0,0.0,cyclic,Held-Out Raw Sensor CP,sensor_0,"[""sensor_1"", ""sensor_2""]"
"[""sensor_0"", ""sensor_1"", ""sensor_2""]",sensor_0,toy_spatial,0,,62.0,7.36595344543457,7.36595344543457,7.36595344543457,0.80055,0.9997,0.80055,0.80055,,,14.731906890916823,20000,20000,,,20000,,0.2,raw_absolute,row,raw_sensor,1.0,0.0,0.0,cyclic,Held-Out Raw Sensor CP,sensor_1,"[""sensor_0"", ""sensor_2""]"
"[""sensor_0"", ""sensor_1"", ""sensor_2""]",sensor_0,toy_spatial,0,,62.0,9.706769943237305,9.706769943237305,9.706769943237305,0.8019,1.0,0.8019,0.8019,,,19.41353988637924,20000,20000,,,20000,,0.2,raw_absolute,row,raw_sensor,1.0,0.0,0.0,cyclic,Held-Out Raw Sensor CP,sensor_2,"[""sensor_0"", ""sensor_1""]"
"[""sensor_0"", ""sensor_1"", ""sensor_2""]",sensor_0,toy_spatial,0,,62.0,1.2815515655446008,,,0.7833,0.7833,,,,,4.307104110717773,20000,0,,0.0,20000,,0.2,none,,,,,,,Fused Posterior Predictive,,"[""sensor_0"", ""sensor_1"", ""sensor_2""]"
"[""sensor_0"", ""sensor_1"", ""sensor_2""]",sensor_0,toy_spatial,0,,63.0,1.3322091102600098,1.3322091102600098,1.3322091102600098,0.80415,0.80415,,,,,4.476914440846443,20000,20000,,,20000,,0.2,model_normalized,row,reference,1.0,0.0,1.0,cyclic,Oracle Split Conformal,,"[""sensor_0"", ""sensor_1"", ""sensor_2""]"
"[""sensor_0"", ""sensor_1"", ""sensor_2""]",sensor_0,toy_spatial,0,,63.0,4.326936721801758,4.326936721801758,4.326936721801758,0.7962,0.9301,0.7962,0.7962,,,8.653873442077638,20000,20000,,,20000,,0.2,raw_absolute,row,raw_sensor,1.0,0.0,0.0,cyclic,Held-Out Raw Sensor CP,sensor_0,"[""sensor_1"", ""sensor_2""]"
"[""sensor_0"", ""sensor_1"", ""sensor_2""]",sensor_0,toy_spatial,0,,63.0,7.40789794921875,7.40789794921875,7.40789794921875,0.80565,0.9996,0.80565,0.80565,,,14.815795893716812,20000,20000,,,20000,,0.2,raw_absolute,row,raw_sensor,1.0,0.0,0.0,cyclic,Held-Out Raw Sensor CP,sensor_1,"[""sensor_0"", ""sensor_2""]"
"[""sensor_0"", ""sensor_1"", ""sensor_2""]",sensor_0,toy_spatial,0,,63.0,9.675907135009766,9.675907135009766,9.675907135009766,0.7994,1.0,0.7994,0.7994,,,19.35181427297592,20000,20000,,,20000,,0.2,raw_absolute,row,raw_sensor,1.0,0.0,0.0,cyclic,Held-Out Raw Sensor CP,sensor_2,"[""sensor_0"", ""sensor_1""]"
"[""sensor_0"", ""sensor_1"", ""sensor_2""]",sensor_0,toy_spatial,0,,63.0,1.2815515655446008,,,0.7873,0.7873,,,,,4.306678771972656,20000,0,,0.0,20000,,0.2,none,,,,,,,Fused Posterior Predictive,,"[""sensor_0"", ""sensor_1"", ""sensor_2""]"
"[""sensor_0"", ""sensor_1"", ""sensor_2""]",sensor_0,toy_spatial,0,,64.0,1.3251875638961792,1.3251875638961792,1.3251875638961792,0.7987,0.7987,,,,,4.453043970537186,20000,20000,,,20000,,0.2,model_normalized,row,reference,1.0,0.0,1.0,cyclic,Oracle Split Conformal,,"[""sensor_0"", ""sensor_1"", ""sensor_2""]"
"[""sensor_0"", ""sensor_1"", ""sensor_2""]",sensor_0,toy_spatial,0,,64.0,4.362321853637695,4.362321853637695,4.362321853637695,0.80325,0.9304,0.80325,0.80325,,,8.724643702316284,20000,20000,,,20000,,0.2,raw_absolute,row,raw_sensor,1.0,0.0,0.0,cyclic,Held-Out Raw Sensor CP,sensor_0,"[""sensor_1"", ""sensor_2""]"
"[""sensor_0"", ""sensor_1"", ""sensor_2""]",sensor_0,toy_spatial,0,,64.0,7.329479217529297,7.329479217529297,7.329479217529297,0.79565,0.99935,0.79565,0.79565,,,14.658958432531357,20000,20000,,,20000,,0.2,raw_absolute,row,raw_sensor,1.0,0.0,0.0,cyclic,Held-Out Raw Sensor CP,sensor_1,"[""sensor_0"", ""sensor_2""]"
"[""sensor_0"", ""sensor_1"", ""sensor_2""]",sensor_0,toy_spatial,0,,64.0,9.697093963623049,9.697093963623049,9.697093963623049,0.80105,1.0,0.80105,0.80105,,,19.394187922668458,20000,20000,,,20000,,0.2,raw_absolute,row,raw_sensor,1.0,0.0,0.0,cyclic,Held-Out Raw Sensor CP,sensor_2,"[""sensor_0"", ""sensor_1""]"
"[""sensor_0"", ""sensor_1"", ""sensor_2""]",sensor_0,toy_spatial,0,,64.0,1.2815515655446008,,,0.78465,0.78465,,,,,4.306413173675537,20000,0,,0.0,20000,,0.2,none,,,,,,,Fused Posterior Predictive,,"[""sensor_0"", ""sensor_1"", ""sensor_2""]"
"[""sensor_0"", ""sensor_1"", ""sensor_2""]",sensor_0,toy_spatial,0,,65.0,1.3241134881973269,1.3241134881973269,1.3241134881973269,0.798,0.798,,,,,4.449666256833076,20000,20000,,,20000,,0.2,model_normalized,row,reference,1.0,0.0,1.0,cyclic,Oracle Split Conformal,,"[""sensor_0"", ""sensor_1"", ""sensor_2""]"
"[""sensor_0"", ""sensor_1"", ""sensor_2""]",sensor_0,toy_spatial,0,,65.0,4.345828056335449,4.345828056335449,4.345828056335449,0.8002,0.9277,0.8002,0.8002,,,8.69165612335205,20000,20000,,,20000,,0.2,raw_absolute,row,raw_sensor,1.0,0.0,0.0,cyclic,Held-Out Raw Sensor CP,sensor_0,"[""sensor_1"", ""sensor_2""]"
"[""sensor_0"", ""sensor_1"", ""sensor_2""]",sensor_0,toy_spatial,0,,65.0,7.3242998123168945,7.3242998123168945,7.3242998123168945,0.79485,0.99935,0.79485,0.79485,,,14.64859961285591,20000,20000,,,20000,,0.2,raw_absolute,row,raw_sensor,1.0,0.0,0.0,cyclic,Held-Out Raw Sensor CP,sensor_1,"[""sensor_0"", ""sensor_2""]"
"[""sensor_0"", ""sensor_1"", ""sensor_2""]",sensor_0,toy_spatial,0,,65.0,9.665857315063477,9.665857315063477,9.665857315063477,0.7986,1.0,0.7986,0.7986,,,19.33171463298797,20000,20000,,,20000,,0.2,raw_absolute,row,raw_sensor,1.0,0.0,0.0,cyclic,Held-Out Raw Sensor CP,sensor_2,"[""sensor_0"", ""sensor_1""]"
"[""sensor_0"", ""sensor_1"", ""sensor_2""]",sensor_0,toy_spatial,0,,65.0,1.2815515655446008,,,0.78415,0.78415,,,,,4.306637287139893,20000,0,,0.0,20000,,0.2,none,,,,,,,Fused Posterior Predictive,,"[""sensor_0"", ""sensor_1"", ""sensor_2""]"
"[""sensor_0"", ""sensor_1"", ""sensor_2""]",sensor_0,toy_spatial,0,,66.0,1.3226969242095947,1.3226969242095947,1.3226969242095947,0.79725,0.79725,,,,,4.44490601735115,20000,20000,,,20000,,0.2,model_normalized,row,reference,1.0,0.0,1.0,cyclic,Oracle Split Conformal,,"[""sensor_0"", ""sensor_1"", ""sensor_2""]"
"[""sensor_0"", ""sensor_1"", ""sensor_2""]",sensor_0,toy_spatial,0,,66.0,4.330104827880859,4.330104827880859,4.330104827880859,0.7967,0.9291,0.7967,0.7967,,,8.660209660434722,20000,20000,,,20000,,0.2,raw_absolute,row,raw_sensor,1.0,0.0,0.0,cyclic,Held-Out Raw Sensor CP,sensor_0,"[""sensor_1"", ""sensor_2""]"
"[""sensor_0"", ""sensor_1"", ""sensor_2""]",sensor_0,toy_spatial,0,,66.0,7.418230056762695,7.418230056762695,7.418230056762695,0.80715,0.99935,0.80715,0.80715,,,14.836460109424593,20000,20000,,,20000,,0.2,raw_absolute,row,raw_sensor,1.0,0.0,0.0,cyclic,Held-Out Raw Sensor CP,sensor_1,"[""sensor_0"", ""sensor_2""]"
"[""sensor_0"", ""sensor_1"", ""sensor_2""]",sensor_0,toy_spatial,0,,66.0,9.72842788696289,9.72842788696289,9.72842788696289,0.80385,1.0,0.80385,0.80385,,,19.456855773067478,20000,20000,,,20000,,0.2,raw_absolute,row,raw_sensor,1.0,0.0,0.0,cyclic,Held-Out Raw Sensor CP,sensor_2,"[""sensor_0"", ""sensor_1""]"
"[""sensor_0"", ""sensor_1"", ""sensor_2""]",sensor_0,toy_spatial,0,,66.0,1.2815515655446008,,,0.7835,0.7835,,,,,4.306637287139893,20000,0,,0.0,20000,,0.2,none,,,,,,,Fused Posterior Predictive,,"[""sensor_0"", ""sensor_1"", ""sensor_2""]"
"[""sensor_0"", ""sensor_1"", ""sensor_2""]",sensor_0,toy_spatial,0,,67.0,1.327027440071106,1.327027440071106,1.327027440071106,0.8003,0.8003,,,,,4.45854997060299,20000,20000,,,20000,,0.2,model_normalized,row,reference,1.0,0.0,1.0,cyclic,Oracle Split Conformal,,"[""sensor_0"", ""sensor_1"", ""sensor_2""]"
"[""sensor_0"", ""sensor_1"", ""sensor_2""]",sensor_0,toy_spatial,0,,67.0,4.343706130981445,4.343706130981445,4.343706130981445,0.7996,0.93035,0.7996,0.7996,,,8.687412258005143,20000,20000,,,20000,,0.2,raw_absolute,row,raw_sensor,1.0,0.0,0.0,cyclic,Held-Out Raw Sensor CP,sensor_0,"[""sensor_1"", ""sensor_2""]"
"[""sensor_0"", ""sensor_1"", ""sensor_2""]",sensor_0,toy_spatial,0,,67.0,7.390335083007812,7.390335083007812,7.390335083007812,0.80295,0.9995,0.80295,0.80295,,,14.780670159721376,20000,20000,,,20000,,0.2,raw_absolute,row,raw_sensor,1.0,0.0,0.0,cyclic,Held-Out Raw Sensor CP,sensor_1,"[""sensor_0"", ""sensor_2""]"
"[""sensor_0"", ""sensor_1"", ""sensor_2""]",sensor_0,toy_spatial,0,,67.0,9.685562133789062,9.685562133789062,9.685562133789062,0.79995,1.0,0.79995,0.79995,,,19.371124266433718,20000,20000,,,20000,,0.2,raw_absolute,row,raw_sensor,1.0,0.0,0.0,cyclic,Held-Out Raw Sensor CP,sensor_2,"[""sensor_0"", ""sensor_1""]"
"[""sensor_0"", ""sensor_1"", ""sensor_2""]",sensor_0,toy_spatial,0,,67.0,1.2815515655446008,,,0.78485,0.78485,,,,,4.305760383605957,20000,0,,0.0,20000,,0.2,none,,,,,,,Fused Posterior Predictive,,"[""sensor_0"", ""sensor_1"", ""sensor_2""]"
"[""sensor_0"", ""sensor_1"", ""sensor_2""]",sensor_0,toy_spatial,0,,68.0,1.329725980758667,1.329725980758667,1.329725980758667,0.80255,0.80255,,,,,4.468096603775025,20000,20000,,,20000,,0.2,model_normalized,row,reference,1.0,0.0,1.0,cyclic,Oracle Split Conformal,,"[""sensor_0"", ""sensor_1"", ""sensor_2""]"
"[""sensor_0"", ""sensor_1"", ""sensor_2""]",sensor_0,toy_spatial,0,,68.0,4.333913803100586,4.333913803100586,4.333913803100586,0.79755,0.9276,0.79755,0.79755,,,8.667827601718903,20000,20000,,,20000,,0.2,raw_absolute,row,raw_sensor,1.0,0.0,0.0,cyclic,Held-Out Raw Sensor CP,sensor_0,"[""sensor_1"", ""sensor_2""]"
"[""sensor_0"", ""sensor_1"", ""sensor_2""]",sensor_0,toy_spatial,0,,68.0,7.383922576904297,7.383922576904297,7.383922576904297,0.8025,0.9996,0.8025,0.8025,,,14.767845156049727,20000,20000,,,20000,,0.2,raw_absolute,row,raw_sensor,1.0,0.0,0.0,cyclic,Held-Out Raw Sensor CP,sensor_1,"[""sensor_0"", ""sensor_2""]"
"[""sensor_0"", ""sensor_1"", ""sensor_2""]",sensor_0,toy_spatial,0,,68.0,9.628934860229492,9.628934860229492,9.628934860229492,0.7954,1.0,0.7954,0.7954,,,19.25786972169876,20000,20000,,,20000,,0.2,raw_absolute,row,raw_sensor,1.0,0.0,0.0,cyclic,Held-Out Raw Sensor CP,sensor_2,"[""sensor_0"", ""sensor_1""]"
"[""sensor_0"", ""sensor_1"", ""sensor_2""]",sensor_0,toy_spatial,0,,68.0,1.2815515655446008,,,0.78535,0.78535,,,,,4.306222438812256,20000,0,,0.0,20000,,0.2,none,,,,,,,Fused Posterior Predictive,,"[""sensor_0"", ""sensor_1"", ""sensor_2""]"
"[""sensor_0"", ""sensor_1"", ""sensor_2""]",sensor_0,toy_spatial,0,,69.0,1.3190428018569946,1.3190428018569946,1.3190428018569946,0.79465,0.79465,,,,,4.432914506888389,20000,20000,,,20000,,0.2,model_normalized,row,reference,1.0,0.0,1.0,cyclic,Oracle Split Conformal,,"[""sensor_0"", ""sensor_1"", ""sensor_2""]"
"[""sensor_0"", ""sensor_1"", ""sensor_2""]",sensor_0,toy_spatial,0,,69.0,4.337724685668945,4.337724685668945,4.337724685668945,0.79855,0.9303,0.79855,0.79855,,,8.67544936528206,20000,20000,,,20000,,0.2,raw_absolute,row,raw_sensor,1.0,0.0,0.0,cyclic,Held-Out Raw Sensor CP,sensor_0,"[""sensor_1"", ""sensor_2""]"
"[""sensor_0"", ""sensor_1"", ""sensor_2""]",sensor_0,toy_spatial,0,,69.0,7.410762786865234,7.410762786865234,7.410762786865234,0.80615,0.99955,0.80615,0.80615,,,14.82152557621002,20000,20000,,,20000,,0.2,raw_absolute,row,raw_sensor,1.0,0.0,0.0,cyclic,Held-Out Raw Sensor CP,sensor_1,"[""sensor_0"", ""sensor_2""]"
"[""sensor_0"", ""sensor_1"", ""sensor_2""]",sensor_0,toy_spatial,0,,69.0,9.717556953430176,9.717556953430176,9.717556953430176,0.8029,1.0,0.8029,0.8029,,,19.43511390075684,20000,20000,,,20000,,0.2,raw_absolute,row,raw_sensor,1.0,0.0,0.0,cyclic,Held-Out Raw Sensor CP,sensor_2,"[""sensor_0"", ""sensor_1""]"
"[""sensor_0"", ""sensor_1"", ""sensor_2""]",sensor_0,toy_spatial,0,,69.0,1.2815515655446008,,,0.78285,0.78285,,,,,4.306917190551758,20000,0,,0.0,20000,,0.2,none,,,,,,,Fused Posterior Predictive,,"[""sensor_0"", ""sensor_1"", ""sensor_2""]"
"[""sensor_0"", ""sensor_1"", ""sensor_2""]",sensor_0,toy_spatial,0,,70.0,1.327184796333313,1.327184796333313,1.327184796333313,0.80045,0.80045,,,,,4.459586899495124,20000,20000,,,20000,,0.2,model_normalized,row,reference,1.0,0.0,1.0,cyclic,Oracle Split Conformal,,"[""sensor_0"", ""sensor_1"", ""sensor_2""]"
"[""sensor_0"", ""sensor_1"", ""sensor_2""]",sensor_0,toy_spatial,0,,70.0,4.360307693481445,4.360307693481445,4.360307693481445,0.80305,0.93165,0.80305,0.80305,,,8.72061538181305,20000,20000,,,20000,,0.2,raw_absolute,row,raw_sensor,1.0,0.0,0.0,cyclic,Held-Out Raw Sensor CP,sensor_0,"[""sensor_1"", ""sensor_2""]"
"[""sensor_0"", ""sensor_1"", ""sensor_2""]",sensor_0,toy_spatial,0,,70.0,7.382259368896484,7.382259368896484,7.382259368896484,0.80235,0.9995,0.80235,0.80235,,,14.76451874141693,20000,20000,,,20000,,0.2,raw_absolute,row,raw_sensor,1.0,0.0,0.0,cyclic,Held-Out Raw Sensor CP,sensor_1,"[""sensor_0"", ""sensor_2""]"
"[""sensor_0"", ""sensor_1"", ""sensor_2""]",sensor_0,toy_spatial,0,,70.0,9.753534317016602,9.753534317016602,9.753534317016602,0.8055,1.0,0.8055,0.8055,,,19.50706863451004,20000,20000,,,20000,,0.2,raw_absolute,row,raw_sensor,1.0,0.0,0.0,cyclic,Held-Out Raw Sensor CP,sensor_2,"[""sensor_0"", ""sensor_1""]"
"[""sensor_0"", ""sensor_1"", ""sensor_2""]",sensor_0,toy_spatial,0,,70.0,1.2815515655446008,,,0.7857,0.7857,,,,,4.30625057220459,20000,0,,0.0,20000,,0.2,none,,,,,,,Fused Posterior Predictive,,"[""sensor_0"", ""sensor_1"", ""sensor_2""]"
"[""sensor_0"", ""sensor_1"", ""sensor_2""]",sensor_0,toy_spatial,0,,71.0,1.3324706554412842,1.3324706554412842,1.3324706554412842,0.8045,0.8045,,,,,4.477859999370575,20000,20000,,,20000,,0.2,model_normalized,row,reference,1.0,0.0,1.0,cyclic,Oracle Split Conformal,,"[""sensor_0"", ""sensor_1"", ""sensor_2""]"
"[""sensor_0"", ""sensor_1"", ""sensor_2""]",sensor_0,toy_spatial,0,,71.0,4.344452857971191,4.344452857971191,4.344452857971191,0.7998,0.9306,0.7998,0.7998,,,8.688905701684952,20000,20000,,,20000,,0.2,raw_absolute,row,raw_sensor,1.0,0.0,0.0,cyclic,Held-Out Raw Sensor CP,sensor_0,"[""sensor_1"", ""sensor_2""]"
"[""sensor_0"", ""sensor_1"", ""sensor_2""]",sensor_0,toy_spatial,0,,71.0,7.35352897644043,7.35352897644043,7.35352897644043,0.79865,0.99965,0.79865,0.79865,,,14.707057953548432,20000,20000,,,20000,,0.2,raw_absolute,row,raw_sensor,1.0,0.0,0.0,cyclic,Held-Out Raw Sensor CP,sensor_1,"[""sensor_0"", ""sensor_2""]"
"[""sensor_0"", ""sensor_1"", ""sensor_2""]",sensor_0,toy_spatial,0,,71.0,9.67829704284668,9.67829704284668,9.67829704284668,0.7995,1.0,0.7995,0.7995,,,19.356594085979463,20000,20000,,,20000,,0.2,raw_absolute,row,raw_sensor,1.0,0.0,0.0,cyclic,Held-Out Raw Sensor CP,sensor_2,"[""sensor_0"", ""sensor_1""]"
"[""sensor_0"", ""sensor_1"", ""sensor_2""]",sensor_0,toy_spatial,0,,71.0,1.2815515655446008,,,0.7867,0.7867,,,,,4.306743144989014,20000,0,,0.0,20000,,0.2,none,,,,,,,Fused Posterior Predictive,,"[""sensor_0"", ""sensor_1"", ""sensor_2""]"
"[""sensor_0"", ""sensor_1"", ""sensor_2""]",sensor_0,toy_spatial,0,,72.0,1.3266607522964478,1.3266607522964478,1.3266607522964478,0.79985,0.79985,,,,,4.4575919103860855,20000,20000,,,20000,,0.2,model_normalized,row,reference,1.0,0.0,1.0,cyclic,Oracle Split Conformal,,"[""sensor_0"", ""sensor_1"", ""sensor_2""]"
"[""sensor_0"", ""sensor_1"", ""sensor_2""]",sensor_0,toy_spatial,0,,72.0,4.313869476318359,4.313869476318359,4.313869476318359,0.79285,0.9287,0.79285,0.79285,,,8.62773895125389,20000,20000,,,20000,,0.2,raw_absolute,row,raw_sensor,1.0,0.0,0.0,cyclic,Held-Out Raw Sensor CP,sensor_0,"[""sensor_1"", ""sensor_2""]"
"[""sensor_0"", ""sensor_1"", ""sensor_2""]",sensor_0,toy_spatial,0,,72.0,7.352884292602539,7.352884292602539,7.352884292602539,0.79855,0.9996,0.79855,0.79855,,,14.705768586874008,20000,20000,,,20000,,0.2,raw_absolute,row,raw_sensor,1.0,0.0,0.0,cyclic,Held-Out Raw Sensor CP,sensor_1,"[""sensor_0"", ""sensor_2""]"
"[""sensor_0"", ""sensor_1"", ""sensor_2""]",sensor_0,toy_spatial,0,,72.0,9.661518096923828,9.661518096923828,9.661518096923828,0.79845,1.0,0.79845,0.79845,,,19.323036194705963,20000,20000,,,20000,,0.2,raw_absolute,row,raw_sensor,1.0,0.0,0.0,cyclic,Held-Out Raw Sensor CP,sensor_2,"[""sensor_0"", ""sensor_1""]"
"[""sensor_0"", ""sensor_1"", ""sensor_2""]",sensor_0,toy_spatial,0,,72.0,1.2815515655446008,,,0.7856,0.7856,,,,,4.30602502822876,20000,0,,0.0,20000,,0.2,none,,,,,,,Fused Posterior Predictive,,"[""sensor_0"", ""sensor_1"", ""sensor_2""]"
"[""sensor_0"", ""sensor_1"", ""sensor_2""]",sensor_0,toy_spatial,0,,73.0,1.3274999856948853,1.3274999856948853,1.3274999856948853,0.80065,0.80065,,,,,4.460466624975204,20000,20000,,,20000,,0.2,model_normalized,row,reference,1.0,0.0,1.0,cyclic,Oracle Split Conformal,,"[""sensor_0"", ""sensor_1"", ""sensor_2""]"
"[""sensor_0"", ""sensor_1"", ""sensor_2""]",sensor_0,toy_spatial,0,,73.0,4.3376874923706055,4.3376874923706055,4.3376874923706055,0.7985,0.92985,0.7985,0.7985,,,8.675374997806548,20000,20000,,,20000,,0.2,raw_absolute,row,raw_sensor,1.0,0.0,0.0,cyclic,Held-Out Raw Sensor CP,sensor_0,"[""sensor_1"", ""sensor_2""]"
"[""sensor_0"", ""sensor_1"", ""sensor_2""]",sensor_0,toy_spatial,0,,73.0,7.36280632019043,7.36280632019043,7.36280632019043,0.7999,0.9994,0.7999,0.7999,,,14.72561263537407,20000,20000,,,20000,,0.2,raw_absolute,row,raw_sensor,1.0,0.0,0.0,cyclic,Held-Out Raw Sensor CP,sensor_1,"[""sensor_0"", ""sensor_2""]"
"[""sensor_0"", ""sensor_1"", ""sensor_2""]",sensor_0,toy_spatial,0,,73.0,9.660879135131836,9.660879135131836,9.660879135131836,0.79835,1.0,0.79835,0.79835,,,19.321758271694183,20000,20000,,,20000,,0.2,raw_absolute,row,raw_sensor,1.0,0.0,0.0,cyclic,Held-Out Raw Sensor CP,sensor_2,"[""sensor_0"", ""sensor_1""]"
"[""sensor_0"", ""sensor_1"", ""sensor_2""]",sensor_0,toy_spatial,0,,73.0,1.2815515655446008,,,0.78455,0.78455,,,,,4.30607795715332,20000,0,,0.0,20000,,0.2,none,,,,,,,Fused Posterior Predictive,,"[""sensor_0"", ""sensor_1"", ""sensor_2""]"
"[""sensor_0"", ""sensor_1"", ""sensor_2""]",sensor_0,toy_spatial,0,,74.0,1.3266607522964478,1.3266607522964478,1.3266607522964478,0.79985,0.79985,,,,,4.457951168036461,20000,20000,,,20000,,0.2,model_normalized,row,reference,1.0,0.0,1.0,cyclic,Oracle Split Conformal,,"[""sensor_0"", ""sensor_1"", ""sensor_2""]"
"[""sensor_0"", ""sensor_1"", ""sensor_2""]",sensor_0,toy_spatial,0,,74.0,4.320672035217285,4.320672035217285,4.320672035217285,0.7948,0.928,0.7948,0.7948,,,8.641344057178497,20000,20000,,,20000,,0.2,raw_absolute,row,raw_sensor,1.0,0.0,0.0,cyclic,Held-Out Raw Sensor CP,sensor_0,"[""sensor_1"", ""sensor_2""]"
"[""sensor_0"", ""sensor_1"", ""sensor_2""]",sensor_0,toy_spatial,0,,74.0,7.353799819946289,7.353799819946289,7.353799819946289,0.79885,0.99955,0.79885,0.79885,,,14.70759964017868,20000,20000,,,20000,,0.2,raw_absolute,row,raw_sensor,1.0,0.0,0.0,cyclic,Held-Out Raw Sensor CP,sensor_1,"[""sensor_0"", ""sensor_2""]"
"[""sensor_0"", ""sensor_1"", ""sensor_2""]",sensor_0,toy_spatial,0,,74.0,9.697093963623049,9.697093963623049,9.697093963623049,0.80105,1.0,0.80105,0.80105,,,19.3941879281044,20000,20000,,,20000,,0.2,raw_absolute,row,raw_sensor,1.0,0.0,0.0,cyclic,Held-Out Raw Sensor CP,sensor_2,"[""sensor_0"", ""sensor_1""]"
"[""sensor_0"", ""sensor_1"", ""sensor_2""]",sensor_0,toy_spatial,0,,74.0,1.2815515655446008,,,0.7838,0.7838,,,,,4.306371688842773,20000,0,,0.0,20000,,0.2,none,,,,,,,Fused Posterior Predictive,,"[""sensor_0"", ""sensor_1"", ""sensor_2""]"
"[""sensor_0"", ""sensor_1"", ""sensor_2""]",sensor_0,toy_spatial,0,,75.0,1.3251875638961792,1.3251875638961792,1.3251875638961792,0.7987,0.7987,,,,,4.4534471140623095,20000,20000,,,20000,,0.2,model_normalized,row,reference,1.0,0.0,1.0,cyclic,Oracle Split Conformal,,"[""sensor_0"", ""sensor_1"", ""sensor_2""]"
"[""sensor_0"", ""sensor_1"", ""sensor_2""]",sensor_0,toy_spatial,0,,75.0,4.332237243652344,4.332237243652344,4.332237243652344,0.7973,0.9275,0.7973,0.7973,,,8.66447449221611,20000,20000,,,20000,,0.2,raw_absolute,row,raw_sensor,1.0,0.0,0.0,cyclic,Held-Out Raw Sensor CP,sensor_0,"[""sensor_1"", ""sensor_2""]"
"[""sensor_0"", ""sensor_1"", ""sensor_2""]",sensor_0,toy_spatial,0,,75.0,7.350509643554687,7.350509643554687,7.350509643554687,0.79835,0.9995,0.79835,0.79835,,,14.701019287347794,20000,20000,,,20000,,0.2,raw_absolute,row,raw_sensor,1.0,0.0,0.0,cyclic,Held-Out Raw Sensor CP,sensor_1,"[""sensor_0"", ""sensor_2""]"
"[""sensor_0"", ""sensor_1"", ""sensor_2""]",sensor_0,toy_spatial,0,,75.0,9.683388710021973,9.683388710021973,9.683388710021973,0.7998,1.0,0.7998,0.7998,,,19.36677741670609,20000,20000,,,20000,,0.2,raw_absolute,row,raw_sensor,1.0,0.0,0.0,cyclic,Held-Out Raw Sensor CP,sensor_2,"[""sensor_0"", ""sensor_1""]"
"[""sensor_0"", ""sensor_1"", ""sensor_2""]",sensor_0,toy_spatial,0,,75.0,1.2815515655446008,,,0.78465,0.78465,,,,,4.3068037033081055,20000,0,,0.0,20000,,0.2,none,,,,,,,Fused Posterior Predictive,,"[""sensor_0"", ""sensor_1"", ""sensor_2""]"
"[""sensor_0"", ""sensor_1"", ""sensor_2""]",sensor_0,toy_spatial,0,,76.0,1.3217328786849976,1.3217328786849976,1.3217328786849976,0.7965,0.7965,,,,,4.441201550388336,20000,20000,,,20000,,0.2,model_normalized,row,reference,1.0,0.0,1.0,cyclic,Oracle Split Conformal,,"[""sensor_0"", ""sensor_1"", ""sensor_2""]"
"[""sensor_0"", ""sensor_1"", ""sensor_2""]",sensor_0,toy_spatial,0,,76.0,4.3113112449646,4.3113112449646,4.3113112449646,0.7922,0.9265,0.7922,0.7922,,,8.622622917175294,20000,20000,,,20000,,0.2,raw_absolute,row,raw_sensor,1.0,0.0,0.0,cyclic,Held-Out Raw Sensor CP,sensor_0,"[""sensor_1"", ""sensor_2""]"
"[""sensor_0"", ""sensor_1"", ""sensor_2""]",sensor_0,toy_spatial,0,,76.0,7.301918983459473,7.301918983459473,7.301918983459473,0.79205,0.99955,0.79205,0.79205,,,14.60383794851303,20000,20000,,,20000,,0.2,raw_absolute,row,raw_sensor,1.0,0.0,0.0,cyclic,Held-Out Raw Sensor CP,sensor_1,"[""sensor_0"", ""sensor_2""]"
"[""sensor_0"", ""sensor_1"", ""sensor_2""]",sensor_0,toy_spatial,0,,76.0,9.650690078735352,9.650690078735352,9.650690078735352,0.7973,1.0,0.7973,0.7973,,,19.301380155849458,20000,20000,,,20000,,0.2,raw_absolute,row,raw_sensor,1.0,0.0,0.0,cyclic,Held-Out Raw Sensor CP,sensor_2,"[""sensor_0"", ""sensor_1""]"
"[""sensor_0"", ""sensor_1"", ""sensor_2""]",sensor_0,toy_spatial,0,,76.0,1.2815515655446008,,,0.7832,0.7832,,,,,4.306186676025391,20000,0,,0.0,20000,,0.2,none,,,,,,,Fused Posterior Predictive,,"[""sensor_0"", ""sensor_1"", ""sensor_2""]"
"[""sensor_0"", ""sensor_1"", ""sensor_2""]",sensor_0,toy_spatial,0,,77.0,1.3232020139694214,1.3232020139694214,1.3232020139694214,0.79765,0.79765,,,,,4.447260775351524,20000,20000,,,20000,,0.2,model_normalized,row,reference,1.0,0.0,1.0,cyclic,Oracle Split Conformal,,"[""sensor_0"", ""sensor_1"", ""sensor_2""]"
"[""sensor_0"", ""sensor_1"", ""sensor_2""]",sensor_0,toy_spatial,0,,77.0,4.333131790161133,4.333131790161133,4.333131790161133,0.7974,0.9291,0.7974,0.7974,,,8.666263577270508,20000,20000,,,20000,,0.2,raw_absolute,row,raw_sensor,1.0,0.0,0.0,cyclic,Held-Out Raw Sensor CP,sensor_0,"[""sensor_1"", ""sensor_2""]"
"[""sensor_0"", ""sensor_1"", ""sensor_2""]",sensor_0,toy_spatial,0,,77.0,7.372856140136719,7.372856140136719,7.372856140136719,0.8014,0.9996,0.8014,0.8014,,,14.745712279605865,20000,20000,,,20000,,0.2,raw_absolute,row,raw_sensor,1.0,0.0,0.0,cyclic,Held-Out Raw Sensor CP,sensor_1,"[""sensor_0"", ""sensor_2""]"
"[""sensor_0"", ""sensor_1"", ""sensor_2""]",sensor_0,toy_spatial,0,,77.0,9.771018028259276,9.771018028259276,9.771018028259276,0.80685,1.0,0.80685,0.80685,,,19.542036053943637,20000,20000,,,20000,,0.2,raw_absolute,row,raw_sensor,1.0,0.0,0.0,cyclic,Held-Out Raw Sensor CP,sensor_2,"[""sensor_0"", ""sensor_1""]"
"[""sensor_0"", ""sensor_1"", ""sensor_2""]",sensor_0,toy_spatial,0,,77.0,1.2815515655446008,,,0.7832,0.7832,,,,,4.307274341583252,20000,0,,0.0,20000,,0.2,none,,,,,,,Fused Posterior Predictive,,"[""sensor_0"", ""sensor_1"", ""sensor_2""]"
"[""sensor_0"", ""sensor_1"", ""sensor_2""]",sensor_0,toy_spatial,0,,78.0,1.3334659337997437,1.3334659337997437,1.3334659337997437,0.80525,0.80525,,,,,4.480738188385963,20000,20000,,,20000,,0.2,model_normalized,row,reference,1.0,0.0,1.0,cyclic,Oracle Split Conformal,,"[""sensor_0"", ""sensor_1"", ""sensor_2""]"
"[""sensor_0"", ""sensor_1"", ""sensor_2""]",sensor_0,toy_spatial,0,,78.0,4.3171491622924805,4.3171491622924805,4.3171491622924805,0.79405,0.92815,0.79405,0.79405,,,8.634298337554931,20000,20000,,,20000,,0.2,raw_absolute,row,raw_sensor,1.0,0.0,0.0,cyclic,Held-Out Raw Sensor CP,sensor_0,"[""sensor_1"", ""sensor_2""]"
"[""sensor_0"", ""sensor_1"", ""sensor_2""]",sensor_0,toy_spatial,0,,78.0,7.376680374145508,7.376680374145508,7.376680374145508,0.80195,0.9996,0.80195,0.80195,,,14.75336074604988,20000,20000,,,20000,,0.2,raw_absolute,row,raw_sensor,1.0,0.0,0.0,cyclic,Held-Out Raw Sensor CP,sensor_1,"[""sensor_0"", ""sensor_2""]"
"[""sensor_0"", ""sensor_1"", ""sensor_2""]",sensor_0,toy_spatial,0,,78.0,9.74285125732422,9.74285125732422,9.74285125732422,0.80475,1.0,0.80475,0.80475,,,19.48570251579285,20000,20000,,,20000,,0.2,raw_absolute,row,raw_sensor,1.0,0.0,0.0,cyclic,Held-Out Raw Sensor CP,sensor_2,"[""sensor_0"", ""sensor_1""]"
"[""sensor_0"", ""sensor_1"", ""sensor_2""]",sensor_0,toy_spatial,0,,78.0,1.2815515655446008,,,0.7882,0.7882,,,,,4.3062944412231445,20000,0,,0.0,20000,,0.2,none,,,,,,,Fused Posterior Predictive,,"[""sensor_0"", ""sensor_1"", ""sensor_2""]"
"[""sensor_0"", ""sensor_1"", ""sensor_2""]",sensor_0,toy_spatial,0,,79.0,1.3266384601593018,1.3266384601593018,1.3266384601593018,0.7998,0.7998,,,,,4.45759187643528,20000,20000,,,20000,,0.2,model_normalized,row,reference,1.0,0.0,1.0,cyclic,Oracle Split Conformal,,"[""sensor_0"", ""sensor_1"", ""sensor_2""]"
"[""sensor_0"", ""sensor_1"", ""sensor_2""]",sensor_0,toy_spatial,0,,79.0,4.366848945617676,4.366848945617676,4.366848945617676,0.8042,0.93035,0.8042,0.8042,,,8.733697879171372,20000,20000,,,20000,,0.2,raw_absolute,row,raw_sensor,1.0,0.0,0.0,cyclic,Held-Out Raw Sensor CP,sensor_0,"[""sensor_1"", ""sensor_2""]"
"[""sensor_0"", ""sensor_1"", ""sensor_2""]",sensor_0,toy_spatial,0,,79.0,7.371809005737305,7.371809005737305,7.371809005737305,0.8013,0.99925,0.8013,0.8013,,,14.74361801457405,20000,20000,,,20000,,0.2,raw_absolute,row,raw_sensor,1.0,0.0,0.0,cyclic,Held-Out Raw Sensor CP,sensor_1,"[""sensor_0"", ""sensor_2""]"
"[""sensor_0"", ""sensor_1"", ""sensor_2""]",sensor_0,toy_spatial,0,,79.0,9.773422241210938,9.773422241210938,9.773422241210938,0.80705,1.0,0.80705,0.80705,,,19.54684448366165,20000,20000,,,20000,,0.2,raw_absolute,row,raw_sensor,1.0,0.0,0.0,cyclic,Held-Out Raw Sensor CP,sensor_2,"[""sensor_0"", ""sensor_1""]"
"[""sensor_0"", ""sensor_1"", ""sensor_2""]",sensor_0,toy_spatial,0,,79.0,1.2815515655446008,,,0.78585,0.78585,,,,,4.306097030639648,20000,0,,0.0,20000,,0.2,none,,,,,,,Fused Posterior Predictive,,"[""sensor_0"", ""sensor_1"", ""sensor_2""]"
"[""sensor_0"", ""sensor_1"", ""sensor_2""]",sensor_0,toy_spatial,0,,80.0,1.3216761350631714,1.3216761350631714,1.3216761350631714,0.79645,0.79645,,,,,4.441213946413994,20000,20000,,,20000,,0.2,model_normalized,row,reference,1.0,0.0,1.0,cyclic,Oracle Split Conformal,,"[""sensor_0"", ""sensor_1"", ""sensor_2""]"
"[""sensor_0"", ""sensor_1"", ""sensor_2""]",sensor_0,toy_spatial,0,,80.0,4.345239639282227,4.345239639282227,4.345239639282227,0.80005,0.92995,0.80005,0.80005,,,8.690479274749755,20000,20000,,,20000,,0.2,raw_absolute,row,raw_sensor,1.0,0.0,0.0,cyclic,Held-Out Raw Sensor CP,sensor_0,"[""sensor_1"", ""sensor_2""]"
"[""sensor_0"", ""sensor_1"", ""sensor_2""]",sensor_0,toy_spatial,0,,80.0,7.392299652099609,7.392299652099609,7.392299652099609,0.80335,0.9995,0.80335,0.80335,,,14.784599303007123,20000,20000,,,20000,,0.2,raw_absolute,row,raw_sensor,1.0,0.0,0.0,cyclic,Held-Out Raw Sensor CP,sensor_1,"[""sensor_0"", ""sensor_2""]"
"[""sensor_0"", ""sensor_1"", ""sensor_2""]",sensor_0,toy_spatial,0,,80.0,9.685562133789062,9.685562133789062,9.685562133789062,0.79995,1.0,0.79995,0.79995,,,19.371124269390105,20000,20000,,,20000,,0.2,raw_absolute,row,raw_sensor,1.0,0.0,0.0,cyclic,Held-Out Raw Sensor CP,sensor_2,"[""sensor_0"", ""sensor_1""]"
"[""sensor_0"", ""sensor_1"", ""sensor_2""]",sensor_0,toy_spatial,0,,80.0,1.2815515655446008,,,0.78325,0.78325,,,,,4.3063836097717285,20000,0,,0.0,20000,,0.2,none,,,,,,,Fused Posterior Predictive,,"[""sensor_0"", ""sensor_1"", ""sensor_2""]"
"[""sensor_0"", ""sensor_1"", ""sensor_2""]",sensor_0,toy_spatial,0,,81.0,1.333475112915039,1.333475112915039,1.333475112915039,0.8053,0.8053,,,,,4.481186345767975,20000,20000,,,20000,,0.2,model_normalized,row,reference,1.0,0.0,1.0,cyclic,Oracle Split Conformal,,"[""sensor_0"", ""sensor_1"", ""sensor_2""]"
"[""sensor_0"", ""sensor_1"", ""sensor_2""]",sensor_0,toy_spatial,0,,81.0,4.376532554626465,4.376532554626465,4.376532554626465,0.8063,0.9331,0.8063,0.8063,,,8.753065125131608,20000,20000,,,20000,,0.2,raw_absolute,row,raw_sensor,1.0,0.0,0.0,cyclic,Held-Out Raw Sensor CP,sensor_0,"[""sensor_1"", ""sensor_2""]"
"[""sensor_0"", ""sensor_1"", ""sensor_2""]",sensor_0,toy_spatial,0,,81.0,7.376178741455078,7.376178741455078,7.376178741455078,0.8019,0.99955,0.8019,0.8019,,,14.752357486391068,20000,20000,,,20000,,0.2,raw_absolute,row,raw_sensor,1.0,0.0,0.0,cyclic,Held-Out Raw Sensor CP,sensor_1,"[""sensor_0"", ""sensor_2""]"
"[""sensor_0"", ""sensor_1"", ""sensor_2""]",sensor_0,toy_spatial,0,,81.0,9.757757186889648,9.757757186889648,9.757757186889648,0.80575,1.0,0.80575,0.80575,,,19.51551437273025,20000,20000,,,20000,,0.2,raw_absolute,row,raw_sensor,1.0,0.0,0.0,cyclic,Held-Out Raw Sensor CP,sensor_2,"[""sensor_0"", ""sensor_1""]"
"[""sensor_0"", ""sensor_1"", ""sensor_2""]",sensor_0,toy_spatial,0,,81.0,1.2815515655446008,,,0.78765,0.78765,,,,,4.306695938110352,20000,0,,0.0,20000,,0.2,none,,,,,,,Fused Posterior Predictive,,"[""sensor_0"", ""sensor_1"", ""sensor_2""]"
"[""sensor_0"", ""sensor_1"", ""sensor_2""]",sensor_0,toy_spatial,0,,82.0,1.3322882652282717,1.3322882652282717,1.3322882652282717,0.8043,0.8043,,,,,4.476867623806,20000,20000,,,20000,,0.2,model_normalized,row,reference,1.0,0.0,1.0,cyclic,Oracle Split Conformal,,"[""sensor_0"", ""sensor_1"", ""sensor_2""]"
"[""sensor_0"", ""sensor_1"", ""sensor_2""]",sensor_0,toy_spatial,0,,82.0,4.3470611572265625,4.3470611572265625,4.3470611572265625,0.8006,0.9303,0.8006,0.8006,,,8.694122315835953,20000,20000,,,20000,,0.2,raw_absolute,row,raw_sensor,1.0,0.0,0.0,cyclic,Held-Out Raw Sensor CP,sensor_0,"[""sensor_1"", ""sensor_2""]"
"[""sensor_0"", ""sensor_1"", ""sensor_2""]",sensor_0,toy_spatial,0,,82.0,7.343688011169434,7.343688011169434,7.343688011169434,0.79755,0.99935,0.79755,0.79755,,,14.687376032209396,20000,20000,,,20000,,0.2,raw_absolute,row,raw_sensor,1.0,0.0,0.0,cyclic,Held-Out Raw Sensor CP,sensor_1,"[""sensor_0"", ""sensor_2""]"
"[""sensor_0"", ""sensor_1"", ""sensor_2""]",sensor_0,toy_spatial,0,,82.0,9.748584747314451,9.748584747314451,9.748584747314451,0.80525,1.0,0.80525,0.80525,,,19.497169489192963,20000,20000,,,20000,,0.2,raw_absolute,row,raw_sensor,1.0,0.0,0.0,cyclic,Held-Out Raw Sensor CP,sensor_2,"[""sensor_0"", ""sensor_1""]"
"[""sensor_0"", ""sensor_1"", ""sensor_2""]",sensor_0,toy_spatial,0,,82.0,1.2815515655446008,,,0.786,0.786,,,,,4.30637788772583,20000,0,,0.0,20000,,0.2,none,,,,,,,Fused Posterior Predictive,,"[""sensor_0"", ""sensor_1"", ""sensor_2""]"
"[""sensor_0"", ""sensor_1"", ""sensor_2""]",sensor_0,toy_spatial,0,,83.0,1.3212478160858154,1.3212478160858154,1.3212478160858154,0.7961,0.7961,,,,,4.440642339038849,20000,20000,,,20000,,0.2,model_normalized,row,reference,1.0,0.0,1.0,cyclic,Oracle Split Conformal,,"[""sensor_0"", ""sensor_1"", ""sensor_2""]"
"[""sensor_0"", ""sensor_1"", ""sensor_2""]",sensor_0,toy_spatial,0,,83.0,4.369937896728516,4.369937896728516,4.369937896728516,0.805,0.93225,0.805,0.805,,,8.739875795030594,20000,20000,,,20000,,0.2,raw_absolute,row,raw_sensor,1.0,0.0,0.0,cyclic,Held-Out Raw Sensor CP,sensor_0,"[""sensor_1"", ""sensor_2""]"
"[""sensor_0"", ""sensor_1"", ""sensor_2""]",sensor_0,toy_spatial,0,,83.0,7.394086837768555,7.394086837768555,7.394086837768555,0.8036,0.9994,0.8036,0.8036,,,14.788173670196532,20000,20000,,,20000,,0.2,raw_absolute,row,raw_sensor,1.0,0.0,0.0,cyclic,Held-Out Raw Sensor CP,sensor_1,"[""sensor_0"", ""sensor_2""]"
"[""sensor_0"", ""sensor_1"", ""sensor_2""]",sensor_0,toy_spatial,0,,83.0,9.660233497619627,9.660233497619627,9.660233497619627,0.79825,1.0,0.79825,0.79825,,,19.320466989135745,20000,20000,,,20000,,0.2,raw_absolute,row,raw_sensor,1.0,0.0,0.0,cyclic,Held-Out Raw Sensor CP,sensor_2,"[""sensor_0"", ""sensor_1""]"
"[""sensor_0"", ""sensor_1"", ""sensor_2""]",sensor_0,toy_spatial,0,,83.0,1.2815515655446008,,,0.7825,0.7825,,,,,4.307225704193115,20000,0,,0.0,20000,,0.2,none,,,,,,,Fused Posterior Predictive,,"[""sensor_0"", ""sensor_1"", ""sensor_2""]"
"[""sensor_0"", ""sensor_1"", ""sensor_2""]",sensor_0,toy_spatial,0,,84.0,1.3299654722213743,1.3299654722213743,1.3299654722213743,0.80275,0.80275,,,,,4.470364479374886,20000,20000,,,20000,,0.2,model_normalized,row,reference,1.0,0.0,1.0,cyclic,Oracle Split Conformal,,"[""sensor_0"", ""sensor_1"", ""sensor_2""]"
"[""sensor_0"", ""sensor_1"", ""sensor_2""]",sensor_0,toy_spatial,0,,84.0,4.350227355957031,4.350227355957031,4.350227355957031,0.80115,0.92985,0.80115,0.80115,,,8.700454712867737,20000,20000,,,20000,,0.2,raw_absolute,row,raw_sensor,1.0,0.0,0.0,cyclic,Held-Out Raw Sensor CP,sensor_0,"[""sensor_1"", ""sensor_2""]"
"[""sensor_0"", ""sensor_1"", ""sensor_2""]",sensor_0,toy_spatial,0,,84.0,7.427765846252441,7.427765846252441,7.427765846252441,0.808,0.99945,0.808,0.808,,,14.85553168463707,20000,20000,,,20000,,0.2,raw_absolute,row,raw_sensor,1.0,0.0,0.0,cyclic,Held-Out Raw Sensor CP,sensor_1,"[""sensor_0"", ""sensor_2""]"
"[""sensor_0"", ""sensor_1"", ""sensor_2""]",sensor_0,toy_spatial,0,,84.0,9.725728034973145,9.725728034973145,9.725728034973145,0.80365,1.0,0.80365,0.80365,,,19.4514560628891,20000,20000,,,20000,,0.2,raw_absolute,row,raw_sensor,1.0,0.0,0.0,cyclic,Held-Out Raw Sensor CP,sensor_2,"[""sensor_0"", ""sensor_1""]"
"[""sensor_0"", ""sensor_1"", ""sensor_2""]",sensor_0,toy_spatial,0,,84.0,1.2815515655446008,,,0.7863,0.7863,,,,,4.307632923126221,20000,0,,0.0,20000,,0.2,none,,,,,,,Fused Posterior Predictive,,"[""sensor_0"", ""sensor_1"", ""sensor_2""]"
"[""sensor_0"", ""sensor_1"", ""sensor_2""]",sensor_0,toy_spatial,0,,85.0,1.327354073524475,1.327354073524475,1.327354073524475,0.8005,0.8005,,,,,4.46046514570713,20000,20000,,,20000,,0.2,model_normalized,row,reference,1.0,0.0,1.0,cyclic,Oracle Split Conformal,,"[""sensor_0"", ""sensor_1"", ""sensor_2""]"
"[""sensor_0"", ""sensor_1"", ""sensor_2""]",sensor_0,toy_spatial,0,,85.0,4.3211989402771,4.3211989402771,4.3211989402771,0.79495,0.92655,0.79495,0.79495,,,8.642398312091828,20000,20000,,,20000,,0.2,raw_absolute,row,raw_sensor,1.0,0.0,0.0,cyclic,Held-Out Raw Sensor CP,sensor_0,"[""sensor_1"", ""sensor_2""]"
"[""sensor_0"", ""sensor_1"", ""sensor_2""]",sensor_0,toy_spatial,0,,85.0,7.368076324462891,7.368076324462891,7.368076324462891,0.80095,0.9994,0.80095,0.80095,,,14.736152652311326,20000,20000,,,20000,,0.2,raw_absolute,row,raw_sensor,1.0,0.0,0.0,cyclic,Held-Out Raw Sensor CP,sensor_1,"[""sensor_0"", ""sensor_2""]"
"[""sensor_0"", ""sensor_1"", ""sensor_2""]",sensor_0,toy_spatial,0,,85.0,9.65462875366211,9.65462875366211,9.65462875366211,0.7976,1.0,0.7976,0.7976,,,19.309257504177094,20000,20000,,,20000,,0.2,raw_absolute,row,raw_sensor,1.0,0.0,0.0,cyclic,Held-Out Raw Sensor CP,sensor_2,"[""sensor_0"", ""sensor_1""]"
"[""sensor_0"", ""sensor_1"", ""sensor_2""]",sensor_0,toy_spatial,0,,85.0,1.2815515655446008,,,0.7855,0.7855,,,,,4.306550025939941,20000,0,,0.0,20000,,0.2,none,,,,,,,Fused Posterior Predictive,,"[""sensor_0"", ""sensor_1"", ""sensor_2""]"
"[""sensor_0"", ""sensor_1"", ""sensor_2""]",sensor_0,toy_spatial,0,,86.0,1.327184796333313,1.327184796333313,1.327184796333313,0.80045,0.80045,,,,,4.459867862081528,20000,20000,,,20000,,0.2,model_normalized,row,reference,1.0,0.0,1.0,cyclic,Oracle Split Conformal,,"[""sensor_0"", ""sensor_1"", ""sensor_2""]"
"[""sensor_0"", ""sensor_1"", ""sensor_2""]",sensor_0,toy_spatial,0,,86.0,4.360307693481445,4.360307693481445,4.360307693481445,0.80305,0.9312,0.80305,0.80305,,,8.720615387678146,20000,20000,,,20000,,0.2,raw_absolute,row,raw_sensor,1.0,0.0,0.0,cyclic,Held-Out Raw Sensor CP,sensor_0,"[""sensor_1"", ""sensor_2""]"
"[""sensor_0"", ""sensor_1"", ""sensor_2""]",sensor_0,toy_spatial,0,,86.0,7.42812442779541,7.42812442779541,7.42812442779541,0.8082,0.99955,0.8082,0.8082,,,14.85624884185791,20000,20000,,,20000,,0.2,raw_absolute,row,raw_sensor,1.0,0.0,0.0,cyclic,Held-Out Raw Sensor CP,sensor_1,"[""sensor_0"", ""sensor_2""]"
"[""sensor_0"", ""sensor_1"", ""sensor_2""]",sensor_0,toy_spatial,0,,86.0,9.734674453735352,9.734674453735352,9.734674453735352,0.8041,1.0,0.8041,0.8041,,,19.46934890975952,20000,20000,,,20000,,0.2,raw_absolute,row,raw_sensor,1.0,0.0,0.0,cyclic,Held-Out Raw Sensor CP,sensor_2,"[""sensor_0"", ""sensor_1""]"
"[""sensor_0"", ""sensor_1"", ""sensor_2""]",sensor_0,toy_spatial,0,,86.0,1.2815515655446008,,,0.78565,0.78565,,,,,4.306522369384766,20000,0,,0.0,20000,,0.2,none,,,,,,,Fused Posterior Predictive,,"[""sensor_0"", ""sensor_1"", ""sensor_2""]"
"[""sensor_0"", ""sensor_1"", ""sensor_2""]",sensor_0,toy_spatial,0,,87.0,1.323997139930725,1.323997139930725,1.323997139930725,0.7979,0.7979,,,,,4.448647035264969,20000,20000,,,20000,,0.2,model_normalized,row,reference,1.0,0.0,1.0,cyclic,Oracle Split Conformal,,"[""sensor_0"", ""sensor_1"", ""sensor_2""]"
"[""sensor_0"", ""sensor_1"", ""sensor_2""]",sensor_0,toy_spatial,0,,87.0,4.368864059448242,4.368864059448242,4.368864059448242,0.80465,0.93185,0.80465,0.80465,,,8.737728115940094,20000,20000,,,20000,,0.2,raw_absolute,row,raw_sensor,1.0,0.0,0.0,cyclic,Held-Out Raw Sensor CP,sensor_0,"[""sensor_1"", ""sensor_2""]"
"[""sensor_0"", ""sensor_1"", ""sensor_2""]",sensor_0,toy_spatial,0,,87.0,7.34641170501709,7.34641170501709,7.34641170501709,0.7978,0.99955,0.7978,0.7978,,,14.69282341580391,20000,20000,,,20000,,0.2,raw_absolute,row,raw_sensor,1.0,0.0,0.0,cyclic,Held-Out Raw Sensor CP,sensor_1,"[""sensor_0"", ""sensor_2""]"
"[""sensor_0"", ""sensor_1"", ""sensor_2""]",sensor_0,toy_spatial,0,,87.0,9.618629455566406,9.618629455566406,9.618629455566406,0.79455,1.0,0.79455,0.79455,,,19.237258912849427,20000,20000,,,20000,,0.2,raw_absolute,row,raw_sensor,1.0,0.0,0.0,cyclic,Held-Out Raw Sensor CP,sensor_2,"[""sensor_0"", ""sensor_1""]"
"[""sensor_0"", ""sensor_1"", ""sensor_2""]",sensor_0,toy_spatial,0,,87.0,1.2815515655446008,,,0.7838,0.7838,,,,,4.306029796600342,20000,0,,0.0,20000,,0.2,none,,,,,,,Fused Posterior Predictive,,"[""sensor_0"", ""sensor_1"", ""sensor_2""]"
"[""sensor_0"", ""sensor_1"", ""sensor_2""]",sensor_0,toy_spatial,0,,88.0,1.329701542854309,1.329701542854309,1.329701542854309,0.8025,0.8025,,,,,4.469278902697563,20000,20000,,,20000,,0.2,model_normalized,row,reference,1.0,0.0,1.0,cyclic,Oracle Split Conformal,,"[""sensor_0"", ""sensor_1"", ""sensor_2""]"
"[""sensor_0"", ""sensor_1"", ""sensor_2""]",sensor_0,toy_spatial,0,,88.0,4.331215858459473,4.331215858459473,4.331215858459473,0.79705,0.92975,0.79705,0.79705,,,8.66243169760704,20000,20000,,,20000,,0.2,raw_absolute,row,raw_sensor,1.0,0.0,0.0,cyclic,Held-Out Raw Sensor CP,sensor_0,"[""sensor_1"", ""sensor_2""]"
"[""sensor_0"", ""sensor_1"", ""sensor_2""]",sensor_0,toy_spatial,0,,88.0,7.373542785644531,7.373542785644531,7.373542785644531,0.8015,0.9994,0.8015,0.8015,,,14.74708557252884,20000,20000,,,20000,,0.2,raw_absolute,row,raw_sensor,1.0,0.0,0.0,cyclic,Held-Out Raw Sensor CP,sensor_1,"[""sensor_0"", ""sensor_2""]"
"[""sensor_0"", ""sensor_1"", ""sensor_2""]",sensor_0,toy_spatial,0,,88.0,9.669092178344728,9.669092178344728,9.669092178344728,0.7989,1.0,0.7989,0.7989,,,19.338184354400635,20000,20000,,,20000,,0.2,raw_absolute,row,raw_sensor,1.0,0.0,0.0,cyclic,Held-Out Raw Sensor CP,sensor_2,"[""sensor_0"", ""sensor_1""]"
"[""sensor_0"", ""sensor_1"", ""sensor_2""]",sensor_0,toy_spatial,0,,88.0,1.2815515655446008,,,0.7858,0.7858,,,,,4.307441234588623,20000,0,,0.0,20000,,0.2,none,,,,,,,Fused Posterior Predictive,,"[""sensor_0"", ""sensor_1"", ""sensor_2""]"
"[""sensor_0"", ""sensor_1"", ""sensor_2""]",sensor_0,toy_spatial,0,,89.0,1.3377764225006104,1.3377764225006104,1.3377764225006104,0.8075,0.8075,,,,,4.495071403336525,20000,20000,,,20000,,0.2,model_normalized,row,reference,1.0,0.0,1.0,cyclic,Oracle Split Conformal,,"[""sensor_0"", ""sensor_1"", ""sensor_2""]"
"[""sensor_0"", ""sensor_1"", ""sensor_2""]",sensor_0,toy_spatial,0,,89.0,4.359437942504883,4.359437942504883,4.359437942504883,0.80295,0.92925,0.80295,0.80295,,,8.718875884103776,20000,20000,,,20000,,0.2,raw_absolute,row,raw_sensor,1.0,0.0,0.0,cyclic,Held-Out Raw Sensor CP,sensor_0,"[""sensor_1"", ""sensor_2""]"
"[""sensor_0"", ""sensor_1"", ""sensor_2""]",sensor_0,toy_spatial,0,,89.0,7.3923540115356445,7.3923540115356445,7.3923540115356445,0.8034,0.9996,0.8034,0.8034,,,14.784708014440536,20000,20000,,,20000,,0.2,raw_absolute,row,raw_sensor,1.0,0.0,0.0,cyclic,Held-Out Raw Sensor CP,sensor_1,"[""sensor_0"", ""sensor_2""]"
"[""sensor_0"", ""sensor_1"", ""sensor_2""]",sensor_0,toy_spatial,0,,89.0,9.712406158447266,9.712406158447266,9.712406158447266,0.8025,1.0,0.8025,0.8025,,,19.424812316036224,20000,20000,,,20000,,0.2,raw_absolute,row,raw_sensor,1.0,0.0,0.0,cyclic,Held-Out Raw Sensor CP,sensor_2,"[""sensor_0"", ""sensor_1""]"
"[""sensor_0"", ""sensor_1"", ""sensor_2""]",sensor_0,toy_spatial,0,,89.0,1.2815515655446008,,,0.7883,0.7883,,,,,4.306149959564209,20000,0,,0.0,20000,,0.2,none,,,,,,,Fused Posterior Predictive,,"[""sensor_0"", ""sensor_1"", ""sensor_2""]"
"[""sensor_0"", ""sensor_1"", ""sensor_2""]",sensor_0,toy_spatial,0,,90.0,1.333475112915039,1.333475112915039,1.333475112915039,0.8053,0.8053,,,,,4.481305990195274,20000,20000,,,20000,,0.2,model_normalized,row,reference,1.0,0.0,1.0,cyclic,Oracle Split Conformal,,"[""sensor_0"", ""sensor_1"", ""sensor_2""]"
"[""sensor_0"", ""sensor_1"", ""sensor_2""]",sensor_0,toy_spatial,0,,90.0,4.352010250091553,4.352010250091553,4.352010250091553,0.8014,0.92995,0.8014,0.8014,,,8.70402093219757,20000,20000,,,20000,,0.2,raw_absolute,row,raw_sensor,1.0,0.0,0.0,cyclic,Held-Out Raw Sensor CP,sensor_0,"[""sensor_1"", ""sensor_2""]"
"[""sensor_0"", ""sensor_1"", ""sensor_2""]",sensor_0,toy_spatial,0,,90.0,7.425029754638672,7.425029754638672,7.425029754638672,0.8077,0.9995,0.8077,0.8077,,,14.850059511184693,20000,20000,,,20000,,0.2,raw_absolute,row,raw_sensor,1.0,0.0,0.0,cyclic,Held-Out Raw Sensor CP,sensor_1,"[""sensor_0"", ""sensor_2""]"
"[""sensor_0"", ""sensor_1"", ""sensor_2""]",sensor_0,toy_spatial,0,,90.0,9.617143630981444,9.617143630981444,9.617143630981444,0.79435,1.0,0.79435,0.79435,,,19.234287259960176,20000,20000,,,20000,,0.2,raw_absolute,row,raw_sensor,1.0,0.0,0.0,cyclic,Held-Out Raw Sensor CP,sensor_2,"[""sensor_0"", ""sensor_1""]"
"[""sensor_0"", ""sensor_1"", ""sensor_2""]",sensor_0,toy_spatial,0,,90.0,1.2815515655446008,,,0.78735,0.78735,,,,,4.306810855865479,20000,0,,0.0,20000,,0.2,none,,,,,,,Fused Posterior Predictive,,"[""sensor_0"", ""sensor_1"", ""sensor_2""]"
"[""sensor_0"", ""sensor_1"", ""sensor_2""]",sensor_0,toy_spatial,0,,91.0,1.332132339477539,1.332132339477539,1.332132339477539,0.80395,0.80395,,,,,4.477079393076897,20000,20000,,,20000,,0.2,model_normalized,row,reference,1.0,0.0,1.0,cyclic,Oracle Split Conformal,,"[""sensor_0"", ""sensor_1"", ""sensor_2""]"
"[""sensor_0"", ""sensor_1"", ""sensor_2""]",sensor_0,toy_spatial,0,,91.0,4.364208221435547,4.364208221435547,4.364208221435547,0.80365,0.93235,0.80365,0.80365,,,8.728416444063187,20000,20000,,,20000,,0.2,raw_absolute,row,raw_sensor,1.0,0.0,0.0,cyclic,Held-Out Raw Sensor CP,sensor_0,"[""sensor_1"", ""sensor_2""]"
"[""sensor_0"", ""sensor_1"", ""sensor_2""]",sensor_0,toy_spatial,0,,91.0,7.373041152954102,7.373041152954102,7.373041152954102,0.80145,0.99965,0.80145,0.80145,,,14.746082304239271,20000,20000,,,20000,,0.2,raw_absolute,row,raw_sensor,1.0,0.0,0.0,cyclic,Held-Out Raw Sensor CP,sensor_1,"[""sensor_0"", ""sensor_2""]"
"[""sensor_0"", ""sensor_1"", ""sensor_2""]",sensor_0,toy_spatial,0,,91.0,9.706131935119627,9.706131935119627,9.706131935119627,0.8018,1.0,0.8018,0.8018,,,19.412263871955872,20000,20000,,,20000,,0.2,raw_absolute,row,raw_sensor,1.0,0.0,0.0,cyclic,Held-Out Raw Sensor CP,sensor_2,"[""sensor_0"", ""sensor_1""]"
"[""sensor_0"", ""sensor_1"", ""sensor_2""]",sensor_0,toy_spatial,0,,91.0,1.2815515655446008,,,0.7862,0.7862,,,,,4.307085990905762,20000,0,,0.0,20000,,0.2,none,,,,,,,Fused Posterior Predictive,,"[""sensor_0"", ""sensor_1"", ""sensor_2""]"
"[""sensor_0"", ""sensor_1"", ""sensor_2""]",sensor_0,toy_spatial,0,,92.0,1.3268067836761477,1.3268067836761477,1.3268067836761477,0.80005,0.80005,,,,,4.458681729650498,20000,20000,,,20000,,0.2,model_normalized,row,reference,1.0,0.0,1.0,cyclic,Oracle Split Conformal,,"[""sensor_0"", ""sensor_1"", ""sensor_2""]"
"[""sensor_0"", ""sensor_1"", ""sensor_2""]",sensor_0,toy_spatial,0,,92.0,4.35707950592041,4.35707950592041,4.35707950592041,0.80255,0.92815,0.80255,0.80255,,,8.71415899887085,20000,20000,,,20000,,0.2,raw_absolute,row,raw_sensor,1.0,0.0,0.0,cyclic,Held-Out Raw Sensor CP,sensor_0,"[""sensor_1"", ""sensor_2""]"
"[""sensor_0"", ""sensor_1"", ""sensor_2""]",sensor_0,toy_spatial,0,,92.0,7.306256294250488,7.306256294250488,7.306256294250488,0.79245,0.99965,0.79245,0.79245,,,14.612512580156327,20000,20000,,,20000,,0.2,raw_absolute,row,raw_sensor,1.0,0.0,0.0,cyclic,Held-Out Raw Sensor CP,sensor_1,"[""sensor_0"", ""sensor_2""]"
"[""sensor_0"", ""sensor_1"", ""sensor_2""]",sensor_0,toy_spatial,0,,92.0,9.699398040771484,9.699398040771484,9.699398040771484,0.8014,1.0,0.8014,0.8014,,,19.398796083259583,20000,20000,,,20000,,0.2,raw_absolute,row,raw_sensor,1.0,0.0,0.0,cyclic,Held-Out Raw Sensor CP,sensor_2,"[""sensor_0"", ""sensor_1""]"
"[""sensor_0"", ""sensor_1"", ""sensor_2""]",sensor_0,toy_spatial,0,,92.0,1.2815515655446008,,,0.7848,0.7848,,,,,4.306602954864502,20000,0,,0.0,20000,,0.2,none,,,,,,,Fused Posterior Predictive,,"[""sensor_0"", ""sensor_1"", ""sensor_2""]"
"[""sensor_0"", ""sensor_1"", ""sensor_2""]",sensor_0,toy_spatial,0,,93.0,1.332132339477539,1.332132339477539,1.332132339477539,0.80395,0.80395,,,,,4.475847033858299,20000,20000,,,20000,,0.2,model_normalized,row,reference,1.0,0.0,1.0,cyclic,Oracle Split Conformal,,"[""sensor_0"", ""sensor_1"", ""sensor_2""]"
"[""sensor_0"", ""sensor_1"", ""sensor_2""]",sensor_0,toy_spatial,0,,93.0,4.365718841552734,4.365718841552734,4.365718841552734,0.80395,0.93295,0.80395,0.80395,,,8.731437685966492,20000,20000,,,20000,,0.2,raw_absolute,row,raw_sensor,1.0,0.0,0.0,cyclic,Held-Out Raw Sensor CP,sensor_0,"[""sensor_1"", ""sensor_2""]"
"[""sensor_0"", ""sensor_1"", ""sensor_2""]",sensor_0,toy_spatial,0,,93.0,7.403374671936035,7.403374671936035,7.403374671936035,0.80485,0.99955,0.80485,0.80485,,,14.806749327611923,20000,20000,,,20000,,0.2,raw_absolute,row,raw_sensor,1.0,0.0,0.0,cyclic,Held-Out Raw Sensor CP,sensor_1,"[""sensor_0"", ""sensor_2""]"
"[""sensor_0"", ""sensor_1"", ""sensor_2""]",sensor_0,toy_spatial,0,,93.0,9.567781448364258,9.567781448364258,9.567781448364258,0.79075,1.0,0.79075,0.79075,,,19.13556289625168,20000,20000,,,20000,,0.2,raw_absolute,row,raw_sensor,1.0,0.0,0.0,cyclic,Held-Out Raw Sensor CP,sensor_2,"[""sensor_0"", ""sensor_1""]"
"[""sensor_0"", ""sensor_1"", ""sensor_2""]",sensor_0,toy_spatial,0,,93.0,1.2815515655446008,,,0.78675,0.78675,,,,,4.305900096893311,20000,0,,0.0,20000,,0.2,none,,,,,,,Fused Posterior Predictive,,"[""sensor_0"", ""sensor_1"", ""sensor_2""]"
"[""sensor_0"", ""sensor_1"", ""sensor_2""]",sensor_0,toy_spatial,0,,94.0,1.324385643005371,1.324385643005371,1.324385643005371,0.7983,0.7983,,,,,4.451390330600739,20000,20000,,,20000,,0.2,model_normalized,row,reference,1.0,0.0,1.0,cyclic,Oracle Split Conformal,,"[""sensor_0"", ""sensor_1"", ""sensor_2""]"
"[""sensor_0"", ""sensor_1"", ""sensor_2""]",sensor_0,toy_spatial,0,,94.0,4.352222442626953,4.352222442626953,4.352222442626953,0.80155,0.9317,0.80155,0.80155,,,8.704444889163971,20000,20000,,,20000,,0.2,raw_absolute,row,raw_sensor,1.0,0.0,0.0,cyclic,Held-Out Raw Sensor CP,sensor_0,"[""sensor_1"", ""sensor_2""]"
"[""sensor_0"", ""sensor_1"", ""sensor_2""]",sensor_0,toy_spatial,0,,94.0,7.365325927734375,7.365325927734375,7.365325927734375,0.8003,0.9996,0.8003,0.8003,,,14.730651848888398,20000,20000,,,20000,,0.2,raw_absolute,row,raw_sensor,1.0,0.0,0.0,cyclic,Held-Out Raw Sensor CP,sensor_1,"[""sensor_0"", ""sensor_2""]"
"[""sensor_0"", ""sensor_1"", ""sensor_2""]",sensor_0,toy_spatial,0,,94.0,9.690696716308594,9.690696716308594,9.690696716308594,0.8004,1.0,0.8004,0.8004,,,19.381393435764316,20000,20000,,,20000,,0.2,raw_absolute,row,raw_sensor,1.0,0.0,0.0,cyclic,Held-Out Raw Sensor CP,sensor_2,"[""sensor_0"", ""sensor_1""]"
"[""sensor_0"", ""sensor_1"", ""sensor_2""]",sensor_0,toy_spatial,0,,94.0,1.2815515655446008,,,0.78395,0.78395,,,,,4.30742073059082,20000,0,,0.0,20000,,0.2,none,,,,,,,Fused Posterior Predictive,,"[""sensor_0"", ""sensor_1"", ""sensor_2""]"
"[""sensor_0"", ""sensor_1"", ""sensor_2""]",sensor_0,toy_spatial,0,,95.0,1.3262776136398315,1.3262776136398315,1.3262776136398315,0.7994,0.7994,,,,,4.456926947641373,20000,20000,,,20000,,0.2,model_normalized,row,reference,1.0,0.0,1.0,cyclic,Oracle Split Conformal,,"[""sensor_0"", ""sensor_1"", ""sensor_2""]"
"[""sensor_0"", ""sensor_1"", ""sensor_2""]",sensor_0,toy_spatial,0,,95.0,4.344452857971191,4.344452857971191,4.344452857971191,0.7998,0.93125,0.7998,0.7998,,,8.688905697965621,20000,20000,,,20000,,0.2,raw_absolute,row,raw_sensor,1.0,0.0,0.0,cyclic,Held-Out Raw Sensor CP,sensor_0,"[""sensor_1"", ""sensor_2""]"
"[""sensor_0"", ""sensor_1"", ""sensor_2""]",sensor_0,toy_spatial,0,,95.0,7.391738891601562,7.391738891601562,7.391738891601562,0.8032,0.9996,0.8032,0.8032,,,14.783477778530122,20000,20000,,,20000,,0.2,raw_absolute,row,raw_sensor,1.0,0.0,0.0,cyclic,Held-Out Raw Sensor CP,sensor_1,"[""sensor_0"", ""sensor_2""]"
"[""sensor_0"", ""sensor_1"", ""sensor_2""]",sensor_0,toy_spatial,0,,95.0,9.674572944641112,9.674572944641112,9.674572944641112,0.79935,1.0,0.79935,0.79935,,,19.34914587879181,20000,20000,,,20000,,0.2,raw_absolute,row,raw_sensor,1.0,0.0,0.0,cyclic,Held-Out Raw Sensor CP,sensor_2,"[""sensor_0"", ""sensor_1""]"
"[""sensor_0"", ""sensor_1"", ""sensor_2""]",sensor_0,toy_spatial,0,,95.0,1.2815515655446008,,,0.7843,0.7843,,,,,4.306625843048096,20000,0,,0.0,20000,,0.2,none,,,,,,,Fused Posterior Predictive,,"[""sensor_0"", ""sensor_1"", ""sensor_2""]"
"[""sensor_0"", ""sensor_1"", ""sensor_2""]",sensor_0,toy_spatial,0,,96.0,1.3185948133468628,1.3185948133468628,1.3185948133468628,0.7944,0.7944,,,,,4.431308894181251,20000,20000,,,20000,,0.2,model_normalized,row,reference,1.0,0.0,1.0,cyclic,Oracle Split Conformal,,"[""sensor_0"", ""sensor_1"", ""sensor_2""]"
"[""sensor_0"", ""sensor_1"", ""sensor_2""]",sensor_0,toy_spatial,0,,96.0,4.376286506652832,4.376286506652832,4.376286506652832,0.80615,0.93195,0.80615,0.80615,,,8.752573006820679,20000,20000,,,20000,,0.2,raw_absolute,row,raw_sensor,1.0,0.0,0.0,cyclic,Held-Out Raw Sensor CP,sensor_0,"[""sensor_1"", ""sensor_2""]"
"[""sensor_0"", ""sensor_1"", ""sensor_2""]",sensor_0,toy_spatial,0,,96.0,7.394962310791016,7.394962310791016,7.394962310791016,0.80385,0.99945,0.80385,0.80385,,,14.78992462887764,20000,20000,,,20000,,0.2,raw_absolute,row,raw_sensor,1.0,0.0,0.0,cyclic,Held-Out Raw Sensor CP,sensor_1,"[""sensor_0"", ""sensor_2""]"
"[""sensor_0"", ""sensor_1"", ""sensor_2""]",sensor_0,toy_spatial,0,,96.0,9.64234733581543,9.64234733581543,9.64234733581543,0.79655,1.0,0.79655,0.79655,,,19.284694670581818,20000,20000,,,20000,,0.2,raw_absolute,row,raw_sensor,1.0,0.0,0.0,cyclic,Held-Out Raw Sensor CP,sensor_2,"[""sensor_0"", ""sensor_1""]"
"[""sensor_0"", ""sensor_1"", ""sensor_2""]",sensor_0,toy_spatial,0,,96.0,1.2815515655446008,,,0.7822,0.7822,,,,,4.306820392608643,20000,0,,0.0,20000,,0.2,none,,,,,,,Fused Posterior Predictive,,"[""sensor_0"", ""sensor_1"", ""sensor_2""]"
"[""sensor_0"", ""sensor_1"", ""sensor_2""]",sensor_0,toy_spatial,0,,97.0,1.3328150510787964,1.3328150510787964,1.3328150510787964,0.80485,0.80485,,,,,4.479095099043846,20000,20000,,,20000,,0.2,model_normalized,row,reference,1.0,0.0,1.0,cyclic,Oracle Split Conformal,,"[""sensor_0"", ""sensor_1"", ""sensor_2""]"
"[""sensor_0"", ""sensor_1"", ""sensor_2""]",sensor_0,toy_spatial,0,,97.0,4.349346160888672,4.349346160888672,4.349346160888672,0.80095,0.93155,0.80095,0.80095,,,8.698692327260972,20000,20000,,,20000,,0.2,raw_absolute,row,raw_sensor,1.0,0.0,0.0,cyclic,Held-Out Raw Sensor CP,sensor_0,"[""sensor_1"", ""sensor_2""]"
"[""sensor_0"", ""sensor_1"", ""sensor_2""]",sensor_0,toy_spatial,0,,97.0,7.405641555786133,7.405641555786133,7.405641555786133,0.8054,0.9997,0.8054,0.8054,,,14.811283110380172,20000,20000,,,20000,,0.2,raw_absolute,row,raw_sensor,1.0,0.0,0.0,cyclic,Held-Out Raw Sensor CP,sensor_1,"[""sensor_0"", ""sensor_2""]"
"[""sensor_0"", ""sensor_1"", ""sensor_2""]",sensor_0,toy_spatial,0,,97.0,9.783638954162598,9.783638954162598,9.783638954162598,0.808,1.0,0.808,0.808,,,19.56727790660858,20000,20000,,,20000,,0.2,raw_absolute,row,raw_sensor,1.0,0.0,0.0,cyclic,Held-Out Raw Sensor CP,sensor_2,"[""sensor_0"", ""sensor_1""]"
"[""sensor_0"", ""sensor_1"", ""sensor_2""]",sensor_0,toy_spatial,0,,97.0,1.2815515655446008,,,0.78685,0.78685,,,,,4.306818008422852,20000,0,,0.0,20000,,0.2,none,,,,,,,Fused Posterior Predictive,,"[""sensor_0"", ""sensor_1"", ""sensor_2""]"
"[""sensor_0"", ""sensor_1"", ""sensor_2""]",sensor_0,toy_spatial,0,,98.0,1.327184796333313,1.327184796333313,1.327184796333313,0.80045,0.80045,,,,,4.45955639526844,20000,20000,,,20000,,0.2,model_normalized,row,reference,1.0,0.0,1.0,cyclic,Oracle Split Conformal,,"[""sensor_0"", ""sensor_1"", ""sensor_2""]"
"[""sensor_0"", ""sensor_1"", ""sensor_2""]",sensor_0,toy_spatial,0,,98.0,4.352139472961426,4.352139472961426,4.352139472961426,0.80145,0.9305,0.80145,0.80145,,,8.704278935527801,20000,20000,,,20000,,0.2,raw_absolute,row,raw_sensor,1.0,0.0,0.0,cyclic,Held-Out Raw Sensor CP,sensor_0,"[""sensor_1"", ""sensor_2""]"
"[""sensor_0"", ""sensor_1"", ""sensor_2""]",sensor_0,toy_spatial,0,,98.0,7.341207504272461,7.341207504272461,7.341207504272461,0.79725,0.9995,0.79725,0.79725,,,14.68241500725746,20000,20000,,,20000,,0.2,raw_absolute,row,raw_sensor,1.0,0.0,0.0,cyclic,Held-Out Raw Sensor CP,sensor_1,"[""sensor_0"", ""sensor_2""]"
"[""sensor_0"", ""sensor_1"", ""sensor_2""]",sensor_0,toy_spatial,0,,98.0,9.73594856262207,9.73594856262207,9.73594856262207,0.8043,1.0,0.8043,0.8043,,,19.471897121620177,20000,20000,,,20000,,0.2,raw_absolute,row,raw_sensor,1.0,0.0,0.0,cyclic,Held-Out Raw Sensor CP,sensor_2,"[""sensor_0"", ""sensor_1""]"
"[""sensor_0"", ""sensor_1"", ""sensor_2""]",sensor_0,toy_spatial,0,,98.0,1.2815515655446008,,,0.78435,0.78435,,,,,4.30622148513794,20000,0,,0.0,20000,,0.2,none,,,,,,,Fused Posterior Predictive,,"[""sensor_0"", ""sensor_1"", ""sensor_2""]"
"[""sensor_0"", ""sensor_1"", ""sensor_2""]",sensor_0,toy_spatial,0,,99.0,1.3383487462997437,1.3383487462997437,1.3383487462997437,0.80805,0.80805,,,,,4.497895223522186,20000,20000,,,20000,,0.2,model_normalized,row,reference,1.0,0.0,1.0,cyclic,Oracle Split Conformal,,"[""sensor_0"", ""sensor_1"", ""sensor_2""]"
"[""sensor_0"", ""sensor_1"", ""sensor_2""]",sensor_0,toy_spatial,0,,99.0,4.371891021728516,4.371891021728516,4.371891021728516,0.80535,0.9338,0.80535,0.80535,,,8.74378204627037,20000,20000,,,20000,,0.2,raw_absolute,row,raw_sensor,1.0,0.0,0.0,cyclic,Held-Out Raw Sensor CP,sensor_0,"[""sensor_1"", ""sensor_2""]"
"[""sensor_0"", ""sensor_1"", ""sensor_2""]",sensor_0,toy_spatial,0,,99.0,7.33089542388916,7.33089542388916,7.33089542388916,0.79575,0.9996,0.79575,0.79575,,,14.661790834903718,20000,20000,,,20000,,0.2,raw_absolute,row,raw_sensor,1.0,0.0,0.0,cyclic,Held-Out Raw Sensor CP,sensor_1,"[""sensor_0"", ""sensor_2""]"
"[""sensor_0"", ""sensor_1"", ""sensor_2""]",sensor_0,toy_spatial,0,,99.0,9.699398040771484,9.699398040771484,9.699398040771484,0.8014,1.0,0.8014,0.8014,,,19.39879608154297,20000,20000,,,20000,,0.2,raw_absolute,row,raw_sensor,1.0,0.0,0.0,cyclic,Held-Out Raw Sensor CP,sensor_2,"[""sensor_0"", ""sensor_1""]"
"[""sensor_0"", ""sensor_1"", ""sensor_2""]",sensor_0,toy_spatial,0,,99.0,1.2815515655446008,,,0.78855,0.78855,,,,,4.307012557983398,20000,0,,0.0,20000,,0.2,none,,,,,,,Fused Posterior Predictive,,"[""sensor_0"", ""sensor_1"", ""sensor_2""]"
"[""sensor_0"", ""sensor_1"", ""sensor_2""]",sensor_0,toy_spatial,1,,0.0,1.317975401878357,1.317975401878357,1.317975401878357,0.79235,0.79235,,,,,4.416612532281875,20000,20000,,,20000,,0.2,model_normalized,row,reference,1.0,0.0,1.0,cyclic,Oracle Split Conformal,,"[""sensor_0"", ""sensor_1"", ""sensor_2""]"
"[""sensor_0"", ""sensor_1"", ""sensor_2""]",sensor_0,toy_spatial,1,,0.0,4.283353805541992,4.283353805541992,4.283353805541992,0.7945,0.92605,0.7945,0.7945,,,8.566707614183425,20000,20000,,,20000,,0.2,raw_absolute,row,raw_sensor,1.0,0.0,0.0,cyclic,Held-Out Raw Sensor CP,sensor_0,"[""sensor_1"", ""sensor_2""]"
"[""sensor_0"", ""sensor_1"", ""sensor_2""]",sensor_0,toy_spatial,1,,0.0,7.337011337280273,7.337011337280273,7.337011337280273,0.8024,0.9996,0.8024,0.8024,,,14.674022674369812,20000,20000,,,20000,,0.2,raw_absolute,row,raw_sensor,1.0,0.0,0.0,cyclic,Held-Out Raw Sensor CP,sensor_1,"[""sensor_0"", ""sensor_2""]"
"[""sensor_0"", ""sensor_1"", ""sensor_2""]",sensor_0,toy_spatial,1,,0.0,9.635068893432615,9.635068893432615,9.635068893432615,0.7934,1.0,0.7934,0.7934,,,19.270137786865234,20000,20000,,,20000,,0.2,raw_absolute,row,raw_sensor,1.0,0.0,0.0,cyclic,Held-Out Raw Sensor CP,sensor_2,"[""sensor_0"", ""sensor_1""]"
"[""sensor_0"", ""sensor_1"", ""sensor_2""]",sensor_0,toy_spatial,1,,0.0,1.2815515655446008,,,0.7791,0.7791,,,,,4.294553756713867,20000,0,,0.0,20000,,0.2,none,,,,,,,Fused Posterior Predictive,,"[""sensor_0"", ""sensor_1"", ""sensor_2""]"
"[""sensor_0"", ""sensor_1"", ""sensor_2""]",sensor_0,toy_spatial,1,,1.0,1.330311298370361,1.330311298370361,1.330311298370361,0.80075,0.80075,,,,,4.458210757207871,20000,20000,,,20000,,0.2,model_normalized,row,reference,1.0,0.0,1.0,cyclic,Oracle Split Conformal,,"[""sensor_0"", ""sensor_1"", ""sensor_2""]"
"[""sensor_0"", ""sensor_1"", ""sensor_2""]",sensor_0,toy_spatial,1,,1.0,4.333803176879883,4.333803176879883,4.333803176879883,0.80455,0.9323,0.80455,0.80455,,,8.667606358909607,20000,20000,,,20000,,0.2,raw_absolute,row,raw_sensor,1.0,0.0,0.0,cyclic,Held-Out Raw Sensor CP,sensor_0,"[""sensor_1"", ""sensor_2""]"
"[""sensor_0"", ""sensor_1"", ""sensor_2""]",sensor_0,toy_spatial,1,,1.0,7.324907302856445,7.324907302856445,7.324907302856445,0.80055,0.99955,0.80055,0.80055,,,14.64981460814476,20000,20000,,,20000,,0.2,raw_absolute,row,raw_sensor,1.0,0.0,0.0,cyclic,Held-Out Raw Sensor CP,sensor_1,"[""sensor_0"", ""sensor_2""]"
"[""sensor_0"", ""sensor_1"", ""sensor_2""]",sensor_0,toy_spatial,1,,1.0,9.759565353393556,9.759565353393556,9.759565353393556,0.80495,1.0,0.80495,0.80495,,,19.51913070430756,20000,20000,,,20000,,0.2,raw_absolute,row,raw_sensor,1.0,0.0,0.0,cyclic,Held-Out Raw Sensor CP,sensor_2,"[""sensor_0"", ""sensor_1""]"
"[""sensor_0"", ""sensor_1"", ""sensor_2""]",sensor_0,toy_spatial,1,,1.0,1.2815515655446008,,,0.7848,0.7848,,,,,4.294804573059082,20000,0,,0.0,20000,,0.2,none,,,,,,,Fused Posterior Predictive,,"[""sensor_0"", ""sensor_1"", ""sensor_2""]"
"[""sensor_0"", ""sensor_1"", ""sensor_2""]",sensor_0,toy_spatial,1,,2.0,1.3334150314331057,1.3334150314331057,1.3334150314331057,0.80275,0.80275,,,,,4.468836709475517,20000,20000,,,20000,,0.2,model_normalized,row,reference,1.0,0.0,1.0,cyclic,Oracle Split Conformal,,"[""sensor_0"", ""sensor_1"", ""sensor_2""]"
"[""sensor_0"", ""sensor_1"", ""sensor_2""]",sensor_0,toy_spatial,1,,2.0,4.294217109680176,4.294217109680176,4.294217109680176,0.79735,0.9295,0.79735,0.79735,,,8.588434224128724,20000,20000,,,20000,,0.2,raw_absolute,row,raw_sensor,1.0,0.0,0.0,cyclic,Held-Out Raw Sensor CP,sensor_0,"[""sensor_1"", ""sensor_2""]"
"[""sensor_0"", ""sensor_1"", ""sensor_2""]",sensor_0,toy_spatial,1,,2.0,7.332954406738281,7.332954406738281,7.332954406738281,0.80185,0.9996,0.80185,0.80185,,,14.665908813667295,20000,20000,,,20000,,0.2,raw_absolute,row,raw_sensor,1.0,0.0,0.0,cyclic,Held-Out Raw Sensor CP,sensor_1,"[""sensor_0"", ""sensor_2""]"
"[""sensor_0"", ""sensor_1"", ""sensor_2""]",sensor_0,toy_spatial,1,,2.0,9.77140998840332,9.77140998840332,9.77140998840332,0.80595,1.0,0.80595,0.80595,,,19.54281997842789,20000,20000,,,20000,,0.2,raw_absolute,row,raw_sensor,1.0,0.0,0.0,cyclic,Held-Out Raw Sensor CP,sensor_2,"[""sensor_0"", ""sensor_1""]"
"[""sensor_0"", ""sensor_1"", ""sensor_2""]",sensor_0,toy_spatial,1,,2.0,1.2815515655446008,,,0.78445,0.78445,,,,,4.29502010345459,20000,0,,0.0,20000,,0.2,none,,,,,,,Fused Posterior Predictive,,"[""sensor_0"", ""sensor_1"", ""sensor_2""]"
"[""sensor_0"", ""sensor_1"", ""sensor_2""]",sensor_0,toy_spatial,1,,3.0,1.3190178871154783,1.3190178871154783,1.3190178871154783,0.7934,0.7934,,,,,4.420056642889977,20000,20000,,,20000,,0.2,model_normalized,row,reference,1.0,0.0,1.0,cyclic,Oracle Split Conformal,,"[""sensor_0"", ""sensor_1"", ""sensor_2""]"
"[""sensor_0"", ""sensor_1"", ""sensor_2""]",sensor_0,toy_spatial,1,,3.0,4.309063911437988,4.309063911437988,4.309063911437988,0.80045,0.92725,0.80045,0.80045,,,8.618127836847306,20000,20000,,,20000,,0.2,raw_absolute,row,raw_sensor,1.0,0.0,0.0,cyclic,Held-Out Raw Sensor CP,sensor_0,"[""sensor_1"", ""sensor_2""]"
"[""sensor_0"", ""sensor_1"", ""sensor_2""]",sensor_0,toy_spatial,1,,3.0,7.308154106140137,7.308154106140137,7.308154106140137,0.79855,0.99955,0.79855,0.79855,,,14.616308203315734,20000,20000,,,20000,,0.2,raw_absolute,row,raw_sensor,1.0,0.0,0.0,cyclic,Held-Out Raw Sensor CP,sensor_1,"[""sensor_0"", ""sensor_2""]"
"[""sensor_0"", ""sensor_1"", ""sensor_2""]",sensor_0,toy_spatial,1,,3.0,9.801509857177734,9.801509857177734,9.801509857177734,0.80875,1.0,0.80875,0.80875,,,19.60301971101761,20000,20000,,,20000,,0.2,raw_absolute,row,raw_sensor,1.0,0.0,0.0,cyclic,Held-Out Raw Sensor CP,sensor_2,"[""sensor_0"", ""sensor_1""]"
"[""sensor_0"", ""sensor_1"", ""sensor_2""]",sensor_0,toy_spatial,1,,3.0,1.2815515655446008,,,0.77905,0.77905,,,,,4.294506549835205,20000,0,,0.0,20000,,0.2,none,,,,,,,Fused Posterior Predictive,,"[""sensor_0"", ""sensor_1"", ""sensor_2""]"
"[""sensor_0"", ""sensor_1"", ""sensor_2""]",sensor_0,toy_spatial,1,,4.0,1.3396060466766355,1.3396060466766355,1.3396060466766355,0.8065,0.8065,,,,,4.489313835287094,20000,20000,,,20000,,0.2,model_normalized,row,reference,1.0,0.0,1.0,cyclic,Oracle Split Conformal,,"[""sensor_0"", ""sensor_1"", ""sensor_2""]"
"[""sensor_0"", ""sensor_1"", ""sensor_2""]",sensor_0,toy_spatial,1,,4.0,4.323726654052734,4.323726654052734,4.323726654052734,0.8029,0.93045,0.8029,0.8029,,,8.647453300809861,20000,20000,,,20000,,0.2,raw_absolute,row,raw_sensor,1.0,0.0,0.0,cyclic,Held-Out Raw Sensor CP,sensor_0,"[""sensor_1"", ""sensor_2""]"
"[""sensor_0"", ""sensor_1"", ""sensor_2""]",sensor_0,toy_spatial,1,,4.0,7.358710289001465,7.358710289001465,7.358710289001465,0.8054,0.99935,0.8054,0.8054,,,14.717420587015152,20000,20000,,,20000,,0.2,raw_absolute,row,raw_sensor,1.0,0.0,0.0,cyclic,Held-Out Raw Sensor CP,sensor_1,"[""sensor_0"", ""sensor_2""]"
"[""sensor_0"", ""sensor_1"", ""sensor_2""]",sensor_0,toy_spatial,1,,4.0,9.701120376586914,9.701120376586914,9.701120376586914,0.79975,1.0,0.79975,0.79975,,,19.402240752983094,20000,20000,,,20000,,0.2,raw_absolute,row,raw_sensor,1.0,0.0,0.0,cyclic,Held-Out Raw Sensor CP,sensor_2,"[""sensor_0"", ""sensor_1""]"
"[""sensor_0"", ""sensor_1"", ""sensor_2""]",sensor_0,toy_spatial,1,,4.0,1.2815515655446008,,,0.7862,0.7862,,,,,4.294760704040527,20000,0,,0.0,20000,,0.2,none,,,,,,,Fused Posterior Predictive,,"[""sensor_0"", ""sensor_1"", ""sensor_2""]"
"[""sensor_0"", ""sensor_1"", ""sensor_2""]",sensor_0,toy_spatial,1,,5.0,1.3240444660186768,1.3240444660186768,1.3240444660186768,0.7967,0.7967,,,,,4.436972576165199,20000,20000,,,20000,,0.2,model_normalized,row,reference,1.0,0.0,1.0,cyclic,Oracle Split Conformal,,"[""sensor_0"", ""sensor_1"", ""sensor_2""]"
"[""sensor_0"", ""sensor_1"", ""sensor_2""]",sensor_0,toy_spatial,1,,5.0,4.321710586547852,4.321710586547852,4.321710586547852,0.8026,0.928,0.8026,0.8026,,,8.643421173667909,20000,20000,,,20000,,0.2,raw_absolute,row,raw_sensor,1.0,0.0,0.0,cyclic,Held-Out Raw Sensor CP,sensor_0,"[""sensor_1"", ""sensor_2""]"
"[""sensor_0"", ""sensor_1"", ""sensor_2""]",sensor_0,toy_spatial,1,,5.0,7.317436218261719,7.317436218261719,7.317436218261719,0.79975,0.99955,0.79975,0.79975,,,14.634872435235977,20000,20000,,,20000,,0.2,raw_absolute,row,raw_sensor,1.0,0.0,0.0,cyclic,Held-Out Raw Sensor CP,sensor_1,"[""sensor_0"", ""sensor_2""]"
"[""sensor_0"", ""sensor_1"", ""sensor_2""]",sensor_0,toy_spatial,1,,5.0,9.764398574829102,9.764398574829102,9.764398574829102,0.8052,1.0,0.8052,0.8052,,,19.52879714860916,20000,20000,,,20000,,0.2,raw_absolute,row,raw_sensor,1.0,0.0,0.0,cyclic,Held-Out Raw Sensor CP,sensor_2,"[""sensor_0"", ""sensor_1""]"
"[""sensor_0"", ""sensor_1"", ""sensor_2""]",sensor_0,toy_spatial,1,,5.0,1.2815515655446008,,,0.7806,0.7806,,,,,4.2945756912231445,20000,0,,0.0,20000,,0.2,none,,,,,,,Fused Posterior Predictive,,"[""sensor_0"", ""sensor_1"", ""sensor_2""]"
"[""sensor_0"", ""sensor_1"", ""sensor_2""]",sensor_0,toy_spatial,1,,6.0,1.325994849205017,1.325994849205017,1.325994849205017,0.79785,0.79785,,,,,4.444114282226563,20000,20000,,,20000,,0.2,model_normalized,row,reference,1.0,0.0,1.0,cyclic,Oracle Split Conformal,,"[""sensor_0"", ""sensor_1"", ""sensor_2""]"
"[""sensor_0"", ""sensor_1"", ""sensor_2""]",sensor_0,toy_spatial,1,,6.0,4.3170366287231445,4.3170366287231445,4.3170366287231445,0.8016,0.9292,0.8016,0.8016,,,8.634073263454438,20000,20000,,,20000,,0.2,raw_absolute,row,raw_sensor,1.0,0.0,0.0,cyclic,Held-Out Raw Sensor CP,sensor_0,"[""sensor_1"", ""sensor_2""]"
"[""sensor_0"", ""sensor_1"", ""sensor_2""]",sensor_0,toy_spatial,1,,6.0,7.344758033752441,7.344758033752441,7.344758033752441,0.8035,0.99945,0.8035,0.8035,,,14.689516069364547,20000,20000,,,20000,,0.2,raw_absolute,row,raw_sensor,1.0,0.0,0.0,cyclic,Held-Out Raw Sensor CP,sensor_1,"[""sensor_0"", ""sensor_2""]"
"[""sensor_0"", ""sensor_1"", ""sensor_2""]",sensor_0,toy_spatial,1,,6.0,9.724242210388184,9.724242210388184,9.724242210388184,0.80205,1.0,0.80205,0.80205,,,19.44848440408707,20000,20000,,,20000,,0.2,raw_absolute,row,raw_sensor,1.0,0.0,0.0,cyclic,Held-Out Raw Sensor CP,sensor_2,"[""sensor_0"", ""sensor_1""]"
"[""sensor_0"", ""sensor_1"", ""sensor_2""]",sensor_0,toy_spatial,1,,6.0,1.2815515655446008,,,0.78115,0.78115,,,,,4.29516077041626,20000,0,,0.0,20000,,0.2,none,,,,,,,Fused Posterior Predictive,,"[""sensor_0"", ""sensor_1"", ""sensor_2""]"
"[""sensor_0"", ""sensor_1"", ""sensor_2""]",sensor_0,toy_spatial,1,,7.0,1.335232138633728,1.335232138633728,1.335232138633728,0.8034,0.8034,,,,,4.474502244639397,20000,20000,,,20000,,0.2,model_normalized,row,reference,1.0,0.0,1.0,cyclic,Oracle Split Conformal,,"[""sensor_0"", ""sensor_1"", ""sensor_2""]"
"[""sensor_0"", ""sensor_1"", ""sensor_2""]",sensor_0,toy_spatial,1,,7.0,4.300065040588379,4.300065040588379,4.300065040588379,0.79835,0.9259,0.79835,0.79835,,,8.600130085849761,20000,20000,,,20000,,0.2,raw_absolute,row,raw_sensor,1.0,0.0,0.0,cyclic,Held-Out Raw Sensor CP,sensor_0,"[""sensor_1"", ""sensor_2""]"
"[""sensor_0"", ""sensor_1"", ""sensor_2""]",sensor_0,toy_spatial,1,,7.0,7.276293754577637,7.276293754577637,7.276293754577637,0.7945,0.99935,0.7945,0.7945,,,14.552587499332429,20000,20000,,,20000,,0.2,raw_absolute,row,raw_sensor,1.0,0.0,0.0,cyclic,Held-Out Raw Sensor CP,sensor_1,"[""sensor_0"", ""sensor_2""]"
"[""sensor_0"", ""sensor_1"", ""sensor_2""]",sensor_0,toy_spatial,1,,7.0,9.759565353393556,9.759565353393556,9.759565353393556,0.80495,1.0,0.80495,0.80495,,,19.519130708789824,20000,20000,,,20000,,0.2,raw_absolute,row,raw_sensor,1.0,0.0,0.0,cyclic,Held-Out Raw Sensor CP,sensor_2,"[""sensor_0"", ""sensor_1""]"
"[""sensor_0"", ""sensor_1"", ""sensor_2""]",sensor_0,toy_spatial,1,,7.0,1.2815515655446008,,,0.7835,0.7835,,,,,4.294612884521484,20000,0,,0.0,20000,,0.2,none,,,,,,,Fused Posterior Predictive,,"[""sensor_0"", ""sensor_1"", ""sensor_2""]"
"[""sensor_0"", ""sensor_1"", ""sensor_2""]",sensor_0,toy_spatial,1,,8.0,1.311905860900879,1.311905860900879,1.311905860900879,0.78805,0.78805,,,,,4.396779982876778,20000,20000,,,20000,,0.2,model_normalized,row,reference,1.0,0.0,1.0,cyclic,Oracle Split Conformal,,"[""sensor_0"", ""sensor_1"", ""sensor_2""]"
"[""sensor_0"", ""sensor_1"", ""sensor_2""]",sensor_0,toy_spatial,1,,8.0,4.305356979370117,4.305356979370117,4.305356979370117,0.7995,0.92635,0.7995,0.7995,,,8.610713961601258,20000,20000,,,20000,,0.2,raw_absolute,row,raw_sensor,1.0,0.0,0.0,cyclic,Held-Out Raw Sensor CP,sensor_0,"[""sensor_1"", ""sensor_2""]"
"[""sensor_0"", ""sensor_1"", ""sensor_2""]",sensor_0,toy_spatial,1,,8.0,7.264003753662109,7.264003753662109,7.264003753662109,0.79305,0.99935,0.79305,0.79305,,,14.528007503604888,20000,20000,,,20000,,0.2,raw_absolute,row,raw_sensor,1.0,0.0,0.0,cyclic,Held-Out Raw Sensor CP,sensor_1,"[""sensor_0"", ""sensor_2""]"
"[""sensor_0"", ""sensor_1"", ""sensor_2""]",sensor_0,toy_spatial,1,,8.0,9.660377502441406,9.660377502441406,9.660377502441406,0.7961,1.0,0.7961,0.7961,,,19.320755006313323,20000,20000,,,20000,,0.2,raw_absolute,row,raw_sensor,1.0,0.0,0.0,cyclic,Held-Out Raw Sensor CP,sensor_2,"[""sensor_0"", ""sensor_1""]"
"[""sensor_0"", ""sensor_1"", ""sensor_2""]",sensor_0,toy_spatial,1,,8.0,1.2815515655446008,,,0.7769,0.7769,,,,,4.295049667358398,20000,0,,0.0,20000,,0.2,none,,,,,,,Fused Posterior Predictive,,"[""sensor_0"", ""sensor_1"", ""sensor_2""]"
"[""sensor_0"", ""sensor_1"", ""sensor_2""]",sensor_0,toy_spatial,1,,9.0,1.325223445892334,1.325223445892334,1.325223445892334,0.7973,0.7973,,,,,4.440774900007248,20000,20000,,,20000,,0.2,model_normalized,row,reference,1.0,0.0,1.0,cyclic,Oracle Split Conformal,,"[""sensor_0"", ""sensor_1"", ""sensor_2""]"
"[""sensor_0"", ""sensor_1"", ""sensor_2""]",sensor_0,toy_spatial,1,,9.0,4.293211460113525,4.293211460113525,4.293211460113525,0.79705,0.92785,0.79705,0.79705,,,8.586422480678559,20000,20000,,,20000,,0.2,raw_absolute,row,raw_sensor,1.0,0.0,0.0,cyclic,Held-Out Raw Sensor CP,sensor_0,"[""sensor_1"", ""sensor_2""]"
"[""sensor_0"", ""sensor_1"", ""sensor_2""]",sensor_0,toy_spatial,1,,9.0,7.316451072692871,7.316451072692871,7.316451072692871,0.79965,0.99955,0.79965,0.79965,,,14.632902154064178,20000,20000,,,20000,,0.2,raw_absolute,row,raw_sensor,1.0,0.0,0.0,cyclic,Held-Out Raw Sensor CP,sensor_1,"[""sensor_0"", ""sensor_2""]"
"[""sensor_0"", ""sensor_1"", ""sensor_2""]",sensor_0,toy_spatial,1,,9.0,9.73080825805664,9.73080825805664,9.73080825805664,0.80265,1.0,0.80265,0.80265,,,19.4616165143013,20000,20000,,,20000,,0.2,raw_absolute,row,raw_sensor,1.0,0.0,0.0,cyclic,Held-Out Raw Sensor CP,sensor_2,"[""sensor_0"", ""sensor_1""]"
"[""sensor_0"", ""sensor_1"", ""sensor_2""]",sensor_0,toy_spatial,1,,9.0,1.2815515655446008,,,0.78215,0.78215,,,,,4.294432163238525,20000,0,,0.0,20000,,0.2,none,,,,,,,Fused Posterior Predictive,,"[""sensor_0"", ""sensor_1"", ""sensor_2""]"
"[""sensor_0"", ""sensor_1"", ""sensor_2""]",sensor_0,toy_spatial,1,,10.0,1.3240444660186768,1.3240444660186768,1.3240444660186768,0.7967,0.7967,,,,,4.436710029029846,20000,20000,,,20000,,0.2,model_normalized,row,reference,1.0,0.0,1.0,cyclic,Oracle Split Conformal,,"[""sensor_0"", ""sensor_1"", ""sensor_2""]"
"[""sensor_0"", ""sensor_1"", ""sensor_2""]",sensor_0,toy_spatial,1,,10.0,4.302829742431641,4.302829742431641,4.302829742431641,0.79895,0.92735,0.79895,0.79895,,,8.60565947933197,20000,20000,,,20000,,0.2,raw_absolute,row,raw_sensor,1.0,0.0,0.0,cyclic,Held-Out Raw Sensor CP,sensor_0,"[""sensor_1"", ""sensor_2""]"
"[""sensor_0"", ""sensor_1"", ""sensor_2""]",sensor_0,toy_spatial,1,,10.0,7.288171768188477,7.288171768188477,7.288171768188477,0.79615,0.9996,0.79615,0.79615,,,14.576343539428713,20000,20000,,,20000,,0.2,raw_absolute,row,raw_sensor,1.0,0.0,0.0,cyclic,Held-Out Raw Sensor CP,sensor_1,"[""sensor_0"", ""sensor_2""]"
"[""sensor_0"", ""sensor_1"", ""sensor_2""]",sensor_0,toy_spatial,1,,10.0,9.69753074645996,9.69753074645996,9.69753074645996,0.79905,1.0,0.79905,0.79905,,,19.395061493492125,20000,20000,,,20000,,0.2,raw_absolute,row,raw_sensor,1.0,0.0,0.0,cyclic,Held-Out Raw Sensor CP,sensor_2,"[""sensor_0"", ""sensor_1""]"
"[""sensor_0"", ""sensor_1"", ""sensor_2""]",sensor_0,toy_spatial,1,,10.0,1.2815515655446008,,,0.7807,0.7807,,,,,4.2943220138549805,20000,0,,0.0,20000,,0.2,none,,,,,,,Fused Posterior Predictive,,"[""sensor_0"", ""sensor_1"", ""sensor_2""]"
"[""sensor_0"", ""sensor_1"", ""sensor_2""]",sensor_0,toy_spatial,1,,11.0,1.3422476053237915,1.3422476053237915,1.3422476053237915,0.8082,0.8082,,,,,4.498546337366104,20000,20000,,,20000,,0.2,model_normalized,row,reference,1.0,0.0,1.0,cyclic,Oracle Split Conformal,,"[""sensor_0"", ""sensor_1"", ""sensor_2""]"
"[""sensor_0"", ""sensor_1"", ""sensor_2""]",sensor_0,toy_spatial,1,,11.0,4.338655471801758,4.338655471801758,4.338655471801758,0.80515,0.93245,0.80515,0.80515,,,8.677310947275162,20000,20000,,,20000,,0.2,raw_absolute,row,raw_sensor,1.0,0.0,0.0,cyclic,Held-Out Raw Sensor CP,sensor_0,"[""sensor_1"", ""sensor_2""]"
"[""sensor_0"", ""sensor_1"", ""sensor_2""]",sensor_0,toy_spatial,1,,11.0,7.327613830566406,7.327613830566406,7.327613830566406,0.8011,0.99955,0.8011,0.8011,,,14.655227662372589,20000,20000,,,20000,,0.2,raw_absolute,row,raw_sensor,1.0,0.0,0.0,cyclic,Held-Out Raw Sensor CP,sensor_1,"[""sensor_0"", ""sensor_2""]"
"[""sensor_0"", ""sensor_1"", ""sensor_2""]",sensor_0,toy_spatial,1,,11.0,9.740285873413086,9.740285873413086,9.740285873413086,0.80335,1.0,0.80335,0.80335,,,19.480571745204927,20000,20000,,,20000,,0.2,raw_absolute,row,raw_sensor,1.0,0.0,0.0,cyclic,Held-Out Raw Sensor CP,sensor_2,"[""sensor_0"", ""sensor_1""]"
"[""sensor_0"", ""sensor_1"", ""sensor_2""]",sensor_0,toy_spatial,1,,11.0,1.2815515655446008,,,0.78605,0.78605,,,,,4.29512357711792,20000,0,,0.0,20000,,0.2,none,,,,,,,Fused Posterior Predictive,,"[""sensor_0"", ""sensor_1"", ""sensor_2""]"
"[""sensor_0"", ""sensor_1"", ""sensor_2""]",sensor_0,toy_spatial,1,,12.0,1.3303543329238892,1.3303543329238892,1.3303543329238892,0.8008,0.8008,,,,,4.458373736333847,20000,20000,,,20000,,0.2,model_normalized,row,reference,1.0,0.0,1.0,cyclic,Oracle Split Conformal,,"[""sensor_0"", ""sensor_1"", ""sensor_2""]"
"[""sensor_0"", ""sensor_1"", ""sensor_2""]",sensor_0,toy_spatial,1,,12.0,4.323181629180908,4.323181629180908,4.323181629180908,0.80285,0.9294,0.80285,0.80285,,,8.646362824583054,20000,20000,,,20000,,0.2,raw_absolute,row,raw_sensor,1.0,0.0,0.0,cyclic,Held-Out Raw Sensor CP,sensor_0,"[""sensor_1"", ""sensor_2""]"
"[""sensor_0"", ""sensor_1"", ""sensor_2""]",sensor_0,toy_spatial,1,,12.0,7.276524543762207,7.276524543762207,7.276524543762207,0.79455,0.9993,0.79455,0.79455,,,14.553049093008042,20000,20000,,,20000,,0.2,raw_absolute,row,raw_sensor,1.0,0.0,0.0,cyclic,Held-Out Raw Sensor CP,sensor_1,"[""sensor_0"", ""sensor_2""]"
"[""sensor_0"", ""sensor_1"", ""sensor_2""]",sensor_0,toy_spatial,1,,12.0,9.698320388793944,9.698320388793944,9.698320388793944,0.7993,1.0,0.7993,0.7993,,,19.39664077653885,20000,20000,,,20000,,0.2,raw_absolute,row,raw_sensor,1.0,0.0,0.0,cyclic,Held-Out Raw Sensor CP,sensor_2,"[""sensor_0"", ""sensor_1""]"
"[""sensor_0"", ""sensor_1"", ""sensor_2""]",sensor_0,toy_spatial,1,,12.0,1.2815515655446008,,,0.7831,0.7831,,,,,4.294822692871094,20000,0,,0.0,20000,,0.2,none,,,,,,,Fused Posterior Predictive,,"[""sensor_0"", ""sensor_1"", ""sensor_2""]"
"[""sensor_0"", ""sensor_1"", ""sensor_2""]",sensor_0,toy_spatial,1,,13.0,1.328831434249878,1.328831434249878,1.328831434249878,0.7997,0.7997,,,,,4.453633739948272,20000,20000,,,20000,,0.2,model_normalized,row,reference,1.0,0.0,1.0,cyclic,Oracle Split Conformal,,"[""sensor_0"", ""sensor_1"", ""sensor_2""]"
"[""sensor_0"", ""sensor_1"", ""sensor_2""]",sensor_0,toy_spatial,1,,13.0,4.300612449645996,4.300612449645996,4.300612449645996,0.79845,0.92815,0.79845,0.79845,,,8.60122489848137,20000,20000,,,20000,,0.2,raw_absolute,row,raw_sensor,1.0,0.0,0.0,cyclic,Held-Out Raw Sensor CP,sensor_0,"[""sensor_1"", ""sensor_2""]"
"[""sensor_0"", ""sensor_1"", ""sensor_2""]",sensor_0,toy_spatial,1,,13.0,7.327811717987059,7.327811717987059,7.327811717987059,0.8012,0.9995,0.8012,0.8012,,,14.655623853445054,20000,20000,,,20000,,0.2,raw_absolute,row,raw_sensor,1.0,0.0,0.0,cyclic,Held-Out Raw Sensor CP,sensor_1,"[""sensor_0"", ""sensor_2""]"
"[""sensor_0"", ""sensor_1"", ""sensor_2""]",sensor_0,toy_spatial,1,,13.0,9.650794982910156,9.650794982910156,9.650794982910156,0.79525,1.0,0.79525,0.79525,,,19.3015899679184,20000,20000,,,20000,,0.2,raw_absolute,row,raw_sensor,1.0,0.0,0.0,cyclic,Held-Out Raw Sensor CP,sensor_2,"[""sensor_0"", ""sensor_1""]"
"[""sensor_0"", ""sensor_1"", ""sensor_2""]",sensor_0,toy_spatial,1,,13.0,1.2815515655446008,,,0.7815,0.7815,,,,,4.295173645019531,20000,0,,0.0,20000,,0.2,none,,,,,,,Fused Posterior Predictive,,"[""sensor_0"", ""sensor_1"", ""sensor_2""]"
"[""sensor_0"", ""sensor_1"", ""sensor_2""]",sensor_0,toy_spatial,1,,14.0,1.3374099731445312,1.3374099731445312,1.3374099731445312,0.8049,0.8049,,,,,4.482214866781235,20000,20000,,,20000,,0.2,model_normalized,row,reference,1.0,0.0,1.0,cyclic,Oracle Split Conformal,,"[""sensor_0"", ""sensor_1"", ""sensor_2""]"
"[""sensor_0"", ""sensor_1"", ""sensor_2""]",sensor_0,toy_spatial,1,,14.0,4.313131332397461,4.313131332397461,4.313131332397461,0.80105,0.93175,0.80105,0.80105,,,8.626262668418883,20000,20000,,,20000,,0.2,raw_absolute,row,raw_sensor,1.0,0.0,0.0,cyclic,Held-Out Raw Sensor CP,sensor_0,"[""sensor_1"", ""sensor_2""]"
"[""sensor_0"", ""sensor_1"", ""sensor_2""]",sensor_0,toy_spatial,1,,14.0,7.295047760009766,7.295047760009766,7.295047760009766,0.7969,0.99955,0.7969,0.7969,,,14.59009551563263,20000,20000,,,20000,,0.2,raw_absolute,row,raw_sensor,1.0,0.0,0.0,cyclic,Held-Out Raw Sensor CP,sensor_1,"[""sensor_0"", ""sensor_2""]"
"[""sensor_0"", ""sensor_1"", ""sensor_2""]",sensor_0,toy_spatial,1,,14.0,9.712387084960938,9.712387084960938,9.712387084960938,0.8008,1.0,0.8008,0.8008,,,19.42477416934967,20000,20000,,,20000,,0.2,raw_absolute,row,raw_sensor,1.0,0.0,0.0,cyclic,Held-Out Raw Sensor CP,sensor_2,"[""sensor_0"", ""sensor_1""]"
"[""sensor_0"", ""sensor_1"", ""sensor_2""]",sensor_0,toy_spatial,1,,14.0,1.2815515655446008,,,0.78405,0.78405,,,,,4.295010089874268,20000,0,,0.0,20000,,0.2,none,,,,,,,Fused Posterior Predictive,,"[""sensor_0"", ""sensor_1"", ""sensor_2""]"
"[""sensor_0"", ""sensor_1"", ""sensor_2""]",sensor_0,toy_spatial,1,,15.0,1.3312538862228394,1.3312538862228394,1.3312538862228394,0.8015,0.8015,,,,,4.460725934767723,20000,20000,,,20000,,0.2,model_normalized,row,reference,1.0,0.0,1.0,cyclic,Oracle Split Conformal,,"[""sensor_0"", ""sensor_1"", ""sensor_2""]"
"[""sensor_0"", ""sensor_1"", ""sensor_2""]",sensor_0,toy_spatial,1,,15.0,4.265836715698242,4.265836715698242,4.265836715698242,0.7907,0.92495,0.7907,0.7907,,,8.531673433208466,20000,20000,,,20000,,0.2,raw_absolute,row,raw_sensor,1.0,0.0,0.0,cyclic,Held-Out Raw Sensor CP,sensor_0,"[""sensor_1"", ""sensor_2""]"
"[""sensor_0"", ""sensor_1"", ""sensor_2""]",sensor_0,toy_spatial,1,,15.0,7.312128067016602,7.312128067016602,7.312128067016602,0.79905,0.9994,0.79905,0.79905,,,14.624256134653091,20000,20000,,,20000,,0.2,raw_absolute,row,raw_sensor,1.0,0.0,0.0,cyclic,Held-Out Raw Sensor CP,sensor_1,"[""sensor_0"", ""sensor_2""]"
"[""sensor_0"", ""sensor_1"", ""sensor_2""]",sensor_0,toy_spatial,1,,15.0,9.688085556030272,9.688085556030272,9.688085556030272,0.7983,1.0,0.7983,0.7983,,,19.37617111263275,20000,20000,,,20000,,0.2,raw_absolute,row,raw_sensor,1.0,0.0,0.0,cyclic,Held-Out Raw Sensor CP,sensor_2,"[""sensor_0"", ""sensor_1""]"
"[""sensor_0"", ""sensor_1"", ""sensor_2""]",sensor_0,toy_spatial,1,,15.0,1.2815515655446008,,,0.78375,0.78375,,,,,4.294185161590576,20000,0,,0.0,20000,,0.2,none,,,,,,,Fused Posterior Predictive,,"[""sensor_0"", ""sensor_1"", ""sensor_2""]"
"[""sensor_0"", ""sensor_1"", ""sensor_2""]",sensor_0,toy_spatial,1,,16.0,1.3418158292770386,1.3418158292770386,1.3418158292770386,0.8079,0.8079,,,,,4.497832817220688,20000,20000,,,20000,,0.2,model_normalized,row,reference,1.0,0.0,1.0,cyclic,Oracle Split Conformal,,"[""sensor_0"", ""sensor_1"", ""sensor_2""]"
"[""sensor_0"", ""sensor_1"", ""sensor_2""]",sensor_0,toy_spatial,1,,16.0,4.298402786254883,4.298402786254883,4.298402786254883,0.798,0.92915,0.798,0.798,,,8.5968055727005,20000,20000,,,20000,,0.2,raw_absolute,row,raw_sensor,1.0,0.0,0.0,cyclic,Held-Out Raw Sensor CP,sensor_0,"[""sensor_1"", ""sensor_2""]"
"[""sensor_0"", ""sensor_1"", ""sensor_2""]",sensor_0,toy_spatial,1,,16.0,7.302648544311523,7.302648544311523,7.302648544311523,0.79775,0.99955,0.79775,0.79775,,,14.605297087860109,20000,20000,,,20000,,0.2,raw_absolute,row,raw_sensor,1.0,0.0,0.0,cyclic,Held-Out Raw Sensor CP,sensor_1,"[""sensor_0"", ""sensor_2""]"
"[""sensor_0"", ""sensor_1"", ""sensor_2""]",sensor_0,toy_spatial,1,,16.0,9.720937728881836,9.720937728881836,9.720937728881836,0.80165,1.0,0.80165,0.80165,,,19.4418754570961,20000,20000,,,20000,,0.2,raw_absolute,row,raw_sensor,1.0,0.0,0.0,cyclic,Held-Out Raw Sensor CP,sensor_2,"[""sensor_0"", ""sensor_1""]"
"[""sensor_0"", ""sensor_1"", ""sensor_2""]",sensor_0,toy_spatial,1,,16.0,1.2815515655446008,,,0.78685,0.78685,,,,,4.29582405090332,20000,0,,0.0,20000,,0.2,none,,,,,,,Fused Posterior Predictive,,"[""sensor_0"", ""sensor_1"", ""sensor_2""]"
"[""sensor_0"", ""sensor_1"", ""sensor_2""]",sensor_0,toy_spatial,1,,17.0,1.3282965421676636,1.3282965421676636,1.3282965421676636,0.7994,0.7994,,,,,4.4510483744859695,20000,20000,,,20000,,0.2,model_normalized,row,reference,1.0,0.0,1.0,cyclic,Oracle Split Conformal,,"[""sensor_0"", ""sensor_1"", ""sensor_2""]"
"[""sensor_0"", ""sensor_1"", ""sensor_2""]",sensor_0,toy_spatial,1,,17.0,4.332231521606445,4.332231521606445,4.332231521606445,0.80435,0.9282,0.80435,0.80435,,,8.664463042259216,20000,20000,,,20000,,0.2,raw_absolute,row,raw_sensor,1.0,0.0,0.0,cyclic,Held-Out Raw Sensor CP,sensor_0,"[""sensor_1"", ""sensor_2""]"
"[""sensor_0"", ""sensor_1"", ""sensor_2""]",sensor_0,toy_spatial,1,,17.0,7.301933288574219,7.301933288574219,7.301933288574219,0.79765,0.99965,0.79765,0.79765,,,14.603866581487656,20000,20000,,,20000,,0.2,raw_absolute,row,raw_sensor,1.0,0.0,0.0,cyclic,Held-Out Raw Sensor CP,sensor_1,"[""sensor_0"", ""sensor_2""]"
"[""sensor_0"", ""sensor_1"", ""sensor_2""]",sensor_0,toy_spatial,1,,17.0,9.718742370605469,9.718742370605469,9.718742370605469,0.8014,1.0,0.8014,0.8014,,,19.437484741020203,20000,20000,,,20000,,0.2,raw_absolute,row,raw_sensor,1.0,0.0,0.0,cyclic,Held-Out Raw Sensor CP,sensor_2,"[""sensor_0"", ""sensor_1""]"
"[""sensor_0"", ""sensor_1"", ""sensor_2""]",sensor_0,toy_spatial,1,,17.0,1.2815515655446008,,,0.78135,0.78135,,,,,4.294408798217773,20000,0,,0.0,20000,,0.2,none,,,,,,,Fused Posterior Predictive,,"[""sensor_0"", ""sensor_1"", ""sensor_2""]"
"[""sensor_0"", ""sensor_1"", ""sensor_2""]",sensor_0,toy_spatial,1,,18.0,1.3340848684310913,1.3340848684310913,1.3340848684310913,0.80305,0.80305,,,,,4.471078788876533,20000,20000,,,20000,,0.2,model_normalized,row,reference,1.0,0.0,1.0,cyclic,Oracle Split Conformal,,"[""sensor_0"", ""sensor_1"", ""sensor_2""]"
"[""sensor_0"", ""sensor_1"", ""sensor_2""]",sensor_0,toy_spatial,1,,18.0,4.329951286315918,4.329951286315918,4.329951286315918,0.8039,0.9315,0.8039,0.8039,,,8.659902561378479,20000,20000,,,20000,,0.2,raw_absolute,row,raw_sensor,1.0,0.0,0.0,cyclic,Held-Out Raw Sensor CP,sensor_0,"[""sensor_1"", ""sensor_2""]"
"[""sensor_0"", ""sensor_1"", ""sensor_2""]",sensor_0,toy_spatial,1,,18.0,7.323047637939453,7.323047637939453,7.323047637939453,0.8003,0.9994,0.8003,0.8003,,,14.64609527654648,20000,20000,,,20000,,0.2,raw_absolute,row,raw_sensor,1.0,0.0,0.0,cyclic,Held-Out Raw Sensor CP,sensor_1,"[""sensor_0"", ""sensor_2""]"
"[""sensor_0"", ""sensor_1"", ""sensor_2""]",sensor_0,toy_spatial,1,,18.0,9.706369400024414,9.706369400024414,9.706369400024414,0.80025,1.0,0.80025,0.80025,,,19.41273879709244,20000,20000,,,20000,,0.2,raw_absolute,row,raw_sensor,1.0,0.0,0.0,cyclic,Held-Out Raw Sensor CP,sensor_2,"[""sensor_0"", ""sensor_1""]"
"[""sensor_0"", ""sensor_1"", ""sensor_2""]",sensor_0,toy_spatial,1,,18.0,1.2815515655446008,,,0.7833,0.7833,,,,,4.295018196105957,20000,0,,0.0,20000,,0.2,none,,,,,,,Fused Posterior Predictive,,"[""sensor_0"", ""sensor_1"", ""sensor_2""]"
"[""sensor_0"", ""sensor_1"", ""sensor_2""]",sensor_0,toy_spatial,1,,19.0,1.3311896324157717,1.3311896324157717,1.3311896324157717,0.8014,0.8014,,,,,4.461909103417397,20000,20000,,,20000,,0.2,model_normalized,row,reference,1.0,0.0,1.0,cyclic,Oracle Split Conformal,,"[""sensor_0"", ""sensor_1"", ""sensor_2""]"
"[""sensor_0"", ""sensor_1"", ""sensor_2""]",sensor_0,toy_spatial,1,,19.0,4.286466598510742,4.286466598510742,4.286466598510742,0.7951,0.92695,0.7951,0.7951,,,8.57293320093155,20000,20000,,,20000,,0.2,raw_absolute,row,raw_sensor,1.0,0.0,0.0,cyclic,Held-Out Raw Sensor CP,sensor_0,"[""sensor_1"", ""sensor_2""]"
"[""sensor_0"", ""sensor_1"", ""sensor_2""]",sensor_0,toy_spatial,1,,19.0,7.375200271606445,7.375200271606445,7.375200271606445,0.80745,0.99955,0.80745,0.80745,,,14.750400542926789,20000,20000,,,20000,,0.2,raw_absolute,row,raw_sensor,1.0,0.0,0.0,cyclic,Held-Out Raw Sensor CP,sensor_1,"[""sensor_0"", ""sensor_2""]"
"[""sensor_0"", ""sensor_1"", ""sensor_2""]",sensor_0,toy_spatial,1,,19.0,9.75312042236328,9.75312042236328,9.75312042236328,0.8044,1.0,0.8044,0.8044,,,19.506240842342372,20000,20000,,,20000,,0.2,raw_absolute,row,raw_sensor,1.0,0.0,0.0,cyclic,Held-Out Raw Sensor CP,sensor_2,"[""sensor_0"", ""sensor_1""]"
"[""sensor_0"", ""sensor_1"", ""sensor_2""]",sensor_0,toy_spatial,1,,19.0,1.2815515655446008,,,0.7843,0.7843,,,,,4.295531272888184,20000,0,,0.0,20000,,0.2,none,,,,,,,Fused Posterior Predictive,,"[""sensor_0"", ""sensor_1"", ""sensor_2""]"
"[""sensor_0"", ""sensor_1"", ""sensor_2""]",sensor_0,toy_spatial,1,,20.0,1.3254660367965698,1.3254660367965698,1.3254660367965698,0.79755,0.79755,,,,,4.441963095641136,20000,20000,,,20000,,0.2,model_normalized,row,reference,1.0,0.0,1.0,cyclic,Oracle Split Conformal,,"[""sensor_0"", ""sensor_1"", ""sensor_2""]"
"[""sensor_0"", ""sensor_1"", ""sensor_2""]",sensor_0,toy_spatial,1,,20.0,4.30841064453125,4.30841064453125,4.30841064453125,0.80025,0.929,0.80025,0.80025,,,8.616821286535263,20000,20000,,,20000,,0.2,raw_absolute,row,raw_sensor,1.0,0.0,0.0,cyclic,Held-Out Raw Sensor CP,sensor_0,"[""sensor_1"", ""sensor_2""]"
"[""sensor_0"", ""sensor_1"", ""sensor_2""]",sensor_0,toy_spatial,1,,20.0,7.324859619140625,7.324859619140625,7.324859619140625,0.8005,0.9997,0.8005,0.8005,,,14.649719236803056,20000,20000,,,20000,,0.2,raw_absolute,row,raw_sensor,1.0,0.0,0.0,cyclic,Held-Out Raw Sensor CP,sensor_1,"[""sensor_0"", ""sensor_2""]"
"[""sensor_0"", ""sensor_1"", ""sensor_2""]",sensor_0,toy_spatial,1,,20.0,9.699390411376951,9.699390411376951,9.699390411376951,0.7995,1.0,0.7995,0.7995,,,19.398780825424197,20000,20000,,,20000,,0.2,raw_absolute,row,raw_sensor,1.0,0.0,0.0,cyclic,Held-Out Raw Sensor CP,sensor_2,"[""sensor_0"", ""sensor_1""]"
"[""sensor_0"", ""sensor_1"", ""sensor_2""]",sensor_0,toy_spatial,1,,20.0,1.2815515655446008,,,0.7817,0.7817,,,,,4.294795513153076,20000,0,,0.0,20000,,0.2,none,,,,,,,Fused Posterior Predictive,,"[""sensor_0"", ""sensor_1"", ""sensor_2""]"
"[""sensor_0"", ""sensor_1"", ""sensor_2""]",sensor_0,toy_spatial,1,,21.0,1.3243860006332395,1.3243860006332395,1.3243860006332395,0.79695,0.79695,,,,,4.4379774060726165,20000,20000,,,20000,,0.2,model_normalized,row,reference,1.0,0.0,1.0,cyclic,Oracle Split Conformal,,"[""sensor_0"", ""sensor_1"", ""sensor_2""]"
"[""sensor_0"", ""sensor_1"", ""sensor_2""]",sensor_0,toy_spatial,1,,21.0,4.305263519287109,4.305263519287109,4.305263519287109,0.79945,0.92815,0.79945,0.79945,,,8.610527032375336,20000,20000,,,20000,,0.2,raw_absolute,row,raw_sensor,1.0,0.0,0.0,cyclic,Held-Out Raw Sensor CP,sensor_0,"[""sensor_1"", ""sensor_2""]"
"[""sensor_0"", ""sensor_1"", ""sensor_2""]",sensor_0,toy_spatial,1,,21.0,7.304374694824219,7.304374694824219,7.304374694824219,0.79805,0.9994,0.79805,0.79805,,,14.608749392175676,20000,20000,,,20000,,0.2,raw_absolute,row,raw_sensor,1.0,0.0,0.0,cyclic,Held-Out Raw Sensor CP,sensor_1,"[""sensor_0"", ""sensor_2""]"
"[""sensor_0"", ""sensor_1"", ""sensor_2""]",sensor_0,toy_spatial,1,,21.0,9.697763442993164,9.697763442993164,9.697763442993164,0.79915,1.0,0.79915,0.79915,,,19.39552688369751,20000,20000,,,20000,,0.2,raw_absolute,row,raw_sensor,1.0,0.0,0.0,cyclic,Held-Out Raw Sensor CP,sensor_2,"[""sensor_0"", ""sensor_1""]"
"[""sensor_0"", ""sensor_1"", ""sensor_2""]",sensor_0,toy_spatial,1,,21.0,1.2815515655446008,,,0.7812,0.7812,,,,,4.294440746307373,20000,0,,0.0,20000,,0.2,none,,,,,,,Fused Posterior Predictive,,"[""sensor_0"", ""sensor_1"", ""sensor_2""]"
"[""sensor_0"", ""sensor_1"", ""sensor_2""]",sensor_0,toy_spatial,1,,22.0,1.3310225009918213,1.3310225009918213,1.3310225009918213,0.8012,0.8012,,,,,4.4606924908161165,20000,20000,,,20000,,0.2,model_normalized,row,reference,1.0,0.0,1.0,cyclic,Oracle Split Conformal,,"[""sensor_0"", ""sensor_1"", ""sensor_2""]"
"[""sensor_0"", ""sensor_1"", ""sensor_2""]",sensor_0,toy_spatial,1,,22.0,4.321767807006836,4.321767807006836,4.321767807006836,0.80265,0.9309,0.80265,0.80265,,,8.64353562040329,20000,20000,,,20000,,0.2,raw_absolute,row,raw_sensor,1.0,0.0,0.0,cyclic,Held-Out Raw Sensor CP,sensor_0,"[""sensor_1"", ""sensor_2""]"
"[""sensor_0"", ""sensor_1"", ""sensor_2""]",sensor_0,toy_spatial,1,,22.0,7.261787414550781,7.261787414550781,7.261787414550781,0.79255,0.99935,0.79255,0.79255,,,14.52357482995987,20000,20000,,,20000,,0.2,raw_absolute,row,raw_sensor,1.0,0.0,0.0,cyclic,Held-Out Raw Sensor CP,sensor_1,"[""sensor_0"", ""sensor_2""]"
"[""sensor_0"", ""sensor_1"", ""sensor_2""]",sensor_0,toy_spatial,1,,22.0,9.72153663635254,9.72153663635254,9.72153663635254,0.80175,1.0,0.80175,0.80175,,,19.44307327079773,20000,20000,,,20000,,0.2,raw_absolute,row,raw_sensor,1.0,0.0,0.0,cyclic,Held-Out Raw Sensor CP,sensor_2,"[""sensor_0"", ""sensor_1""]"
"[""sensor_0"", ""sensor_1"", ""sensor_2""]",sensor_0,toy_spatial,1,,22.0,1.2815515655446008,,,0.78265,0.78265,,,,,4.294898986816406,20000,0,,0.0,20000,,0.2,none,,,,,,,Fused Posterior Predictive,,"[""sensor_0"", ""sensor_1"", ""sensor_2""]"
"[""sensor_0"", ""sensor_1"", ""sensor_2""]",sensor_0,toy_spatial,1,,23.0,1.3288763761520386,1.3288763761520386,1.3288763761520386,0.7998,0.7998,,,,,4.4531318900585175,20000,20000,,,20000,,0.2,model_normalized,row,reference,1.0,0.0,1.0,cyclic,Oracle Split Conformal,,"[""sensor_0"", ""sensor_1"", ""sensor_2""]"
"[""sensor_0"", ""sensor_1"", ""sensor_2""]",sensor_0,toy_spatial,1,,23.0,4.359174728393555,4.359174728393555,4.359174728393555,0.81,0.9335,0.81,0.81,,,8.718349460887909,20000,20000,,,20000,,0.2,raw_absolute,row,raw_sensor,1.0,0.0,0.0,cyclic,Held-Out Raw Sensor CP,sensor_0,"[""sensor_1"", ""sensor_2""]"
"[""sensor_0"", ""sensor_1"", ""sensor_2""]",sensor_0,toy_spatial,1,,23.0,7.306815147399902,7.306815147399902,7.306815147399902,0.79835,0.9995,0.79835,0.79835,,,14.613630298185347,20000,20000,,,20000,,0.2,raw_absolute,row,raw_sensor,1.0,0.0,0.0,cyclic,Held-Out Raw Sensor CP,sensor_1,"[""sensor_0"", ""sensor_2""]"
"[""sensor_0"", ""sensor_1"", ""sensor_2""]",sensor_0,toy_spatial,1,,23.0,9.70817756652832,9.70817756652832,9.70817756652832,0.80035,1.0,0.80035,0.80035,,,19.416355132389068,20000,20000,,,20000,,0.2,raw_absolute,row,raw_sensor,1.0,0.0,0.0,cyclic,Held-Out Raw Sensor CP,sensor_2,"[""sensor_0"", ""sensor_1""]"
"[""sensor_0"", ""sensor_1"", ""sensor_2""]",sensor_0,toy_spatial,1,,23.0,1.2815515655446008,,,0.7817,0.7817,,,,,4.294544219970703,20000,0,,0.0,20000,,0.2,none,,,,,,,Fused Posterior Predictive,,"[""sensor_0"", ""sensor_1"", ""sensor_2""]"
"[""sensor_0"", ""sensor_1"", ""sensor_2""]",sensor_0,toy_spatial,1,,24.0,1.3282816410064695,1.3282816410064695,1.3282816410064695,0.79935,0.79935,,,,,4.450801318407058,20000,20000,,,20000,,0.2,model_normalized,row,reference,1.0,0.0,1.0,cyclic,Oracle Split Conformal,,"[""sensor_0"", ""sensor_1"", ""sensor_2""]"
"[""sensor_0"", ""sensor_1"", ""sensor_2""]",sensor_0,toy_spatial,1,,24.0,4.325428009033203,4.325428009033203,4.325428009033203,0.8033,0.93065,0.8033,0.8033,,,8.650856013822555,20000,20000,,,20000,,0.2,raw_absolute,row,raw_sensor,1.0,0.0,0.0,cyclic,Held-Out Raw Sensor CP,sensor_0,"[""sensor_1"", ""sensor_2""]"
"[""sensor_0"", ""sensor_1"", ""sensor_2""]",sensor_0,toy_spatial,1,,24.0,7.329791069030762,7.329791069030762,7.329791069030762,0.80155,0.9994,0.80155,0.80155,,,14.659582134628296,20000,20000,,,20000,,0.2,raw_absolute,row,raw_sensor,1.0,0.0,0.0,cyclic,Held-Out Raw Sensor CP,sensor_1,"[""sensor_0"", ""sensor_2""]"
"[""sensor_0"", ""sensor_1"", ""sensor_2""]",sensor_0,toy_spatial,1,,24.0,9.697608947753906,9.697608947753906,9.697608947753906,0.7991,1.0,0.7991,0.7991,,,19.39521789636612,20000,20000,,,20000,,0.2,raw_absolute,row,raw_sensor,1.0,0.0,0.0,cyclic,Held-Out Raw Sensor CP,sensor_2,"[""sensor_0"", ""sensor_1""]"
"[""sensor_0"", ""sensor_1"", ""sensor_2""]",sensor_0,toy_spatial,1,,24.0,1.2815515655446008,,,0.7826,0.7826,,,,,4.29421854019165,20000,0,,0.0,20000,,0.2,none,,,,,,,Fused Posterior Predictive,,"[""sensor_0"", ""sensor_1"", ""sensor_2""]"
"[""sensor_0"", ""sensor_1"", ""sensor_2""]",sensor_0,toy_spatial,1,,25.0,1.3475909233093262,1.3475909233093262,1.3475909233093262,0.81135,0.81135,,,,,4.516509178137779,20000,20000,,,20000,,0.2,model_normalized,row,reference,1.0,0.0,1.0,cyclic,Oracle Split Conformal,,"[""sensor_0"", ""sensor_1"", ""sensor_2""]"
"[""sensor_0"", ""sensor_1"", ""sensor_2""]",sensor_0,toy_spatial,1,,25.0,4.293513298034668,4.293513298034668,4.293513298034668,0.7972,0.92805,0.7972,0.7972,,,8.5870265812397,20000,20000,,,20000,,0.2,raw_absolute,row,raw_sensor,1.0,0.0,0.0,cyclic,Held-Out Raw Sensor CP,sensor_0,"[""sensor_1"", ""sensor_2""]"
"[""sensor_0"", ""sensor_1"", ""sensor_2""]",sensor_0,toy_spatial,1,,25.0,7.329791069030762,7.329791069030762,7.329791069030762,0.80155,0.99945,0.80155,0.80155,,,14.65958213906288,20000,20000,,,20000,,0.2,raw_absolute,row,raw_sensor,1.0,0.0,0.0,cyclic,Held-Out Raw Sensor CP,sensor_1,"[""sensor_0"", ""sensor_2""]"
"[""sensor_0"", ""sensor_1"", ""sensor_2""]",sensor_0,toy_spatial,1,,25.0,9.689135551452637,9.689135551452637,9.689135551452637,0.79835,1.0,0.79835,0.79835,,,19.37827108373642,20000,20000,,,20000,,0.2,raw_absolute,row,raw_sensor,1.0,0.0,0.0,cyclic,Held-Out Raw Sensor CP,sensor_2,"[""sensor_0"", ""sensor_1""]"
"[""sensor_0"", ""sensor_1"", ""sensor_2""]",sensor_0,toy_spatial,1,,25.0,1.2815515655446008,,,0.78835,0.78835,,,,,4.295175552368164,20000,0,,0.0,20000,,0.2,none,,,,,,,Fused Posterior Predictive,,"[""sensor_0"", ""sensor_1"", ""sensor_2""]"
"[""sensor_0"", ""sensor_1"", ""sensor_2""]",sensor_0,toy_spatial,1,,26.0,1.3216928243637085,1.3216928243637085,1.3216928243637085,0.79525,0.79525,,,,,4.429402484917641,20000,20000,,,20000,,0.2,model_normalized,row,reference,1.0,0.0,1.0,cyclic,Oracle Split Conformal,,"[""sensor_0"", ""sensor_1"", ""sensor_2""]"
"[""sensor_0"", ""sensor_1"", ""sensor_2""]",sensor_0,toy_spatial,1,,26.0,4.293081760406494,4.293081760406494,4.293081760406494,0.79695,0.92805,0.79695,0.79695,,,8.586163090229034,20000,20000,,,20000,,0.2,raw_absolute,row,raw_sensor,1.0,0.0,0.0,cyclic,Held-Out Raw Sensor CP,sensor_0,"[""sensor_1"", ""sensor_2""]"
"[""sensor_0"", ""sensor_1"", ""sensor_2""]",sensor_0,toy_spatial,1,,26.0,7.299211502075195,7.299211502075195,7.299211502075195,0.7973,0.9994,0.7973,0.7973,,,14.598423009538651,20000,20000,,,20000,,0.2,raw_absolute,row,raw_sensor,1.0,0.0,0.0,cyclic,Held-Out Raw Sensor CP,sensor_1,"[""sensor_0"", ""sensor_2""]"
"[""sensor_0"", ""sensor_1"", ""sensor_2""]",sensor_0,toy_spatial,1,,26.0,9.635068893432615,9.635068893432615,9.635068893432615,0.7934,1.0,0.7934,0.7934,,,19.270137784290316,20000,20000,,,20000,,0.2,raw_absolute,row,raw_sensor,1.0,0.0,0.0,cyclic,Held-Out Raw Sensor CP,sensor_2,"[""sensor_0"", ""sensor_1""]"
"[""sensor_0"", ""sensor_1"", ""sensor_2""]",sensor_0,toy_spatial,1,,26.0,1.2815515655446008,,,0.78115,0.78115,,,,,4.294877052307129,20000,0,,0.0,20000,,0.2,none,,,,,,,Fused Posterior Predictive,,"[""sensor_0"", ""sensor_1"", ""sensor_2""]"
"[""sensor_0"", ""sensor_1"", ""sensor_2""]",sensor_0,toy_spatial,1,,27.0,1.3325564861297607,1.3325564861297607,1.3325564861297607,0.8023,0.8023,,,,,4.465384096121788,20000,20000,,,20000,,0.2,model_normalized,row,reference,1.0,0.0,1.0,cyclic,Oracle Split Conformal,,"[""sensor_0"", ""sensor_1"", ""sensor_2""]"
"[""sensor_0"", ""sensor_1"", ""sensor_2""]",sensor_0,toy_spatial,1,,27.0,4.271721363067627,4.271721363067627,4.271721363067627,0.79185,0.9262,0.79185,0.79185,,,8.543442291116714,20000,20000,,,20000,,0.2,raw_absolute,row,raw_sensor,1.0,0.0,0.0,cyclic,Held-Out Raw Sensor CP,sensor_0,"[""sensor_1"", ""sensor_2""]"
"[""sensor_0"", ""sensor_1"", ""sensor_2""]",sensor_0,toy_spatial,1,,27.0,7.299211502075195,7.299211502075195,7.299211502075195,0.7973,0.99945,0.7973,0.7973,,,14.598423008346558,20000,20000,,,20000,,0.2,raw_absolute,row,raw_sensor,1.0,0.0,0.0,cyclic,Held-Out Raw Sensor CP,sensor_1,"[""sensor_0"", ""sensor_2""]"
"[""sensor_0"", ""sensor_1"", ""sensor_2""]",sensor_0,toy_spatial,1,,27.0,9.68033218383789,9.68033218383789,9.68033218383789,0.79755,1.0,0.79755,0.79755,,,19.36066436519623,20000,20000,,,20000,,0.2,raw_absolute,row,raw_sensor,1.0,0.0,0.0,cyclic,Held-Out Raw Sensor CP,sensor_2,"[""sensor_0"", ""sensor_1""]"
"[""sensor_0"", ""sensor_1"", ""sensor_2""]",sensor_0,toy_spatial,1,,27.0,1.2815515655446008,,,0.7842,0.7842,,,,,4.294466972351074,20000,0,,0.0,20000,,0.2,none,,,,,,,Fused Posterior Predictive,,"[""sensor_0"", ""sensor_1"", ""sensor_2""]"
"[""sensor_0"", ""sensor_1"", ""sensor_2""]",sensor_0,toy_spatial,1,,28.0,1.334406495094299,1.334406495094299,1.334406495094299,0.8032,0.8032,,,,,4.471673847293854,20000,20000,,,20000,,0.2,model_normalized,row,reference,1.0,0.0,1.0,cyclic,Oracle Split Conformal,,"[""sensor_0"", ""sensor_1"", ""sensor_2""]"
"[""sensor_0"", ""sensor_1"", ""sensor_2""]",sensor_0,toy_spatial,1,,28.0,4.278900146484375,4.278900146484375,4.278900146484375,0.79325,0.92725,0.79325,0.79325,,,8.557800286769867,20000,20000,,,20000,,0.2,raw_absolute,row,raw_sensor,1.0,0.0,0.0,cyclic,Held-Out Raw Sensor CP,sensor_0,"[""sensor_1"", ""sensor_2""]"
"[""sensor_0"", ""sensor_1"", ""sensor_2""]",sensor_0,toy_spatial,1,,28.0,7.313851356506348,7.313851356506348,7.313851356506348,0.79925,0.99955,0.79925,0.79925,,,14.627702711391448,20000,20000,,,20000,,0.2,raw_absolute,row,raw_sensor,1.0,0.0,0.0,cyclic,Held-Out Raw Sensor CP,sensor_1,"[""sensor_0"", ""sensor_2""]"
"[""sensor_0"", ""sensor_1"", ""sensor_2""]",sensor_0,toy_spatial,1,,28.0,9.732603073120115,9.732603073120115,9.732603073120115,0.80275,1.0,0.80275,0.80275,,,19.46520614938736,20000,20000,,,20000,,0.2,raw_absolute,row,raw_sensor,1.0,0.0,0.0,cyclic,Held-Out Raw Sensor CP,sensor_2,"[""sensor_0"", ""sensor_1""]"
"[""sensor_0"", ""sensor_1"", ""sensor_2""]",sensor_0,toy_spatial,1,,28.0,1.2815515655446008,,,0.7831,0.7831,,,,,4.294553756713867,20000,0,,0.0,20000,,0.2,none,,,,,,,Fused Posterior Predictive,,"[""sensor_0"", ""sensor_1"", ""sensor_2""]"
"[""sensor_0"", ""sensor_1"", ""sensor_2""]",sensor_0,toy_spatial,1,,29.0,1.3325564861297607,1.3325564861297607,1.3325564861297607,0.8023,0.8023,,,,,4.465574435424805,20000,20000,,,20000,,0.2,model_normalized,row,reference,1.0,0.0,1.0,cyclic,Oracle Split Conformal,,"[""sensor_0"", ""sensor_1"", ""sensor_2""]"
"[""sensor_0"", ""sensor_1"", ""sensor_2""]",sensor_0,toy_spatial,1,,29.0,4.319292068481445,4.319292068481445,4.319292068481445,0.80195,0.9302,0.80195,0.80195,,,8.638584142112732,20000,20000,,,20000,,0.2,raw_absolute,row,raw_sensor,1.0,0.0,0.0,cyclic,Held-Out Raw Sensor CP,sensor_0,"[""sensor_1"", ""sensor_2""]"
"[""sensor_0"", ""sensor_1"", ""sensor_2""]",sensor_0,toy_spatial,1,,29.0,7.293420791625977,7.293420791625977,7.293420791625977,0.79675,0.99965,0.79675,0.79675,,,14.586841585063937,20000,20000,,,20000,,0.2,raw_absolute,row,raw_sensor,1.0,0.0,0.0,cyclic,Held-Out Raw Sensor CP,sensor_1,"[""sensor_0"", ""sensor_2""]"
"[""sensor_0"", ""sensor_1"", ""sensor_2""]",sensor_0,toy_spatial,1,,29.0,9.699079513549805,9.699079513549805,9.699079513549805,0.79945,1.0,0.79945,0.79945,,,19.39815902805328,20000,20000,,,20000,,0.2,raw_absolute,row,raw_sensor,1.0,0.0,0.0,cyclic,Held-Out Raw Sensor CP,sensor_2,"[""sensor_0"", ""sensor_1""]"
"[""sensor_0"", ""sensor_1"", ""sensor_2""]",sensor_0,toy_spatial,1,,29.0,1.2815515655446008,,,0.78335,0.78335,,,,,4.294650554656982,20000,0,,0.0,20000,,0.2,none,,,,,,,Fused Posterior Predictive,,"[""sensor_0"", ""sensor_1"", ""sensor_2""]"
"[""sensor_0"", ""sensor_1"", ""sensor_2""]",sensor_0,toy_spatial,1,,30.0,1.3254040479660034,1.3254040479660034,1.3254040479660034,0.7975,0.7975,,,,,4.441988220262528,20000,20000,,,20000,,0.2,model_normalized,row,reference,1.0,0.0,1.0,cyclic,Oracle Split Conformal,,"[""sensor_0"", ""sensor_1"", ""sensor_2""]"
"[""sensor_0"", ""sensor_1"", ""sensor_2""]",sensor_0,toy_spatial,1,,30.0,4.315242767333984,4.315242767333984,4.315242767333984,0.8014,0.9293,0.8014,0.8014,,,8.63048552942276,20000,20000,,,20000,,0.2,raw_absolute,row,raw_sensor,1.0,0.0,0.0,cyclic,Held-Out Raw Sensor CP,sensor_0,"[""sensor_1"", ""sensor_2""]"
"[""sensor_0"", ""sensor_1"", ""sensor_2""]",sensor_0,toy_spatial,1,,30.0,7.280899524688721,7.280899524688721,7.280899524688721,0.7951,0.9994,0.7951,0.7951,,,14.561798629808424,20000,20000,,,20000,,0.2,raw_absolute,row,raw_sensor,1.0,0.0,0.0,cyclic,Held-Out Raw Sensor CP,sensor_1,"[""sensor_0"", ""sensor_2""]"
"[""sensor_0"", ""sensor_1"", ""sensor_2""]",sensor_0,toy_spatial,1,,30.0,9.691526412963867,9.691526412963867,9.691526412963867,0.7987,1.0,0.7987,0.7987,,,19.38305282278061,20000,20000,,,20000,,0.2,raw_absolute,row,raw_sensor,1.0,0.0,0.0,cyclic,Held-Out Raw Sensor CP,sensor_2,"[""sensor_0"", ""sensor_1""]"
"[""sensor_0"", ""sensor_1"", ""sensor_2""]",sensor_0,toy_spatial,1,,30.0,1.2815515655446008,,,0.78105,0.78105,,,,,4.29502010345459,20000,0,,0.0,20000,,0.2,none,,,,,,,Fused Posterior Predictive,,"[""sensor_0"", ""sensor_1"", ""sensor_2""]"
"[""sensor_0"", ""sensor_1"", ""sensor_2""]",sensor_0,toy_spatial,1,,31.0,1.3247605562210083,1.3247605562210083,1.3247605562210083,0.79725,0.79725,,,,,4.440386515140533,20000,20000,,,20000,,0.2,model_normalized,row,reference,1.0,0.0,1.0,cyclic,Oracle Split Conformal,,"[""sensor_0"", ""sensor_1"", ""sensor_2""]"
"[""sensor_0"", ""sensor_1"", ""sensor_2""]",sensor_0,toy_spatial,1,,31.0,4.292873382568359,4.292873382568359,4.292873382568359,0.79685,0.92925,0.79685,0.79685,,,8.585746761703492,20000,20000,,,20000,,0.2,raw_absolute,row,raw_sensor,1.0,0.0,0.0,cyclic,Held-Out Raw Sensor CP,sensor_0,"[""sensor_1"", ""sensor_2""]"
"[""sensor_0"", ""sensor_1"", ""sensor_2""]",sensor_0,toy_spatial,1,,31.0,7.315261840820312,7.315261840820312,7.315261840820312,0.7995,0.99945,0.7995,0.7995,,,14.630523685979844,20000,20000,,,20000,,0.2,raw_absolute,row,raw_sensor,1.0,0.0,0.0,cyclic,Held-Out Raw Sensor CP,sensor_1,"[""sensor_0"", ""sensor_2""]"
"[""sensor_0"", ""sensor_1"", ""sensor_2""]",sensor_0,toy_spatial,1,,31.0,9.717278480529783,9.717278480529783,9.717278480529783,0.8012,1.0,0.8012,0.8012,,,19.434556962299347,20000,20000,,,20000,,0.2,raw_absolute,row,raw_sensor,1.0,0.0,0.0,cyclic,Held-Out Raw Sensor CP,sensor_2,"[""sensor_0"", ""sensor_1""]"
"[""sensor_0"", ""sensor_1"", ""sensor_2""]",sensor_0,toy_spatial,1,,31.0,1.2815515655446008,,,0.78065,0.78065,,,,,4.295557022094727,20000,0,,0.0,20000,,0.2,none,,,,,,,Fused Posterior Predictive,,"[""sensor_0"", ""sensor_1"", ""sensor_2""]"
"[""sensor_0"", ""sensor_1"", ""sensor_2""]",sensor_0,toy_spatial,1,,32.0,1.326952338218689,1.326952338218689,1.326952338218689,0.79845,0.79845,,,,,4.447185545372963,20000,20000,,,20000,,0.2,model_normalized,row,reference,1.0,0.0,1.0,cyclic,Oracle Split Conformal,,"[""sensor_0"", ""sensor_1"", ""sensor_2""]"
"[""sensor_0"", ""sensor_1"", ""sensor_2""]",sensor_0,toy_spatial,1,,32.0,4.339975357055664,4.339975357055664,4.339975357055664,0.8055,0.9289,0.8055,0.8055,,,8.679950719833373,20000,20000,,,20000,,0.2,raw_absolute,row,raw_sensor,1.0,0.0,0.0,cyclic,Held-Out Raw Sensor CP,sensor_0,"[""sensor_1"", ""sensor_2""]"
"[""sensor_0"", ""sensor_1"", ""sensor_2""]",sensor_0,toy_spatial,1,,32.0,7.324597358703613,7.324597358703613,7.324597358703613,0.80045,0.99955,0.80045,0.80045,,,14.649194720602036,20000,20000,,,20000,,0.2,raw_absolute,row,raw_sensor,1.0,0.0,0.0,cyclic,Held-Out Raw Sensor CP,sensor_1,"[""sensor_0"", ""sensor_2""]"
"[""sensor_0"", ""sensor_1"", ""sensor_2""]",sensor_0,toy_spatial,1,,32.0,9.607190132141112,9.607190132141112,9.607190132141112,0.79045,1.0,0.79045,0.79045,,,19.214380283164974,20000,20000,,,20000,,0.2,raw_absolute,row,raw_sensor,1.0,0.0,0.0,cyclic,Held-Out Raw Sensor CP,sensor_2,"[""sensor_0"", ""sensor_1""]"
"[""sensor_0"", ""sensor_1"", ""sensor_2""]",sensor_0,toy_spatial,1,,32.0,1.2815515655446008,,,0.7816,0.7816,,,,,4.295028209686279,20000,0,,0.0,20000,,0.2,none,,,,,,,Fused Posterior Predictive,,"[""sensor_0"", ""sensor_1"", ""sensor_2""]"
"[""sensor_0"", ""sensor_1"", ""sensor_2""]",sensor_0,toy_spatial,1,,33.0,1.3382561206817627,1.3382561206817627,1.3382561206817627,0.8055,0.8055,,,,,4.484677171325684,20000,20000,,,20000,,0.2,model_normalized,row,reference,1.0,0.0,1.0,cyclic,Oracle Split Conformal,,"[""sensor_0"", ""sensor_1"", ""sensor_2""]"
"[""sensor_0"", ""sensor_1"", ""sensor_2""]",sensor_0,toy_spatial,1,,33.0,4.289636611938477,4.289636611938477,4.289636611938477,0.796,0.92865,0.796,0.796,,,8.579273226594925,20000,20000,,,20000,,0.2,raw_absolute,row,raw_sensor,1.0,0.0,0.0,cyclic,Held-Out Raw Sensor CP,sensor_0,"[""sensor_1"", ""sensor_2""]"
"[""sensor_0"", ""sensor_1"", ""sensor_2""]",sensor_0,toy_spatial,1,,33.0,7.326868057250977,7.326868057250977,7.326868057250977,0.80085,0.9993,0.80085,0.80085,,,14.653736112880706,20000,20000,,,20000,,0.2,raw_absolute,row,raw_sensor,1.0,0.0,0.0,cyclic,Held-Out Raw Sensor CP,sensor_1,"[""sensor_0"", ""sensor_2""]"
"[""sensor_0"", ""sensor_1"", ""sensor_2""]",sensor_0,toy_spatial,1,,33.0,9.704614639282228,9.704614639282228,9.704614639282228,0.8001,1.0,0.8001,0.8001,,,19.40922927799225,20000,20000,,,20000,,0.2,raw_absolute,row,raw_sensor,1.0,0.0,0.0,cyclic,Held-Out Raw Sensor CP,sensor_2,"[""sensor_0"", ""sensor_1""]"
"[""sensor_0"", ""sensor_1"", ""sensor_2""]",sensor_0,toy_spatial,1,,33.0,1.2815515655446008,,,0.78535,0.78535,,,,,4.294652938842773,20000,0,,0.0,20000,,0.2,none,,,,,,,Fused Posterior Predictive,,"[""sensor_0"", ""sensor_1"", ""sensor_2""]"
"[""sensor_0"", ""sensor_1"", ""sensor_2""]",sensor_0,toy_spatial,1,,34.0,1.331104040145874,1.331104040145874,1.331104040145874,0.8013,0.8013,,,,,4.461377070307732,20000,20000,,,20000,,0.2,model_normalized,row,reference,1.0,0.0,1.0,cyclic,Oracle Split Conformal,,"[""sensor_0"", ""sensor_1"", ""sensor_2""]"
"[""sensor_0"", ""sensor_1"", ""sensor_2""]",sensor_0,toy_spatial,1,,34.0,4.299056053161621,4.299056053161621,4.299056053161621,0.79825,0.9274,0.79825,0.79825,,,8.598112098169327,20000,20000,,,20000,,0.2,raw_absolute,row,raw_sensor,1.0,0.0,0.0,cyclic,Held-Out Raw Sensor CP,sensor_0,"[""sensor_1"", ""sensor_2""]"
"[""sensor_0"", ""sensor_1"", ""sensor_2""]",sensor_0,toy_spatial,1,,34.0,7.293598175048828,7.293598175048828,7.293598175048828,0.7968,0.9995,0.7968,0.7968,,,14.587196348285676,20000,20000,,,20000,,0.2,raw_absolute,row,raw_sensor,1.0,0.0,0.0,cyclic,Held-Out Raw Sensor CP,sensor_1,"[""sensor_0"", ""sensor_2""]"
"[""sensor_0"", ""sensor_1"", ""sensor_2""]",sensor_0,toy_spatial,1,,34.0,9.66506576538086,9.66506576538086,9.66506576538086,0.79635,1.0,0.79635,0.79635,,,19.33013153123856,20000,20000,,,20000,,0.2,raw_absolute,row,raw_sensor,1.0,0.0,0.0,cyclic,Held-Out Raw Sensor CP,sensor_2,"[""sensor_0"", ""sensor_1""]"
"[""sensor_0"", ""sensor_1"", ""sensor_2""]",sensor_0,toy_spatial,1,,34.0,1.2815515655446008,,,0.78295,0.78295,,,,,4.295295238494873,20000,0,,0.0,20000,,0.2,none,,,,,,,Fused Posterior Predictive,,"[""sensor_0"", ""sensor_1"", ""sensor_2""]"
"[""sensor_0"", ""sensor_1"", ""sensor_2""]",sensor_0,toy_spatial,1,,35.0,1.3287932872772217,1.3287932872772217,1.3287932872772217,0.79965,0.79965,,,,,4.45275572078228,20000,20000,,,20000,,0.2,model_normalized,row,reference,1.0,0.0,1.0,cyclic,Oracle Split Conformal,,"[""sensor_0"", ""sensor_1"", ""sensor_2""]"
"[""sensor_0"", ""sensor_1"", ""sensor_2""]",sensor_0,toy_spatial,1,,35.0,4.3551788330078125,4.3551788330078125,4.3551788330078125,0.8091,0.933,0.8091,0.8091,,,8.710357662677765,20000,20000,,,20000,,0.2,raw_absolute,row,raw_sensor,1.0,0.0,0.0,cyclic,Held-Out Raw Sensor CP,sensor_0,"[""sensor_1"", ""sensor_2""]"
"[""sensor_0"", ""sensor_1"", ""sensor_2""]",sensor_0,toy_spatial,1,,35.0,7.310245513916016,7.310245513916016,7.310245513916016,0.79885,0.99935,0.79885,0.79885,,,14.620491026067734,20000,20000,,,20000,,0.2,raw_absolute,row,raw_sensor,1.0,0.0,0.0,cyclic,Held-Out Raw Sensor CP,sensor_1,"[""sensor_0"", ""sensor_2""]"
"[""sensor_0"", ""sensor_1"", ""sensor_2""]",sensor_0,toy_spatial,1,,35.0,9.645923614501951,9.645923614501951,9.645923614501951,0.79465,1.0,0.79465,0.79465,,,19.29184723148346,20000,20000,,,20000,,0.2,raw_absolute,row,raw_sensor,1.0,0.0,0.0,cyclic,Held-Out Raw Sensor CP,sensor_2,"[""sensor_0"", ""sensor_1""]"
"[""sensor_0"", ""sensor_1"", ""sensor_2""]",sensor_0,toy_spatial,1,,35.0,1.2815515655446008,,,0.7823,0.7823,,,,,4.294449806213379,20000,0,,0.0,20000,,0.2,none,,,,,,,Fused Posterior Predictive,,"[""sensor_0"", ""sensor_1"", ""sensor_2""]"
"[""sensor_0"", ""sensor_1"", ""sensor_2""]",sensor_0,toy_spatial,1,,36.0,1.328075289726257,1.328075289726257,1.328075289726257,0.79925,0.79925,,,,,4.450932785201073,20000,20000,,,20000,,0.2,model_normalized,row,reference,1.0,0.0,1.0,cyclic,Oracle Split Conformal,,"[""sensor_0"", ""sensor_1"", ""sensor_2""]"
"[""sensor_0"", ""sensor_1"", ""sensor_2""]",sensor_0,toy_spatial,1,,36.0,4.275633811950684,4.275633811950684,4.275633811950684,0.79265,0.9265,0.79265,0.79265,,,8.551267614269257,20000,20000,,,20000,,0.2,raw_absolute,row,raw_sensor,1.0,0.0,0.0,cyclic,Held-Out Raw Sensor CP,sensor_0,"[""sensor_1"", ""sensor_2""]"
"[""sensor_0"", ""sensor_1"", ""sensor_2""]",sensor_0,toy_spatial,1,,36.0,7.312019348144531,7.312019348144531,7.312019348144531,0.799,0.99945,0.799,0.799,,,14.624038694906234,20000,20000,,,20000,,0.2,raw_absolute,row,raw_sensor,1.0,0.0,0.0,cyclic,Held-Out Raw Sensor CP,sensor_1,"[""sensor_0"", ""sensor_2""]"
"[""sensor_0"", ""sensor_1"", ""sensor_2""]",sensor_0,toy_spatial,1,,36.0,9.630975723266602,9.630975723266602,9.630975723266602,0.79275,1.0,0.79275,0.79275,,,19.261951444721223,20000,20000,,,20000,,0.2,raw_absolute,row,raw_sensor,1.0,0.0,0.0,cyclic,Held-Out Raw Sensor CP,sensor_2,"[""sensor_0"", ""sensor_1""]"
"[""sensor_0"", ""sensor_1"", ""sensor_2""]",sensor_0,toy_spatial,1,,36.0,1.2815515655446008,,,0.78275,0.78275,,,,,4.295012474060059,20000,0,,0.0,20000,,0.2,none,,,,,,,Fused Posterior Predictive,,"[""sensor_0"", ""sensor_1"", ""sensor_2""]"
"[""sensor_0"", ""sensor_1"", ""sensor_2""]",sensor_0,toy_spatial,1,,37.0,1.3393579721450806,1.3393579721450806,1.3393579721450806,0.80625,0.80625,,,,,4.488857944393158,20000,20000,,,20000,,0.2,model_normalized,row,reference,1.0,0.0,1.0,cyclic,Oracle Split Conformal,,"[""sensor_0"", ""sensor_1"", ""sensor_2""]"
"[""sensor_0"", ""sensor_1"", ""sensor_2""]",sensor_0,toy_spatial,1,,37.0,4.303285598754883,4.303285598754883,4.303285598754883,0.79905,0.93025,0.79905,0.79905,,,8.606571200847625,20000,20000,,,20000,,0.2,raw_absolute,row,raw_sensor,1.0,0.0,0.0,cyclic,Held-Out Raw Sensor CP,sensor_0,"[""sensor_1"", ""sensor_2""]"
"[""sensor_0"", ""sensor_1"", ""sensor_2""]",sensor_0,toy_spatial,1,,37.0,7.299625396728516,7.299625396728516,7.299625396728516,0.7974,0.99955,0.7974,0.7974,,,14.599250794267654,20000,20000,,,20000,,0.2,raw_absolute,row,raw_sensor,1.0,0.0,0.0,cyclic,Held-Out Raw Sensor CP,sensor_1,"[""sensor_0"", ""sensor_2""]"
"[""sensor_0"", ""sensor_1"", ""sensor_2""]",sensor_0,toy_spatial,1,,37.0,9.755142211914062,9.755142211914062,9.755142211914062,0.80455,1.0,0.80455,0.80455,,,19.510284422779083,20000,20000,,,20000,,0.2,raw_absolute,row,raw_sensor,1.0,0.0,0.0,cyclic,Held-Out Raw Sensor CP,sensor_2,"[""sensor_0"", ""sensor_1""]"
"[""sensor_0"", ""sensor_1"", ""sensor_2""]",sensor_0,toy_spatial,1,,37.0,1.2815515655446008,,,0.78605,0.78605,,,,,4.295119762420654,20000,0,,0.0,20000,,0.2,none,,,,,,,Fused Posterior Predictive,,"[""sensor_0"", ""sensor_1"", ""sensor_2""]"
"[""sensor_0"", ""sensor_1"", ""sensor_2""]",sensor_0,toy_spatial,1,,38.0,1.3226521015167236,1.3226521015167236,1.3226521015167236,0.79585,0.79585,,,,,4.432464133810997,20000,20000,,,20000,,0.2,model_normalized,row,reference,1.0,0.0,1.0,cyclic,Oracle Split Conformal,,"[""sensor_0"", ""sensor_1"", ""sensor_2""]"
"[""sensor_0"", ""sensor_1"", ""sensor_2""]",sensor_0,toy_spatial,1,,38.0,4.322065353393555,4.322065353393555,4.322065353393555,0.8027,0.93125,0.8027,0.8027,,,8.644130711126328,20000,20000,,,20000,,0.2,raw_absolute,row,raw_sensor,1.0,0.0,0.0,cyclic,Held-Out Raw Sensor CP,sensor_0,"[""sensor_1"", ""sensor_2""]"
"[""sensor_0"", ""sensor_1"", ""sensor_2""]",sensor_0,toy_spatial,1,,38.0,7.325071334838867,7.325071334838867,7.325071334838867,0.8006,0.99935,0.8006,0.8006,,,14.650142668008804,20000,20000,,,20000,,0.2,raw_absolute,row,raw_sensor,1.0,0.0,0.0,cyclic,Held-Out Raw Sensor CP,sensor_1,"[""sensor_0"", ""sensor_2""]"
"[""sensor_0"", ""sensor_1"", ""sensor_2""]",sensor_0,toy_spatial,1,,38.0,9.707925796508787,9.707925796508787,9.707925796508787,0.8003,1.0,0.8003,0.8003,,,19.415851591014864,20000,20000,,,20000,,0.2,raw_absolute,row,raw_sensor,1.0,0.0,0.0,cyclic,Held-Out Raw Sensor CP,sensor_2,"[""sensor_0"", ""sensor_1""]"
"[""sensor_0"", ""sensor_1"", ""sensor_2""]",sensor_0,toy_spatial,1,,38.0,1.2815515655446008,,,0.7803,0.7803,,,,,4.2947282791137695,20000,0,,0.0,20000,,0.2,none,,,,,,,Fused Posterior Predictive,,"[""sensor_0"", ""sensor_1"", ""sensor_2""]"
"[""sensor_0"", ""sensor_1"", ""sensor_2""]",sensor_0,toy_spatial,1,,39.0,1.326372504234314,1.326372504234314,1.326372504234314,0.7981,0.7981,,,,,4.445209060955047,20000,20000,,,20000,,0.2,model_normalized,row,reference,1.0,0.0,1.0,cyclic,Oracle Split Conformal,,"[""sensor_0"", ""sensor_1"", ""sensor_2""]"
"[""sensor_0"", ""sensor_1"", ""sensor_2""]",sensor_0,toy_spatial,1,,39.0,4.297469615936279,4.297469615936279,4.297469615936279,0.7978,0.93045,0.7978,0.7978,,,8.594939664173125,20000,20000,,,20000,,0.2,raw_absolute,row,raw_sensor,1.0,0.0,0.0,cyclic,Held-Out Raw Sensor CP,sensor_0,"[""sensor_1"", ""sensor_2""]"
"[""sensor_0"", ""sensor_1"", ""sensor_2""]",sensor_0,toy_spatial,1,,39.0,7.307661056518555,7.307661056518555,7.307661056518555,0.79845,0.99955,0.79845,0.79845,,,14.615322113752365,20000,20000,,,20000,,0.2,raw_absolute,row,raw_sensor,1.0,0.0,0.0,cyclic,Held-Out Raw Sensor CP,sensor_1,"[""sensor_0"", ""sensor_2""]"
"[""sensor_0"", ""sensor_1"", ""sensor_2""]",sensor_0,toy_spatial,1,,39.0,9.712387084960938,9.712387084960938,9.712387084960938,0.8008,1.0,0.8008,0.8008,,,19.42477417049408,20000,20000,,,20000,,0.2,raw_absolute,row,raw_sensor,1.0,0.0,0.0,cyclic,Held-Out Raw Sensor CP,sensor_2,"[""sensor_0"", ""sensor_1""]"
"[""sensor_0"", ""sensor_1"", ""sensor_2""]",sensor_0,toy_spatial,1,,39.0,1.2815515655446008,,,0.78145,0.78145,,,,,4.29499626159668,20000,0,,0.0,20000,,0.2,none,,,,,,,Fused Posterior Predictive,,"[""sensor_0"", ""sensor_1"", ""sensor_2""]"
"[""sensor_0"", ""sensor_1"", ""sensor_2""]",sensor_0,toy_spatial,1,,40.0,1.3286162614822388,1.3286162614822388,1.3286162614822388,0.7996,0.7996,,,,,4.452492003440857,20000,20000,,,20000,,0.2,model_normalized,row,reference,1.0,0.0,1.0,cyclic,Oracle Split Conformal,,"[""sensor_0"", ""sensor_1"", ""sensor_2""]"
"[""sensor_0"", ""sensor_1"", ""sensor_2""]",sensor_0,toy_spatial,1,,40.0,4.28662109375,4.28662109375,4.28662109375,0.79525,0.9263,0.79525,0.79525,,,8.573242185258865,20000,20000,,,20000,,0.2,raw_absolute,row,raw_sensor,1.0,0.0,0.0,cyclic,Held-Out Raw Sensor CP,sensor_0,"[""sensor_1"", ""sensor_2""]"
"[""sensor_0"", ""sensor_1"", ""sensor_2""]",sensor_0,toy_spatial,1,,40.0,7.371368408203125,7.371368408203125,7.371368408203125,0.8069,0.9995,0.8069,0.8069,,,14.74273682293892,20000,20000,,,20000,,0.2,raw_absolute,row,raw_sensor,1.0,0.0,0.0,cyclic,Held-Out Raw Sensor CP,sensor_1,"[""sensor_0"", ""sensor_2""]"
"[""sensor_0"", ""sensor_1"", ""sensor_2""]",sensor_0,toy_spatial,1,,40.0,9.748590469360352,9.748590469360352,9.748590469360352,0.80385,1.0,0.80385,0.80385,,,19.49718093366623,20000,20000,,,20000,,0.2,raw_absolute,row,raw_sensor,1.0,0.0,0.0,cyclic,Held-Out Raw Sensor CP,sensor_2,"[""sensor_0"", ""sensor_1""]"
"[""sensor_0"", ""sensor_1"", ""sensor_2""]",sensor_0,toy_spatial,1,,40.0,1.2815515655446008,,,0.7821,0.7821,,,,,4.294767379760742,20000,0,,0.0,20000,,0.2,none,,,,,,,Fused Posterior Predictive,,"[""sensor_0"", ""sensor_1"", ""sensor_2""]"
"[""sensor_0"", ""sensor_1"", ""sensor_2""]",sensor_0,toy_spatial,1,,41.0,1.3323774337768557,1.3323774337768557,1.3323774337768557,0.8022,0.8022,,,,,4.465504126644134,20000,20000,,,20000,,0.2,model_normalized,row,reference,1.0,0.0,1.0,cyclic,Oracle Split Conformal,,"[""sensor_0"", ""sensor_1"", ""sensor_2""]"
"[""sensor_0"", ""sensor_1"", ""sensor_2""]",sensor_0,toy_spatial,1,,41.0,4.30841064453125,4.30841064453125,4.30841064453125,0.80025,0.92855,0.80025,0.80025,,,8.61682128686905,20000,20000,,,20000,,0.2,raw_absolute,row,raw_sensor,1.0,0.0,0.0,cyclic,Held-Out Raw Sensor CP,sensor_0,"[""sensor_1"", ""sensor_2""]"
"[""sensor_0"", ""sensor_1"", ""sensor_2""]",sensor_0,toy_spatial,1,,41.0,7.337160110473633,7.337160110473633,7.337160110473633,0.8025,0.9995,0.8025,0.8025,,,14.674320225286484,20000,20000,,,20000,,0.2,raw_absolute,row,raw_sensor,1.0,0.0,0.0,cyclic,Held-Out Raw Sensor CP,sensor_1,"[""sensor_0"", ""sensor_2""]"
"[""sensor_0"", ""sensor_1"", ""sensor_2""]",sensor_0,toy_spatial,1,,41.0,9.70312213897705,9.70312213897705,9.70312213897705,0.79985,1.0,0.79985,0.79985,,,19.406244286823277,20000,20000,,,20000,,0.2,raw_absolute,row,raw_sensor,1.0,0.0,0.0,cyclic,Held-Out Raw Sensor CP,sensor_2,"[""sensor_0"", ""sensor_1""]"
"[""sensor_0"", ""sensor_1"", ""sensor_2""]",sensor_0,toy_spatial,1,,41.0,1.2815515655446008,,,0.78355,0.78355,,,,,4.295159816741943,20000,0,,0.0,20000,,0.2,none,,,,,,,Fused Posterior Predictive,,"[""sensor_0"", ""sensor_1"", ""sensor_2""]"
"[""sensor_0"", ""sensor_1"", ""sensor_2""]",sensor_0,toy_spatial,1,,42.0,1.3282965421676636,1.3282965421676636,1.3282965421676636,0.7994,0.7994,,,,,4.451299891972542,20000,20000,,,20000,,0.2,model_normalized,row,reference,1.0,0.0,1.0,cyclic,Oracle Split Conformal,,"[""sensor_0"", ""sensor_1"", ""sensor_2""]"
"[""sensor_0"", ""sensor_1"", ""sensor_2""]",sensor_0,toy_spatial,1,,42.0,4.312579154968262,4.312579154968262,4.312579154968262,0.801,0.9305,0.801,0.801,,,8.62515829358101,20000,20000,,,20000,,0.2,raw_absolute,row,raw_sensor,1.0,0.0,0.0,cyclic,Held-Out Raw Sensor CP,sensor_0,"[""sensor_1"", ""sensor_2""]"
"[""sensor_0"", ""sensor_1"", ""sensor_2""]",sensor_0,toy_spatial,1,,42.0,7.304826736450195,7.304826736450195,7.304826736450195,0.7981,0.99925,0.7981,0.7981,,,14.609653474664688,20000,20000,,,20000,,0.2,raw_absolute,row,raw_sensor,1.0,0.0,0.0,cyclic,Held-Out Raw Sensor CP,sensor_1,"[""sensor_0"", ""sensor_2""]"
"[""sensor_0"", ""sensor_1"", ""sensor_2""]",sensor_0,toy_spatial,1,,42.0,9.68033218383789,9.68033218383789,9.68033218383789,0.79755,1.0,0.79755,0.79755,,,19.360664370822903,20000,20000,,,20000,,0.2,raw_absolute,row,raw_sensor,1.0,0.0,0.0,cyclic,Held-Out Raw Sensor CP,sensor_2,"[""sensor_0"", ""sensor_1""]"
"[""sensor_0"", ""sensor_1"", ""sensor_2""]",sensor_0,toy_spatial,1,,42.0,1.2815515655446008,,,0.78225,0.78225,,,,,4.294651508331299,20000,0,,0.0,20000,,0.2,none,,,,,,,Fused Posterior Predictive,,"[""sensor_0"", ""sensor_1"", ""sensor_2""]"
"[""sensor_0"", ""sensor_1"", ""sensor_2""]",sensor_0,toy_spatial,1,,43.0,1.327535629272461,1.327535629272461,1.327535629272461,0.79895,0.79895,,,,,4.448882082557678,20000,20000,,,20000,,0.2,model_normalized,row,reference,1.0,0.0,1.0,cyclic,Oracle Split Conformal,,"[""sensor_0"", ""sensor_1"", ""sensor_2""]"
"[""sensor_0"", ""sensor_1"", ""sensor_2""]",sensor_0,toy_spatial,1,,43.0,4.31745719909668,4.31745719909668,4.31745719909668,0.8017,0.9291,0.8017,0.8017,,,8.634914401102066,20000,20000,,,20000,,0.2,raw_absolute,row,raw_sensor,1.0,0.0,0.0,cyclic,Held-Out Raw Sensor CP,sensor_0,"[""sensor_1"", ""sensor_2""]"
"[""sensor_0"", ""sensor_1"", ""sensor_2""]",sensor_0,toy_spatial,1,,43.0,7.343860626220703,7.343860626220703,7.343860626220703,0.8034,0.9995,0.8034,0.8034,,,14.687721249628067,20000,20000,,,20000,,0.2,raw_absolute,row,raw_sensor,1.0,0.0,0.0,cyclic,Held-Out Raw Sensor CP,sensor_1,"[""sensor_0"", ""sensor_2""]"
"[""sensor_0"", ""sensor_1"", ""sensor_2""]",sensor_0,toy_spatial,1,,43.0,9.700778007507324,9.700778007507324,9.700778007507324,0.7997,1.0,0.7997,0.7997,,,19.40155600614548,20000,20000,,,20000,,0.2,raw_absolute,row,raw_sensor,1.0,0.0,0.0,cyclic,Held-Out Raw Sensor CP,sensor_2,"[""sensor_0"", ""sensor_1""]"
"[""sensor_0"", ""sensor_1"", ""sensor_2""]",sensor_0,toy_spatial,1,,43.0,1.2815515655446008,,,0.78205,0.78205,,,,,4.294778823852539,20000,0,,0.0,20000,,0.2,none,,,,,,,Fused Posterior Predictive,,"[""sensor_0"", ""sensor_1"", ""sensor_2""]"
"[""sensor_0"", ""sensor_1"", ""sensor_2""]",sensor_0,toy_spatial,1,,44.0,1.3276500701904297,1.3276500701904297,1.3276500701904297,0.7991,0.7991,,,,,4.449391127753258,20000,20000,,,20000,,0.2,model_normalized,row,reference,1.0,0.0,1.0,cyclic,Oracle Split Conformal,,"[""sensor_0"", ""sensor_1"", ""sensor_2""]"
"[""sensor_0"", ""sensor_1"", ""sensor_2""]",sensor_0,toy_spatial,1,,44.0,4.3086347579956055,4.3086347579956055,4.3086347579956055,0.80035,0.92925,0.80035,0.80035,,,8.617269507884979,20000,20000,,,20000,,0.2,raw_absolute,row,raw_sensor,1.0,0.0,0.0,cyclic,Held-Out Raw Sensor CP,sensor_0,"[""sensor_1"", ""sensor_2""]"
"[""sensor_0"", ""sensor_1"", ""sensor_2""]",sensor_0,toy_spatial,1,,44.0,7.328884124755859,7.328884124755859,7.328884124755859,0.80135,0.9996,0.80135,0.80135,,,14.657768249082563,20000,20000,,,20000,,0.2,raw_absolute,row,raw_sensor,1.0,0.0,0.0,cyclic,Held-Out Raw Sensor CP,sensor_1,"[""sensor_0"", ""sensor_2""]"
"[""sensor_0"", ""sensor_1"", ""sensor_2""]",sensor_0,toy_spatial,1,,44.0,9.720209121704102,9.720209121704102,9.720209121704102,0.80155,1.0,0.80155,0.80155,,,19.440418242263792,20000,20000,,,20000,,0.2,raw_absolute,row,raw_sensor,1.0,0.0,0.0,cyclic,Held-Out Raw Sensor CP,sensor_2,"[""sensor_0"", ""sensor_1""]"
"[""sensor_0"", ""sensor_1"", ""sensor_2""]",sensor_0,toy_spatial,1,,44.0,1.2815515655446008,,,0.78345,0.78345,,,,,4.294899940490723,20000,0,,0.0,20000,,0.2,none,,,,,,,Fused Posterior Predictive,,"[""sensor_0"", ""sensor_1"", ""sensor_2""]"
"[""sensor_0"", ""sensor_1"", ""sensor_2""]",sensor_0,toy_spatial,1,,45.0,1.3245229721069336,1.3245229721069336,1.3245229721069336,0.79705,0.79705,,,,,4.439097321677208,20000,20000,,,20000,,0.2,model_normalized,row,reference,1.0,0.0,1.0,cyclic,Oracle Split Conformal,,"[""sensor_0"", ""sensor_1"", ""sensor_2""]"
"[""sensor_0"", ""sensor_1"", ""sensor_2""]",sensor_0,toy_spatial,1,,45.0,4.298549652099609,4.298549652099609,4.298549652099609,0.7981,0.92575,0.7981,0.7981,,,8.59709929842949,20000,20000,,,20000,,0.2,raw_absolute,row,raw_sensor,1.0,0.0,0.0,cyclic,Held-Out Raw Sensor CP,sensor_0,"[""sensor_1"", ""sensor_2""]"
"[""sensor_0"", ""sensor_1"", ""sensor_2""]",sensor_0,toy_spatial,1,,45.0,7.337946891784668,7.337946891784668,7.337946891784668,0.80255,0.9997,0.80255,0.80255,,,14.675893786334992,20000,20000,,,20000,,0.2,raw_absolute,row,raw_sensor,1.0,0.0,0.0,cyclic,Held-Out Raw Sensor CP,sensor_1,"[""sensor_0"", ""sensor_2""]"
"[""sensor_0"", ""sensor_1"", ""sensor_2""]",sensor_0,toy_spatial,1,,45.0,9.696111679077148,9.696111679077148,9.696111679077148,0.799,1.0,0.799,0.799,,,19.39222335739136,20000,20000,,,20000,,0.2,raw_absolute,row,raw_sensor,1.0,0.0,0.0,cyclic,Held-Out Raw Sensor CP,sensor_2,"[""sensor_0"", ""sensor_1""]"
"[""sensor_0"", ""sensor_1"", ""sensor_2""]",sensor_0,toy_spatial,1,,45.0,1.2815515655446008,,,0.7814,0.7814,,,,,4.295080184936523,20000,0,,0.0,20000,,0.2,none,,,,,,,Fused Posterior Predictive,,"[""sensor_0"", ""sensor_1"", ""sensor_2""]"
"[""sensor_0"", ""sensor_1"", ""sensor_2""]",sensor_0,toy_spatial,1,,46.0,1.3274201154708862,1.3274201154708862,1.3274201154708862,0.7988,0.7988,,,,,4.448623395276069,20000,20000,,,20000,,0.2,model_normalized,row,reference,1.0,0.0,1.0,cyclic,Oracle Split Conformal,,"[""sensor_0"", ""sensor_1"", ""sensor_2""]"
"[""sensor_0"", ""sensor_1"", ""sensor_2""]",sensor_0,toy_spatial,1,,46.0,4.2814249992370605,4.2814249992370605,4.2814249992370605,0.7941,0.92655,0.7941,0.7941,,,8.562850430631638,20000,20000,,,20000,,0.2,raw_absolute,row,raw_sensor,1.0,0.0,0.0,cyclic,Held-Out Raw Sensor CP,sensor_0,"[""sensor_1"", ""sensor_2""]"
"[""sensor_0"", ""sensor_1"", ""sensor_2""]",sensor_0,toy_spatial,1,,46.0,7.357224464416504,7.357224464416504,7.357224464416504,0.8052,0.99965,0.8052,0.8052,,,14.7144489276886,20000,20000,,,20000,,0.2,raw_absolute,row,raw_sensor,1.0,0.0,0.0,cyclic,Held-Out Raw Sensor CP,sensor_1,"[""sensor_0"", ""sensor_2""]"
"[""sensor_0"", ""sensor_1"", ""sensor_2""]",sensor_0,toy_spatial,1,,46.0,9.629542350769045,9.629542350769045,9.629542350769045,0.79255,1.0,0.79255,0.79255,,,19.259084688949585,20000,20000,,,20000,,0.2,raw_absolute,row,raw_sensor,1.0,0.0,0.0,cyclic,Held-Out Raw Sensor CP,sensor_2,"[""sensor_0"", ""sensor_1""]"
"[""sensor_0"", ""sensor_1"", ""sensor_2""]",sensor_0,toy_spatial,1,,46.0,1.2815515655446008,,,0.7821,0.7821,,,,,4.294902801513672,20000,0,,0.0,20000,,0.2,none,,,,,,,Fused Posterior Predictive,,"[""sensor_0"", ""sensor_1"", ""sensor_2""]"
"[""sensor_0"", ""sensor_1"", ""sensor_2""]",sensor_0,toy_spatial,1,,47.0,1.3320999145507812,1.3320999145507812,1.3320999145507812,0.80185,0.80185,,,,,4.46459992454052,20000,20000,,,20000,,0.2,model_normalized,row,reference,1.0,0.0,1.0,cyclic,Oracle Split Conformal,,"[""sensor_0"", ""sensor_1"", ""sensor_2""]"
"[""sensor_0"", ""sensor_1"", ""sensor_2""]",sensor_0,toy_spatial,1,,47.0,4.289636611938477,4.289636611938477,4.289636611938477,0.796,0.92785,0.796,0.796,,,8.579273229980469,20000,20000,,,20000,,0.2,raw_absolute,row,raw_sensor,1.0,0.0,0.0,cyclic,Held-Out Raw Sensor CP,sensor_0,"[""sensor_1"", ""sensor_2""]"
"[""sensor_0"", ""sensor_1"", ""sensor_2""]",sensor_0,toy_spatial,1,,47.0,7.282693862915039,7.282693862915039,7.282693862915039,0.79545,0.9993,0.79545,0.79545,,,14.565387727928162,20000,20000,,,20000,,0.2,raw_absolute,row,raw_sensor,1.0,0.0,0.0,cyclic,Held-Out Raw Sensor CP,sensor_1,"[""sensor_0"", ""sensor_2""]"
"[""sensor_0"", ""sensor_1"", ""sensor_2""]",sensor_0,toy_spatial,1,,47.0,9.787477493286133,9.787477493286133,9.787477493286133,0.8072,1.0,0.8072,0.8072,,,19.57495498723984,20000,20000,,,20000,,0.2,raw_absolute,row,raw_sensor,1.0,0.0,0.0,cyclic,Held-Out Raw Sensor CP,sensor_2,"[""sensor_0"", ""sensor_1""]"
"[""sensor_0"", ""sensor_1"", ""sensor_2""]",sensor_0,toy_spatial,1,,47.0,1.2815515655446008,,,0.78365,0.78365,,,,,4.29518461227417,20000,0,,0.0,20000,,0.2,none,,,,,,,Fused Posterior Predictive,,"[""sensor_0"", ""sensor_1"", ""sensor_2""]"
"[""sensor_0"", ""sensor_1"", ""sensor_2""]",sensor_0,toy_spatial,1,,48.0,1.3259347677230835,1.3259347677230835,1.3259347677230835,0.7978,0.7978,,,,,4.443135610723496,20000,20000,,,20000,,0.2,model_normalized,row,reference,1.0,0.0,1.0,cyclic,Oracle Split Conformal,,"[""sensor_0"", ""sensor_1"", ""sensor_2""]"
"[""sensor_0"", ""sensor_1"", ""sensor_2""]",sensor_0,toy_spatial,1,,48.0,4.289730072021484,4.289730072021484,4.289730072021484,0.79615,0.9265,0.79615,0.79615,,,8.579460141038895,20000,20000,,,20000,,0.2,raw_absolute,row,raw_sensor,1.0,0.0,0.0,cyclic,Held-Out Raw Sensor CP,sensor_0,"[""sensor_1"", ""sensor_2""]"
"[""sensor_0"", ""sensor_1"", ""sensor_2""]",sensor_0,toy_spatial,1,,48.0,7.299642562866211,7.299642562866211,7.299642562866211,0.79745,0.99945,0.79745,0.79745,,,14.599285123825071,20000,20000,,,20000,,0.2,raw_absolute,row,raw_sensor,1.0,0.0,0.0,cyclic,Held-Out Raw Sensor CP,sensor_1,"[""sensor_0"", ""sensor_2""]"
"[""sensor_0"", ""sensor_1"", ""sensor_2""]",sensor_0,toy_spatial,1,,48.0,9.661284446716309,9.661284446716309,9.661284446716309,0.7962,1.0,0.7962,0.7962,,,19.322568873023982,20000,20000,,,20000,,0.2,raw_absolute,row,raw_sensor,1.0,0.0,0.0,cyclic,Held-Out Raw Sensor CP,sensor_2,"[""sensor_0"", ""sensor_1""]"
"[""sensor_0"", ""sensor_1"", ""sensor_2""]",sensor_0,toy_spatial,1,,48.0,1.2815515655446008,,,0.781,0.781,,,,,4.294410228729248,20000,0,,0.0,20000,,0.2,none,,,,,,,Fused Posterior Predictive,,"[""sensor_0"", ""sensor_1"", ""sensor_2""]"
"[""sensor_0"", ""sensor_1"", ""sensor_2""]",sensor_0,toy_spatial,1,,49.0,1.3363703489303589,1.3363703489303589,1.3363703489303589,0.80455,0.80455,,,,,4.478396840906143,20000,20000,,,20000,,0.2,model_normalized,row,reference,1.0,0.0,1.0,cyclic,Oracle Split Conformal,,"[""sensor_0"", ""sensor_1"", ""sensor_2""]"
"[""sensor_0"", ""sensor_1"", ""sensor_2""]",sensor_0,toy_spatial,1,,49.0,4.336346626281738,4.336346626281738,4.336346626281738,0.8049,0.93345,0.8049,0.8049,,,8.672693269109725,20000,20000,,,20000,,0.2,raw_absolute,row,raw_sensor,1.0,0.0,0.0,cyclic,Held-Out Raw Sensor CP,sensor_0,"[""sensor_1"", ""sensor_2""]"
"[""sensor_0"", ""sensor_1"", ""sensor_2""]",sensor_0,toy_spatial,1,,49.0,7.314088821411133,7.314088821411133,7.314088821411133,0.7993,0.99965,0.7993,0.7993,,,14.628177643680573,20000,20000,,,20000,,0.2,raw_absolute,row,raw_sensor,1.0,0.0,0.0,cyclic,Held-Out Raw Sensor CP,sensor_1,"[""sensor_0"", ""sensor_2""]"
"[""sensor_0"", ""sensor_1"", ""sensor_2""]",sensor_0,toy_spatial,1,,49.0,9.712387084960938,9.712387084960938,9.712387084960938,0.8008,1.0,0.8008,0.8008,,,19.42477416629791,20000,20000,,,20000,,0.2,raw_absolute,row,raw_sensor,1.0,0.0,0.0,cyclic,Held-Out Raw Sensor CP,sensor_2,"[""sensor_0"", ""sensor_1""]"
"[""sensor_0"", ""sensor_1"", ""sensor_2""]",sensor_0,toy_spatial,1,,49.0,1.2815515655446008,,,0.78425,0.78425,,,,,4.294690132141113,20000,0,,0.0,20000,,0.2,none,,,,,,,Fused Posterior Predictive,,"[""sensor_0"", ""sensor_1"", ""sensor_2""]"
"[""sensor_0"", ""sensor_1"", ""sensor_2""]",sensor_0,toy_spatial,1,,50.0,1.3275514841079712,1.3275514841079712,1.3275514841079712,0.799,0.799,,,,,4.448932843875885,20000,20000,,,20000,,0.2,model_normalized,row,reference,1.0,0.0,1.0,cyclic,Oracle Split Conformal,,"[""sensor_0"", ""sensor_1"", ""sensor_2""]"
"[""sensor_0"", ""sensor_1"", ""sensor_2""]",sensor_0,toy_spatial,1,,50.0,4.305889129638672,4.305889129638672,4.305889129638672,0.79975,0.9295,0.79975,0.79975,,,8.61177824997902,20000,20000,,,20000,,0.2,raw_absolute,row,raw_sensor,1.0,0.0,0.0,cyclic,Held-Out Raw Sensor CP,sensor_0,"[""sensor_1"", ""sensor_2""]"
"[""sensor_0"", ""sensor_1"", ""sensor_2""]",sensor_0,toy_spatial,1,,50.0,7.377231121063232,7.377231121063232,7.377231121063232,0.80755,0.99955,0.80755,0.80755,,,14.75446265077591,20000,20000,,,20000,,0.2,raw_absolute,row,raw_sensor,1.0,0.0,0.0,cyclic,Held-Out Raw Sensor CP,sensor_1,"[""sensor_0"", ""sensor_2""]"
"[""sensor_0"", ""sensor_1"", ""sensor_2""]",sensor_0,toy_spatial,1,,50.0,9.75661277770996,9.75661277770996,9.75661277770996,0.80465,1.0,0.80465,0.80465,,,19.513225552177428,20000,20000,,,20000,,0.2,raw_absolute,row,raw_sensor,1.0,0.0,0.0,cyclic,Held-Out Raw Sensor CP,sensor_2,"[""sensor_0"", ""sensor_1""]"
"[""sensor_0"", ""sensor_1"", ""sensor_2""]",sensor_0,toy_spatial,1,,50.0,1.2815515655446008,,,0.78225,0.78225,,,,,4.294776439666748,20000,0,,0.0,20000,,0.2,none,,,,,,,Fused Posterior Predictive,,"[""sensor_0"", ""sensor_1"", ""sensor_2""]"
"[""sensor_0"", ""sensor_1"", ""sensor_2""]",sensor_0,toy_spatial,1,,51.0,1.336739420890808,1.336739420890808,1.336739420890808,0.8046,0.8046,,,,,4.480110551333428,20000,20000,,,20000,,0.2,model_normalized,row,reference,1.0,0.0,1.0,cyclic,Oracle Split Conformal,,"[""sensor_0"", ""sensor_1"", ""sensor_2""]"
"[""sensor_0"", ""sensor_1"", ""sensor_2""]",sensor_0,toy_spatial,1,,51.0,4.300647735595703,4.300647735595703,4.300647735595703,0.7985,0.92895,0.7985,0.7985,,,8.601295466852187,20000,20000,,,20000,,0.2,raw_absolute,row,raw_sensor,1.0,0.0,0.0,cyclic,Held-Out Raw Sensor CP,sensor_0,"[""sensor_1"", ""sensor_2""]"
"[""sensor_0"", ""sensor_1"", ""sensor_2""]",sensor_0,toy_spatial,1,,51.0,7.336407661437988,7.336407661437988,7.336407661437988,0.80225,0.9995,0.80225,0.80225,,,14.672815329885482,20000,20000,,,20000,,0.2,raw_absolute,row,raw_sensor,1.0,0.0,0.0,cyclic,Held-Out Raw Sensor CP,sensor_1,"[""sensor_0"", ""sensor_2""]"
"[""sensor_0"", ""sensor_1"", ""sensor_2""]",sensor_0,toy_spatial,1,,51.0,9.694798469543455,9.694798469543455,9.694798469543455,0.79885,1.0,0.79885,0.79885,,,19.389596940517425,20000,20000,,,20000,,0.2,raw_absolute,row,raw_sensor,1.0,0.0,0.0,cyclic,Held-Out Raw Sensor CP,sensor_2,"[""sensor_0"", ""sensor_1""]"
"[""sensor_0"", ""sensor_1"", ""sensor_2""]",sensor_0,toy_spatial,1,,51.0,1.2815515655446008,,,0.7842,0.7842,,,,,4.29514741897583,20000,0,,0.0,20000,,0.2,none,,,,,,,Fused Posterior Predictive,,"[""sensor_0"", ""sensor_1"", ""sensor_2""]"
"[""sensor_0"", ""sensor_1"", ""sensor_2""]",sensor_0,toy_spatial,1,,52.0,1.3270654678344729,1.3270654678344729,1.3270654678344729,0.79855,0.79855,,,,,4.448070297265053,20000,20000,,,20000,,0.2,model_normalized,row,reference,1.0,0.0,1.0,cyclic,Oracle Split Conformal,,"[""sensor_0"", ""sensor_1"", ""sensor_2""]"
"[""sensor_0"", ""sensor_1"", ""sensor_2""]",sensor_0,toy_spatial,1,,52.0,4.35197639465332,4.35197639465332,4.35197639465332,0.808,0.9306,0.808,0.808,,,8.703952791547776,20000,20000,,,20000,,0.2,raw_absolute,row,raw_sensor,1.0,0.0,0.0,cyclic,Held-Out Raw Sensor CP,sensor_0,"[""sensor_1"", ""sensor_2""]"
"[""sensor_0"", ""sensor_1"", ""sensor_2""]",sensor_0,toy_spatial,1,,52.0,7.389514923095703,7.389514923095703,7.389514923095703,0.80915,0.99945,0.80915,0.80915,,,14.779029844522476,20000,20000,,,20000,,0.2,raw_absolute,row,raw_sensor,1.0,0.0,0.0,cyclic,Held-Out Raw Sensor CP,sensor_1,"[""sensor_0"", ""sensor_2""]"
"[""sensor_0"", ""sensor_1"", ""sensor_2""]",sensor_0,toy_spatial,1,,52.0,9.646424293518066,9.646424293518066,9.646424293518066,0.79475,1.0,0.79475,0.79475,,,19.292848605918884,20000,20000,,,20000,,0.2,raw_absolute,row,raw_sensor,1.0,0.0,0.0,cyclic,Held-Out Raw Sensor CP,sensor_2,"[""sensor_0"", ""sensor_1""]"
"[""sensor_0"", ""sensor_1"", ""sensor_2""]",sensor_0,toy_spatial,1,,52.0,1.2815515655446008,,,0.7819,0.7819,,,,,4.295516490936279,20000,0,,0.0,20000,,0.2,none,,,,,,,Fused Posterior Predictive,,"[""sensor_0"", ""sensor_1"", ""sensor_2""]"
"[""sensor_0"", ""sensor_1"", ""sensor_2""]",sensor_0,toy_spatial,1,,53.0,1.3230913877487185,1.3230913877487185,1.3230913877487185,0.796,0.796,,,,,4.434313815903663,20000,20000,,,20000,,0.2,model_normalized,row,reference,1.0,0.0,1.0,cyclic,Oracle Split Conformal,,"[""sensor_0"", ""sensor_1"", ""sensor_2""]"
"[""sensor_0"", ""sensor_1"", ""sensor_2""]",sensor_0,toy_spatial,1,,53.0,4.293081760406494,4.293081760406494,4.293081760406494,0.79695,0.926,0.79695,0.79695,,,8.586163090753555,20000,20000,,,20000,,0.2,raw_absolute,row,raw_sensor,1.0,0.0,0.0,cyclic,Held-Out Raw Sensor CP,sensor_0,"[""sensor_1"", ""sensor_2""]"
"[""sensor_0"", ""sensor_1"", ""sensor_2""]",sensor_0,toy_spatial,1,,53.0,7.367263793945312,7.367263793945312,7.367263793945312,0.80645,0.99955,0.80645,0.80645,,,14.734527590894698,20000,20000,,,20000,,0.2,raw_absolute,row,raw_sensor,1.0,0.0,0.0,cyclic,Held-Out Raw Sensor CP,sensor_1,"[""sensor_0"", ""sensor_2""]"
"[""sensor_0"", ""sensor_1"", ""sensor_2""]",sensor_0,toy_spatial,1,,53.0,9.748809814453123,9.748809814453123,9.748809814453123,0.80395,1.0,0.80395,0.80395,,,19.497619633197782,20000,20000,,,20000,,0.2,raw_absolute,row,raw_sensor,1.0,0.0,0.0,cyclic,Held-Out Raw Sensor CP,sensor_2,"[""sensor_0"", ""sensor_1""]"
"[""sensor_0"", ""sensor_1"", ""sensor_2""]",sensor_0,toy_spatial,1,,53.0,1.2815515655446008,,,0.78,0.78,,,,,4.295093536376953,20000,0,,0.0,20000,,0.2,none,,,,,,,Fused Posterior Predictive,,"[""sensor_0"", ""sensor_1"", ""sensor_2""]"
"[""sensor_0"", ""sensor_1"", ""sensor_2""]",sensor_0,toy_spatial,1,,54.0,1.3257240056991575,1.3257240056991575,1.3257240056991575,0.79765,0.79765,,,,,4.442724218082428,20000,20000,,,20000,,0.2,model_normalized,row,reference,1.0,0.0,1.0,cyclic,Oracle Split Conformal,,"[""sensor_0"", ""sensor_1"", ""sensor_2""]"
"[""sensor_0"", ""sensor_1"", ""sensor_2""]",sensor_0,toy_spatial,1,,54.0,4.315242767333984,4.315242767333984,4.315242767333984,0.8014,0.92985,0.8014,0.8014,,,8.630485533714294,20000,20000,,,20000,,0.2,raw_absolute,row,raw_sensor,1.0,0.0,0.0,cyclic,Held-Out Raw Sensor CP,sensor_0,"[""sensor_1"", ""sensor_2""]"
"[""sensor_0"", ""sensor_1"", ""sensor_2""]",sensor_0,toy_spatial,1,,54.0,7.317436218261719,7.317436218261719,7.317436218261719,0.79975,0.99935,0.79975,0.79975,,,14.634872436952593,20000,20000,,,20000,,0.2,raw_absolute,row,raw_sensor,1.0,0.0,0.0,cyclic,Held-Out Raw Sensor CP,sensor_1,"[""sensor_0"", ""sensor_2""]"
"[""sensor_0"", ""sensor_1"", ""sensor_2""]",sensor_0,toy_spatial,1,,54.0,9.637981414794922,9.637981414794922,9.637981414794922,0.7938,1.0,0.7938,0.7938,,,19.275962829971316,20000,20000,,,20000,,0.2,raw_absolute,row,raw_sensor,1.0,0.0,0.0,cyclic,Held-Out Raw Sensor CP,sensor_2,"[""sensor_0"", ""sensor_1""]"
"[""sensor_0"", ""sensor_1"", ""sensor_2""]",sensor_0,toy_spatial,1,,54.0,1.2815515655446008,,,0.7817,0.7817,,,,,4.294694900512695,20000,0,,0.0,20000,,0.2,none,,,,,,,Fused Posterior Predictive,,"[""sensor_0"", ""sensor_1"", ""sensor_2""]"
"[""sensor_0"", ""sensor_1"", ""sensor_2""]",sensor_0,toy_spatial,1,,55.0,1.3239994049072266,1.3239994049072266,1.3239994049072266,0.79665,0.79665,,,,,4.436928067159653,20000,20000,,,20000,,0.2,model_normalized,row,reference,1.0,0.0,1.0,cyclic,Oracle Split Conformal,,"[""sensor_0"", ""sensor_1"", ""sensor_2""]"
"[""sensor_0"", ""sensor_1"", ""sensor_2""]",sensor_0,toy_spatial,1,,55.0,4.302773475646973,4.302773475646973,4.302773475646973,0.7989,0.9284,0.7989,0.7989,,,8.60554695711136,20000,20000,,,20000,,0.2,raw_absolute,row,raw_sensor,1.0,0.0,0.0,cyclic,Held-Out Raw Sensor CP,sensor_0,"[""sensor_1"", ""sensor_2""]"
"[""sensor_0"", ""sensor_1"", ""sensor_2""]",sensor_0,toy_spatial,1,,55.0,7.351749420166016,7.351749420166016,7.351749420166016,0.8045,0.99955,0.8045,0.8045,,,14.703498842334747,20000,20000,,,20000,,0.2,raw_absolute,row,raw_sensor,1.0,0.0,0.0,cyclic,Held-Out Raw Sensor CP,sensor_1,"[""sensor_0"", ""sensor_2""]"
"[""sensor_0"", ""sensor_1"", ""sensor_2""]",sensor_0,toy_spatial,1,,55.0,9.720209121704102,9.720209121704102,9.720209121704102,0.80155,1.0,0.80155,0.80155,,,19.44041824092865,20000,20000,,,20000,,0.2,raw_absolute,row,raw_sensor,1.0,0.0,0.0,cyclic,Held-Out Raw Sensor CP,sensor_2,"[""sensor_0"", ""sensor_1""]"
"[""sensor_0"", ""sensor_1"", ""sensor_2""]",sensor_0,toy_spatial,1,,55.0,1.2815515655446008,,,0.78115,0.78115,,,,,4.294678688049316,20000,0,,0.0,20000,,0.2,none,,,,,,,Fused Posterior Predictive,,"[""sensor_0"", ""sensor_1"", ""sensor_2""]"
"[""sensor_0"", ""sensor_1"", ""sensor_2""]",sensor_0,toy_spatial,1,,56.0,1.3232927322387695,1.3232927322387695,1.3232927322387695,0.79605,0.79605,,,,,4.43474070212841,20000,20000,,,20000,,0.2,model_normalized,row,reference,1.0,0.0,1.0,cyclic,Oracle Split Conformal,,"[""sensor_0"", ""sensor_1"", ""sensor_2""]"
"[""sensor_0"", ""sensor_1"", ""sensor_2""]",sensor_0,toy_spatial,1,,56.0,4.297469615936279,4.297469615936279,4.297469615936279,0.7978,0.92955,0.7978,0.7978,,,8.594939661359787,20000,20000,,,20000,,0.2,raw_absolute,row,raw_sensor,1.0,0.0,0.0,cyclic,Held-Out Raw Sensor CP,sensor_0,"[""sensor_1"", ""sensor_2""]"
"[""sensor_0"", ""sensor_1"", ""sensor_2""]",sensor_0,toy_spatial,1,,56.0,7.293420791625977,7.293420791625977,7.293420791625977,0.79675,0.99955,0.79675,0.79675,,,14.586841583442688,20000,20000,,,20000,,0.2,raw_absolute,row,raw_sensor,1.0,0.0,0.0,cyclic,Held-Out Raw Sensor CP,sensor_1,"[""sensor_0"", ""sensor_2""]"
"[""sensor_0"", ""sensor_1"", ""sensor_2""]",sensor_0,toy_spatial,1,,56.0,9.69753074645996,9.69753074645996,9.69753074645996,0.79905,1.0,0.79905,0.79905,,,19.395061494255067,20000,20000,,,20000,,0.2,raw_absolute,row,raw_sensor,1.0,0.0,0.0,cyclic,Held-Out Raw Sensor CP,sensor_2,"[""sensor_0"", ""sensor_1""]"
"[""sensor_0"", ""sensor_1"", ""sensor_2""]",sensor_0,toy_spatial,1,,56.0,1.2815515655446008,,,0.7804,0.7804,,,,,4.294853687286377,20000,0,,0.0,20000,,0.2,none,,,,,,,Fused Posterior Predictive,,"[""sensor_0"", ""sensor_1"", ""sensor_2""]"
"[""sensor_0"", ""sensor_1"", ""sensor_2""]",sensor_0,toy_spatial,1,,57.0,1.338716745376587,1.338716745376587,1.338716745376587,0.8059,0.8059,,,,,4.486481263923645,20000,20000,,,20000,,0.2,model_normalized,row,reference,1.0,0.0,1.0,cyclic,Oracle Split Conformal,,"[""sensor_0"", ""sensor_1"", ""sensor_2""]"
"[""sensor_0"", ""sensor_1"", ""sensor_2""]",sensor_0,toy_spatial,1,,57.0,4.321101188659668,4.321101188659668,4.321101188659668,0.8024,0.93085,0.8024,0.8024,,,8.642202368545533,20000,20000,,,20000,,0.2,raw_absolute,row,raw_sensor,1.0,0.0,0.0,cyclic,Held-Out Raw Sensor CP,sensor_0,"[""sensor_1"", ""sensor_2""]"
"[""sensor_0"", ""sensor_1"", ""sensor_2""]",sensor_0,toy_spatial,1,,57.0,7.319499969482422,7.319499969482422,7.319499969482422,0.8,0.99955,0.8,0.8,,,14.638999941635133,20000,20000,,,20000,,0.2,raw_absolute,row,raw_sensor,1.0,0.0,0.0,cyclic,Held-Out Raw Sensor CP,sensor_1,"[""sensor_0"", ""sensor_2""]"
"[""sensor_0"", ""sensor_1"", ""sensor_2""]",sensor_0,toy_spatial,1,,57.0,9.719362258911133,9.719362258911133,9.719362258911133,0.8015,1.0,0.8015,0.8015,,,19.438724518013,20000,20000,,,20000,,0.2,raw_absolute,row,raw_sensor,1.0,0.0,0.0,cyclic,Held-Out Raw Sensor CP,sensor_2,"[""sensor_0"", ""sensor_1""]"
"[""sensor_0"", ""sensor_1"", ""sensor_2""]",sensor_0,toy_spatial,1,,57.0,1.2815515655446008,,,0.7851,0.7851,,,,,4.294901847839356,20000,0,,0.0,20000,,0.2,none,,,,,,,Fused Posterior Predictive,,"[""sensor_0"", ""sensor_1"", ""sensor_2""]"
"[""sensor_0"", ""sensor_1"", ""sensor_2""]",sensor_0,toy_spatial,1,,58.0,1.3279335498809814,1.3279335498809814,1.3279335498809814,0.7992,0.7992,,,,,4.450523791408539,20000,20000,,,20000,,0.2,model_normalized,row,reference,1.0,0.0,1.0,cyclic,Oracle Split Conformal,,"[""sensor_0"", ""sensor_1"", ""sensor_2""]"
"[""sensor_0"", ""sensor_1"", ""sensor_2""]",sensor_0,toy_spatial,1,,58.0,4.280749320983887,4.280749320983887,4.280749320983887,0.79395,0.92575,0.79395,0.79395,,,8.561498636627197,20000,20000,,,20000,,0.2,raw_absolute,row,raw_sensor,1.0,0.0,0.0,cyclic,Held-Out Raw Sensor CP,sensor_0,"[""sensor_1"", ""sensor_2""]"
"[""sensor_0"", ""sensor_1"", ""sensor_2""]",sensor_0,toy_spatial,1,,58.0,7.313193321228027,7.313193321228027,7.313193321228027,0.79915,0.9995,0.79915,0.79915,,,14.626386634111403,20000,20000,,,20000,,0.2,raw_absolute,row,raw_sensor,1.0,0.0,0.0,cyclic,Held-Out Raw Sensor CP,sensor_1,"[""sensor_0"", ""sensor_2""]"
"[""sensor_0"", ""sensor_1"", ""sensor_2""]",sensor_0,toy_spatial,1,,58.0,9.824395179748535,9.824395179748535,9.824395179748535,0.8103,1.0,0.8103,0.8103,,,19.64879036960602,20000,20000,,,20000,,0.2,raw_absolute,row,raw_sensor,1.0,0.0,0.0,cyclic,Held-Out Raw Sensor CP,sensor_2,"[""sensor_0"", ""sensor_1""]"
"[""sensor_0"", ""sensor_1"", ""sensor_2""]",sensor_0,toy_spatial,1,,58.0,1.2815515655446008,,,0.7817,0.7817,,,,,4.295076370239258,20000,0,,0.0,20000,,0.2,none,,,,,,,Fused Posterior Predictive,,"[""sensor_0"", ""sensor_1"", ""sensor_2""]"
"[""sensor_0"", ""sensor_1"", ""sensor_2""]",sensor_0,toy_spatial,1,,59.0,1.339099645614624,1.339099645614624,1.339099645614624,0.80605,0.80605,,,,,4.488456920146942,20000,20000,,,20000,,0.2,model_normalized,row,reference,1.0,0.0,1.0,cyclic,Oracle Split Conformal,,"[""sensor_0"", ""sensor_1"", ""sensor_2""]"
"[""sensor_0"", ""sensor_1"", ""sensor_2""]",sensor_0,toy_spatial,1,,59.0,4.314516067504883,4.314516067504883,4.314516067504883,0.8013,0.929,0.8013,0.8013,,,8.62903214097023,20000,20000,,,20000,,0.2,raw_absolute,row,raw_sensor,1.0,0.0,0.0,cyclic,Held-Out Raw Sensor CP,sensor_0,"[""sensor_1"", ""sensor_2""]"
"[""sensor_0"", ""sensor_1"", ""sensor_2""]",sensor_0,toy_spatial,1,,59.0,7.306815147399902,7.306815147399902,7.306815147399902,0.79835,0.9993,0.79835,0.79835,,,14.613630295848846,20000,20000,,,20000,,0.2,raw_absolute,row,raw_sensor,1.0,0.0,0.0,cyclic,Held-Out Raw Sensor CP,sensor_1,"[""sensor_0"", ""sensor_2""]"
"[""sensor_0"", ""sensor_1"", ""sensor_2""]",sensor_0,toy_spatial,1,,59.0,9.697608947753906,9.697608947753906,9.697608947753906,0.7991,1.0,0.7991,0.7991,,,19.395217896461485,20000,20000,,,20000,,0.2,raw_absolute,row,raw_sensor,1.0,0.0,0.0,cyclic,Held-Out Raw Sensor CP,sensor_2,"[""sensor_0"", ""sensor_1""]"
"[""sensor_0"", ""sensor_1"", ""sensor_2""]",sensor_0,toy_spatial,1,,59.0,1.2815515655446008,,,0.78535,0.78535,,,,,4.295564651489258,20000,0,,0.0,20000,,0.2,none,,,,,,,Fused Posterior Predictive,,"[""sensor_0"", ""sensor_1"", ""sensor_2""]"
"[""sensor_0"", ""sensor_1"", ""sensor_2""]",sensor_0,toy_spatial,1,,60.0,1.3332922458648682,1.3332922458648682,1.3332922458648682,0.8027,0.8027,,,,,4.468079487657547,20000,20000,,,20000,,0.2,model_normalized,row,reference,1.0,0.0,1.0,cyclic,Oracle Split Conformal,,"[""sensor_0"", ""sensor_1"", ""sensor_2""]"
"[""sensor_0"", ""sensor_1"", ""sensor_2""]",sensor_0,toy_spatial,1,,60.0,4.324923515319824,4.324923515319824,4.324923515319824,0.80315,0.9313,0.80315,0.80315,,,8.649847025871276,20000,20000,,,20000,,0.2,raw_absolute,row,raw_sensor,1.0,0.0,0.0,cyclic,Held-Out Raw Sensor CP,sensor_0,"[""sensor_1"", ""sensor_2""]"
"[""sensor_0"", ""sensor_1"", ""sensor_2""]",sensor_0,toy_spatial,1,,60.0,7.354887008666992,7.354887008666992,7.354887008666992,0.805,0.99975,0.805,0.805,,,14.709774018335342,20000,20000,,,20000,,0.2,raw_absolute,row,raw_sensor,1.0,0.0,0.0,cyclic,Held-Out Raw Sensor CP,sensor_1,"[""sensor_0"", ""sensor_2""]"
"[""sensor_0"", ""sensor_1"", ""sensor_2""]",sensor_0,toy_spatial,1,,60.0,9.669208526611328,9.669208526611328,9.669208526611328,0.7966,1.0,0.7966,0.7966,,,19.33841705493927,20000,20000,,,20000,,0.2,raw_absolute,row,raw_sensor,1.0,0.0,0.0,cyclic,Held-Out Raw Sensor CP,sensor_2,"[""sensor_0"", ""sensor_1""]"
"[""sensor_0"", ""sensor_1"", ""sensor_2""]",sensor_0,toy_spatial,1,,60.0,1.2815515655446008,,,0.78365,0.78365,,,,,4.2946882247924805,20000,0,,0.0,20000,,0.2,none,,,,,,,Fused Posterior Predictive,,"[""sensor_0"", ""sensor_1"", ""sensor_2""]"
"[""sensor_0"", ""sensor_1"", ""sensor_2""]",sensor_0,toy_spatial,1,,61.0,1.3363703489303589,1.3363703489303589,1.3363703489303589,0.80455,0.80455,,,,,4.479196607041359,20000,20000,,,20000,,0.2,model_normalized,row,reference,1.0,0.0,1.0,cyclic,Oracle Split Conformal,,"[""sensor_0"", ""sensor_1"", ""sensor_2""]"
"[""sensor_0"", ""sensor_1"", ""sensor_2""]",sensor_0,toy_spatial,1,,61.0,4.317537307739258,4.317537307739258,4.317537307739258,0.80175,0.932,0.80175,0.80175,,,8.635074616861344,20000,20000,,,20000,,0.2,raw_absolute,row,raw_sensor,1.0,0.0,0.0,cyclic,Held-Out Raw Sensor CP,sensor_0,"[""sensor_1"", ""sensor_2""]"
"[""sensor_0"", ""sensor_1"", ""sensor_2""]",sensor_0,toy_spatial,1,,61.0,7.337946891784668,7.337946891784668,7.337946891784668,0.80255,0.99945,0.80255,0.80255,,,14.675893778514862,20000,20000,,,20000,,0.2,raw_absolute,row,raw_sensor,1.0,0.0,0.0,cyclic,Held-Out Raw Sensor CP,sensor_1,"[""sensor_0"", ""sensor_2""]"
"[""sensor_0"", ""sensor_1"", ""sensor_2""]",sensor_0,toy_spatial,1,,61.0,9.73709487915039,9.73709487915039,9.73709487915039,0.80315,1.0,0.80315,0.80315,,,19.474189758872985,20000,20000,,,20000,,0.2,raw_absolute,row,raw_sensor,1.0,0.0,0.0,cyclic,Held-Out Raw Sensor CP,sensor_2,"[""sensor_0"", ""sensor_1""]"
"[""sensor_0"", ""sensor_1"", ""sensor_2""]",sensor_0,toy_spatial,1,,61.0,1.2815515655446008,,,0.7862,0.7862,,,,,4.295456886291504,20000,0,,0.0,20000,,0.2,none,,,,,,,Fused Posterior Predictive,,"[""sensor_0"", ""sensor_1"", ""sensor_2""]"
"[""sensor_0"", ""sensor_1"", ""sensor_2""]",sensor_0,toy_spatial,1,,62.0,1.3311474323272705,1.3311474323272705,1.3311474323272705,0.80135,0.80135,,,,,4.461155354166031,20000,20000,,,20000,,0.2,model_normalized,row,reference,1.0,0.0,1.0,cyclic,Oracle Split Conformal,,"[""sensor_0"", ""sensor_1"", ""sensor_2""]"
"[""sensor_0"", ""sensor_1"", ""sensor_2""]",sensor_0,toy_spatial,1,,62.0,4.32422399520874,4.32422399520874,4.32422399520874,0.80295,0.9299,0.80295,0.80295,,,8.648448425245284,20000,20000,,,20000,,0.2,raw_absolute,row,raw_sensor,1.0,0.0,0.0,cyclic,Held-Out Raw Sensor CP,sensor_0,"[""sensor_1"", ""sensor_2""]"
"[""sensor_0"", ""sensor_1"", ""sensor_2""]",sensor_0,toy_spatial,1,,62.0,7.274234771728516,7.274234771728516,7.274234771728516,0.7942,0.9996,0.7942,0.7942,,,14.548469541072846,20000,20000,,,20000,,0.2,raw_absolute,row,raw_sensor,1.0,0.0,0.0,cyclic,Held-Out Raw Sensor CP,sensor_1,"[""sensor_0"", ""sensor_2""]"
"[""sensor_0"", ""sensor_1"", ""sensor_2""]",sensor_0,toy_spatial,1,,62.0,9.688016891479492,9.688016891479492,9.688016891479492,0.79825,1.0,0.79825,0.79825,,,19.37603378601074,20000,20000,,,20000,,0.2,raw_absolute,row,raw_sensor,1.0,0.0,0.0,cyclic,Held-Out Raw Sensor CP,sensor_2,"[""sensor_0"", ""sensor_1""]"
"[""sensor_0"", ""sensor_1"", ""sensor_2""]",sensor_0,toy_spatial,1,,62.0,1.2815515655446008,,,0.78345,0.78345,,,,,4.294942378997803,20000,0,,0.0,20000,,0.2,none,,,,,,,Fused Posterior Predictive,,"[""sensor_0"", ""sensor_1"", ""sensor_2""]"
"[""sensor_0"", ""sensor_1"", ""sensor_2""]",sensor_0,toy_spatial,1,,63.0,1.3337918519973757,1.3337918519973757,1.3337918519973757,0.8029,0.8029,,,,,4.46968284907341,20000,20000,,,20000,,0.2,model_normalized,row,reference,1.0,0.0,1.0,cyclic,Oracle Split Conformal,,"[""sensor_0"", ""sensor_1"", ""sensor_2""]"
"[""sensor_0"", ""sensor_1"", ""sensor_2""]",sensor_0,toy_spatial,1,,63.0,4.331058502197266,4.331058502197266,4.331058502197266,0.8041,0.9319,0.8041,0.8041,,,8.662116996860505,20000,20000,,,20000,,0.2,raw_absolute,row,raw_sensor,1.0,0.0,0.0,cyclic,Held-Out Raw Sensor CP,sensor_0,"[""sensor_1"", ""sensor_2""]"
"[""sensor_0"", ""sensor_1"", ""sensor_2""]",sensor_0,toy_spatial,1,,63.0,7.327091217041016,7.327091217041016,7.327091217041016,0.80095,0.99955,0.80095,0.80095,,,14.6541824341774,20000,20000,,,20000,,0.2,raw_absolute,row,raw_sensor,1.0,0.0,0.0,cyclic,Held-Out Raw Sensor CP,sensor_1,"[""sensor_0"", ""sensor_2""]"
"[""sensor_0"", ""sensor_1"", ""sensor_2""]",sensor_0,toy_spatial,1,,63.0,9.642782211303713,9.642782211303713,9.642782211303713,0.7944,1.0,0.7944,0.7944,,,19.285564423656464,20000,20000,,,20000,,0.2,raw_absolute,row,raw_sensor,1.0,0.0,0.0,cyclic,Held-Out Raw Sensor CP,sensor_2,"[""sensor_0"", ""sensor_1""]"
"[""sensor_0"", ""sensor_1"", ""sensor_2""]",sensor_0,toy_spatial,1,,63.0,1.2815515655446008,,,0.78405,0.78405,,,,,4.294620037078857,20000,0,,0.0,20000,,0.2,none,,,,,,,Fused Posterior Predictive,,"[""sensor_0"", ""sensor_1"", ""sensor_2""]"
"[""sensor_0"", ""sensor_1"", ""sensor_2""]",sensor_0,toy_spatial,1,,64.0,1.3373507261276243,1.3373507261276243,1.3373507261276243,0.80485,0.80485,,,,,4.480840793514251,20000,20000,,,20000,,0.2,model_normalized,row,reference,1.0,0.0,1.0,cyclic,Oracle Split Conformal,,"[""sensor_0"", ""sensor_1"", ""sensor_2""]"
"[""sensor_0"", ""sensor_1"", ""sensor_2""]",sensor_0,toy_spatial,1,,64.0,4.307125091552734,4.307125091552734,4.307125091552734,0.80015,0.93055,0.80015,0.80015,,,8.614250175094604,20000,20000,,,20000,,0.2,raw_absolute,row,raw_sensor,1.0,0.0,0.0,cyclic,Held-Out Raw Sensor CP,sensor_0,"[""sensor_1"", ""sensor_2""]"
"[""sensor_0"", ""sensor_1"", ""sensor_2""]",sensor_0,toy_spatial,1,,64.0,7.332426071166992,7.332426071166992,7.332426071166992,0.80175,0.99955,0.80175,0.80175,,,14.664852143144609,20000,20000,,,20000,,0.2,raw_absolute,row,raw_sensor,1.0,0.0,0.0,cyclic,Held-Out Raw Sensor CP,sensor_1,"[""sensor_0"", ""sensor_2""]"
"[""sensor_0"", ""sensor_1"", ""sensor_2""]",sensor_0,toy_spatial,1,,64.0,9.733739852905272,9.733739852905272,9.733739852905272,0.8029,1.0,0.8029,0.8029,,,19.467479708099365,20000,20000,,,20000,,0.2,raw_absolute,row,raw_sensor,1.0,0.0,0.0,cyclic,Held-Out Raw Sensor CP,sensor_2,"[""sensor_0"", ""sensor_1""]"
"[""sensor_0"", ""sensor_1"", ""sensor_2""]",sensor_0,toy_spatial,1,,64.0,1.2815515655446008,,,0.7849,0.7849,,,,,4.293883800506592,20000,0,,0.0,20000,,0.2,none,,,,,,,Fused Posterior Predictive,,"[""sensor_0"", ""sensor_1"", ""sensor_2""]"
"[""sensor_0"", ""sensor_1"", ""sensor_2""]",sensor_0,toy_spatial,1,,65.0,1.3396060466766355,1.3396060466766355,1.3396060466766355,0.8065,0.8065,,,,,4.48937378513813,20000,20000,,,20000,,0.2,model_normalized,row,reference,1.0,0.0,1.0,cyclic,Oracle Split Conformal,,"[""sensor_0"", ""sensor_1"", ""sensor_2""]"
"[""sensor_0"", ""sensor_1"", ""sensor_2""]",sensor_0,toy_spatial,1,,65.0,4.300189018249512,4.300189018249512,4.300189018249512,0.7984,0.9293,0.7984,0.7984,,,8.600378024291992,20000,20000,,,20000,,0.2,raw_absolute,row,raw_sensor,1.0,0.0,0.0,cyclic,Held-Out Raw Sensor CP,sensor_0,"[""sensor_1"", ""sensor_2""]"
"[""sensor_0"", ""sensor_1"", ""sensor_2""]",sensor_0,toy_spatial,1,,65.0,7.33308219909668,7.33308219909668,7.33308219909668,0.8019,0.99965,0.8019,0.8019,,,14.666164399719236,20000,20000,,,20000,,0.2,raw_absolute,row,raw_sensor,1.0,0.0,0.0,cyclic,Held-Out Raw Sensor CP,sensor_1,"[""sensor_0"", ""sensor_2""]"
"[""sensor_0"", ""sensor_1"", ""sensor_2""]",sensor_0,toy_spatial,1,,65.0,9.683191299438477,9.683191299438477,9.683191299438477,0.79785,1.0,0.79785,0.79785,,,19.36638259859085,20000,20000,,,20000,,0.2,raw_absolute,row,raw_sensor,1.0,0.0,0.0,cyclic,Held-Out Raw Sensor CP,sensor_2,"[""sensor_0"", ""sensor_1""]"
"[""sensor_0"", ""sensor_1"", ""sensor_2""]",sensor_0,toy_spatial,1,,65.0,1.2815515655446008,,,0.7858,0.7858,,,,,4.294817924499512,20000,0,,0.0,20000,,0.2,none,,,,,,,Fused Posterior Predictive,,"[""sensor_0"", ""sensor_1"", ""sensor_2""]"
"[""sensor_0"", ""sensor_1"", ""sensor_2""]",sensor_0,toy_spatial,1,,66.0,1.3317198753356934,1.3317198753356934,1.3317198753356934,0.8017,0.8017,,,,,4.463019645118713,20000,20000,,,20000,,0.2,model_normalized,row,reference,1.0,0.0,1.0,cyclic,Oracle Split Conformal,,"[""sensor_0"", ""sensor_1"", ""sensor_2""]"
"[""sensor_0"", ""sensor_1"", ""sensor_2""]",sensor_0,toy_spatial,1,,66.0,4.307125091552734,4.307125091552734,4.307125091552734,0.80015,0.9287,0.80015,0.80015,,,8.614250175333023,20000,20000,,,20000,,0.2,raw_absolute,row,raw_sensor,1.0,0.0,0.0,cyclic,Held-Out Raw Sensor CP,sensor_0,"[""sensor_1"", ""sensor_2""]"
"[""sensor_0"", ""sensor_1"", ""sensor_2""]",sensor_0,toy_spatial,1,,66.0,7.305027008056641,7.305027008056641,7.305027008056641,0.79815,0.9996,0.79815,0.79815,,,14.610054016065597,20000,20000,,,20000,,0.2,raw_absolute,row,raw_sensor,1.0,0.0,0.0,cyclic,Held-Out Raw Sensor CP,sensor_1,"[""sensor_0"", ""sensor_2""]"
"[""sensor_0"", ""sensor_1"", ""sensor_2""]",sensor_0,toy_spatial,1,,66.0,9.775136947631836,9.775136947631836,9.775136947631836,0.80625,1.0,0.80625,0.80625,,,19.550273896598817,20000,20000,,,20000,,0.2,raw_absolute,row,raw_sensor,1.0,0.0,0.0,cyclic,Held-Out Raw Sensor CP,sensor_2,"[""sensor_0"", ""sensor_1""]"
"[""sensor_0"", ""sensor_1"", ""sensor_2""]",sensor_0,toy_spatial,1,,66.0,1.2815515655446008,,,0.7837,0.7837,,,,,4.294889450073242,20000,0,,0.0,20000,,0.2,none,,,,,,,Fused Posterior Predictive,,"[""sensor_0"", ""sensor_1"", ""sensor_2""]"
"[""sensor_0"", ""sensor_1"", ""sensor_2""]",sensor_0,toy_spatial,1,,67.0,1.3260263204574585,1.3260263204574585,1.3260263204574585,0.79795,0.79795,,,,,4.44399334974289,20000,20000,,,20000,,0.2,model_normalized,row,reference,1.0,0.0,1.0,cyclic,Oracle Split Conformal,,"[""sensor_0"", ""sensor_1"", ""sensor_2""]"
"[""sensor_0"", ""sensor_1"", ""sensor_2""]",sensor_0,toy_spatial,1,,67.0,4.287029266357422,4.287029266357422,4.287029266357422,0.7954,0.926,0.7954,0.7954,,,8.574058530139924,20000,20000,,,20000,,0.2,raw_absolute,row,raw_sensor,1.0,0.0,0.0,cyclic,Held-Out Raw Sensor CP,sensor_0,"[""sensor_1"", ""sensor_2""]"
"[""sensor_0"", ""sensor_1"", ""sensor_2""]",sensor_0,toy_spatial,1,,67.0,7.329791069030762,7.329791069030762,7.329791069030762,0.80155,0.9994,0.80155,0.80155,,,14.659582137012482,20000,20000,,,20000,,0.2,raw_absolute,row,raw_sensor,1.0,0.0,0.0,cyclic,Held-Out Raw Sensor CP,sensor_1,"[""sensor_0"", ""sensor_2""]"
"[""sensor_0"", ""sensor_1"", ""sensor_2""]",sensor_0,toy_spatial,1,,67.0,9.78119659423828,9.78119659423828,9.78119659423828,0.80655,1.0,0.80655,0.80655,,,19.56239319200516,20000,20000,,,20000,,0.2,raw_absolute,row,raw_sensor,1.0,0.0,0.0,cyclic,Held-Out Raw Sensor CP,sensor_2,"[""sensor_0"", ""sensor_1""]"
"[""sensor_0"", ""sensor_1"", ""sensor_2""]",sensor_0,toy_spatial,1,,67.0,1.2815515655446008,,,0.78225,0.78225,,,,,4.294942378997803,20000,0,,0.0,20000,,0.2,none,,,,,,,Fused Posterior Predictive,,"[""sensor_0"", ""sensor_1"", ""sensor_2""]"
"[""sensor_0"", ""sensor_1"", ""sensor_2""]",sensor_0,toy_spatial,1,,68.0,1.339185118675232,1.339185118675232,1.339185118675232,0.8061,0.8061,,,,,4.487931217169762,20000,20000,,,20000,,0.2,model_normalized,row,reference,1.0,0.0,1.0,cyclic,Oracle Split Conformal,,"[""sensor_0"", ""sensor_1"", ""sensor_2""]"
"[""sensor_0"", ""sensor_1"", ""sensor_2""]",sensor_0,toy_spatial,1,,68.0,4.298402786254883,4.298402786254883,4.298402786254883,0.798,0.9308,0.798,0.798,,,8.596805576705933,20000,20000,,,20000,,0.2,raw_absolute,row,raw_sensor,1.0,0.0,0.0,cyclic,Held-Out Raw Sensor CP,sensor_0,"[""sensor_1"", ""sensor_2""]"
"[""sensor_0"", ""sensor_1"", ""sensor_2""]",sensor_0,toy_spatial,1,,68.0,7.342545509338379,7.342545509338379,7.342545509338379,0.80335,0.9997,0.80335,0.80335,,,14.685091019392011,20000,20000,,,20000,,0.2,raw_absolute,row,raw_sensor,1.0,0.0,0.0,cyclic,Held-Out Raw Sensor CP,sensor_1,"[""sensor_0"", ""sensor_2""]"
"[""sensor_0"", ""sensor_1"", ""sensor_2""]",sensor_0,toy_spatial,1,,68.0,9.550495147705078,9.550495147705078,9.550495147705078,0.7856,1.0,0.7856,0.7856,,,19.10099029273987,20000,20000,,,20000,,0.2,raw_absolute,row,raw_sensor,1.0,0.0,0.0,cyclic,Held-Out Raw Sensor CP,sensor_2,"[""sensor_0"", ""sensor_1""]"
"[""sensor_0"", ""sensor_1"", ""sensor_2""]",sensor_0,toy_spatial,1,,68.0,1.2815515655446008,,,0.78575,0.78575,,,,,4.294787406921387,20000,0,,0.0,20000,,0.2,none,,,,,,,Fused Posterior Predictive,,"[""sensor_0"", ""sensor_1"", ""sensor_2""]"
"[""sensor_0"", ""sensor_1"", ""sensor_2""]",sensor_0,toy_spatial,1,,69.0,1.3307082653045654,1.3307082653045654,1.3307082653045654,0.80105,0.80105,,,,,4.459059531569481,20000,20000,,,20000,,0.2,model_normalized,row,reference,1.0,0.0,1.0,cyclic,Oracle Split Conformal,,"[""sensor_0"", ""sensor_1"", ""sensor_2""]"
"[""sensor_0"", ""sensor_1"", ""sensor_2""]",sensor_0,toy_spatial,1,,69.0,4.296710968017578,4.296710968017578,4.296710968017578,0.7977,0.9289,0.7977,0.7977,,,8.593421932220458,20000,20000,,,20000,,0.2,raw_absolute,row,raw_sensor,1.0,0.0,0.0,cyclic,Held-Out Raw Sensor CP,sensor_0,"[""sensor_1"", ""sensor_2""]"
"[""sensor_0"", ""sensor_1"", ""sensor_2""]",sensor_0,toy_spatial,1,,69.0,7.339412689208984,7.339412689208984,7.339412689208984,0.8028,0.99945,0.8028,0.8028,,,14.678825378274915,20000,20000,,,20000,,0.2,raw_absolute,row,raw_sensor,1.0,0.0,0.0,cyclic,Held-Out Raw Sensor CP,sensor_1,"[""sensor_0"", ""sensor_2""]"
"[""sensor_0"", ""sensor_1"", ""sensor_2""]",sensor_0,toy_spatial,1,,69.0,9.677199363708496,9.677199363708496,9.677199363708496,0.7972,1.0,0.7972,0.7972,,,19.35439871969223,20000,20000,,,20000,,0.2,raw_absolute,row,raw_sensor,1.0,0.0,0.0,cyclic,Held-Out Raw Sensor CP,sensor_2,"[""sensor_0"", ""sensor_1""]"
"[""sensor_0"", ""sensor_1"", ""sensor_2""]",sensor_0,toy_spatial,1,,69.0,1.2815515655446008,,,0.7848,0.7848,,,,,4.294341087341309,20000,0,,0.0,20000,,0.2,none,,,,,,,Fused Posterior Predictive,,"[""sensor_0"", ""sensor_1"", ""sensor_2""]"
"[""sensor_0"", ""sensor_1"", ""sensor_2""]",sensor_0,toy_spatial,1,,70.0,1.3317385911941528,1.3317385911941528,1.3317385911941528,0.80175,0.80175,,,,,4.46296304807663,20000,20000,,,20000,,0.2,model_normalized,row,reference,1.0,0.0,1.0,cyclic,Oracle Split Conformal,,"[""sensor_0"", ""sensor_1"", ""sensor_2""]"
"[""sensor_0"", ""sensor_1"", ""sensor_2""]",sensor_0,toy_spatial,1,,70.0,4.319858074188232,4.319858074188232,4.319858074188232,0.802,0.93135,0.802,0.802,,,8.639716571998596,20000,20000,,,20000,,0.2,raw_absolute,row,raw_sensor,1.0,0.0,0.0,cyclic,Held-Out Raw Sensor CP,sensor_0,"[""sensor_1"", ""sensor_2""]"
"[""sensor_0"", ""sensor_1"", ""sensor_2""]",sensor_0,toy_spatial,1,,70.0,7.304044723510742,7.304044723510742,7.304044723510742,0.79795,0.9994,0.79795,0.79795,,,14.608089446163175,20000,20000,,,20000,,0.2,raw_absolute,row,raw_sensor,1.0,0.0,0.0,cyclic,Held-Out Raw Sensor CP,sensor_1,"[""sensor_0"", ""sensor_2""]"
"[""sensor_0"", ""sensor_1"", ""sensor_2""]",sensor_0,toy_spatial,1,,70.0,9.720209121704102,9.720209121704102,9.720209121704102,0.80155,1.0,0.80155,0.80155,,,19.440418241119385,20000,20000,,,20000,,0.2,raw_absolute,row,raw_sensor,1.0,0.0,0.0,cyclic,Held-Out Raw Sensor CP,sensor_2,"[""sensor_0"", ""sensor_1""]"
"[""sensor_0"", ""sensor_1"", ""sensor_2""]",sensor_0,toy_spatial,1,,70.0,1.2815515655446008,,,0.783,0.783,,,,,4.294774532318115,20000,0,,0.0,20000,,0.2,none,,,,,,,Fused Posterior Predictive,,"[""sensor_0"", ""sensor_1"", ""sensor_2""]"
"[""sensor_0"", ""sensor_1"", ""sensor_2""]",sensor_0,toy_spatial,1,,71.0,1.3207775354385376,1.3207775354385376,1.3207775354385376,0.79455,0.79455,,,,,4.425992344927788,20000,20000,,,20000,,0.2,model_normalized,row,reference,1.0,0.0,1.0,cyclic,Oracle Split Conformal,,"[""sensor_0"", ""sensor_1"", ""sensor_2""]"
"[""sensor_0"", ""sensor_1"", ""sensor_2""]",sensor_0,toy_spatial,1,,71.0,4.328731536865234,4.328731536865234,4.328731536865234,0.8037,0.9302,0.8037,0.8037,,,8.657463067531586,20000,20000,,,20000,,0.2,raw_absolute,row,raw_sensor,1.0,0.0,0.0,cyclic,Held-Out Raw Sensor CP,sensor_0,"[""sensor_1"", ""sensor_2""]"
"[""sensor_0"", ""sensor_1"", ""sensor_2""]",sensor_0,toy_spatial,1,,71.0,7.339273452758789,7.339273452758789,7.339273452758789,0.80275,0.99955,0.80275,0.80275,,,14.678546908569336,20000,20000,,,20000,,0.2,raw_absolute,row,raw_sensor,1.0,0.0,0.0,cyclic,Held-Out Raw Sensor CP,sensor_1,"[""sensor_0"", ""sensor_2""]"
"[""sensor_0"", ""sensor_1"", ""sensor_2""]",sensor_0,toy_spatial,1,,71.0,9.7350435256958,9.7350435256958,9.7350435256958,0.803,1.0,0.803,0.803,,,19.470087063598637,20000,20000,,,20000,,0.2,raw_absolute,row,raw_sensor,1.0,0.0,0.0,cyclic,Held-Out Raw Sensor CP,sensor_2,"[""sensor_0"", ""sensor_1""]"
"[""sensor_0"", ""sensor_1"", ""sensor_2""]",sensor_0,toy_spatial,1,,71.0,1.2815515655446008,,,0.7807,0.7807,,,,,4.294544696807861,20000,0,,0.0,20000,,0.2,none,,,,,,,Fused Posterior Predictive,,"[""sensor_0"", ""sensor_1"", ""sensor_2""]"
"[""sensor_0"", ""sensor_1"", ""sensor_2""]",sensor_0,toy_spatial,1,,72.0,1.330183982849121,1.330183982849121,1.330183982849121,0.8006,0.8006,,,,,4.457838132977486,20000,20000,,,20000,,0.2,model_normalized,row,reference,1.0,0.0,1.0,cyclic,Oracle Split Conformal,,"[""sensor_0"", ""sensor_1"", ""sensor_2""]"
"[""sensor_0"", ""sensor_1"", ""sensor_2""]",sensor_0,toy_spatial,1,,72.0,4.298402786254883,4.298402786254883,4.298402786254883,0.798,0.929,0.798,0.798,,,8.59680557513237,20000,20000,,,20000,,0.2,raw_absolute,row,raw_sensor,1.0,0.0,0.0,cyclic,Held-Out Raw Sensor CP,sensor_0,"[""sensor_1"", ""sensor_2""]"
"[""sensor_0"", ""sensor_1"", ""sensor_2""]",sensor_0,toy_spatial,1,,72.0,7.34174919128418,7.34174919128418,7.34174919128418,0.8033,0.9994,0.8033,0.8033,,,14.683498385620116,20000,20000,,,20000,,0.2,raw_absolute,row,raw_sensor,1.0,0.0,0.0,cyclic,Held-Out Raw Sensor CP,sensor_1,"[""sensor_0"", ""sensor_2""]"
"[""sensor_0"", ""sensor_1"", ""sensor_2""]",sensor_0,toy_spatial,1,,72.0,9.677199363708496,9.677199363708496,9.677199363708496,0.7972,1.0,0.7972,0.7972,,,19.35439872264862,20000,20000,,,20000,,0.2,raw_absolute,row,raw_sensor,1.0,0.0,0.0,cyclic,Held-Out Raw Sensor CP,sensor_2,"[""sensor_0"", ""sensor_1""]"
"[""sensor_0"", ""sensor_1"", ""sensor_2""]",sensor_0,toy_spatial,1,,72.0,1.2815515655446008,,,0.7822,0.7822,,,,,4.294857025146484,20000,0,,0.0,20000,,0.2,none,,,,,,,Fused Posterior Predictive,,"[""sensor_0"", ""sensor_1"", ""sensor_2""]"
"[""sensor_0"", ""sensor_1"", ""sensor_2""]",sensor_0,toy_spatial,1,,73.0,1.321124792098999,1.321124792098999,1.321124792098999,0.7948,0.7948,,,,,4.427439230155945,20000,20000,,,20000,,0.2,model_normalized,row,reference,1.0,0.0,1.0,cyclic,Oracle Split Conformal,,"[""sensor_0"", ""sensor_1"", ""sensor_2""]"
"[""sensor_0"", ""sensor_1"", ""sensor_2""]",sensor_0,toy_spatial,1,,73.0,4.321465492248535,4.321465492248535,4.321465492248535,0.8025,0.93,0.8025,0.8025,,,8.642930988311768,20000,20000,,,20000,,0.2,raw_absolute,row,raw_sensor,1.0,0.0,0.0,cyclic,Held-Out Raw Sensor CP,sensor_0,"[""sensor_1"", ""sensor_2""]"
"[""sensor_0"", ""sensor_1"", ""sensor_2""]",sensor_0,toy_spatial,1,,73.0,7.288171768188477,7.288171768188477,7.288171768188477,0.79615,0.99955,0.79615,0.79615,,,14.576343536376951,20000,20000,,,20000,,0.2,raw_absolute,row,raw_sensor,1.0,0.0,0.0,cyclic,Held-Out Raw Sensor CP,sensor_1,"[""sensor_0"", ""sensor_2""]"
"[""sensor_0"", ""sensor_1"", ""sensor_2""]",sensor_0,toy_spatial,1,,73.0,9.75773811340332,9.75773811340332,9.75773811340332,0.8048,1.0,0.8048,0.8048,,,19.51547622547149,20000,20000,,,20000,,0.2,raw_absolute,row,raw_sensor,1.0,0.0,0.0,cyclic,Held-Out Raw Sensor CP,sensor_2,"[""sensor_0"", ""sensor_1""]"
"[""sensor_0"", ""sensor_1"", ""sensor_2""]",sensor_0,toy_spatial,1,,73.0,1.2815515655446008,,,0.7794,0.7794,,,,,4.294818878173828,20000,0,,0.0,20000,,0.2,none,,,,,,,Fused Posterior Predictive,,"[""sensor_0"", ""sensor_1"", ""sensor_2""]"
"[""sensor_0"", ""sensor_1"", ""sensor_2""]",sensor_0,toy_spatial,1,,74.0,1.3300189971923828,1.3300189971923828,1.3300189971923828,0.80045,0.80045,,,,,4.457175087094307,20000,20000,,,20000,,0.2,model_normalized,row,reference,1.0,0.0,1.0,cyclic,Oracle Split Conformal,,"[""sensor_0"", ""sensor_1"", ""sensor_2""]"
"[""sensor_0"", ""sensor_1"", ""sensor_2""]",sensor_0,toy_spatial,1,,74.0,4.300612449645996,4.300612449645996,4.300612449645996,0.79845,0.92925,0.79845,0.79845,,,8.60122488884926,20000,20000,,,20000,,0.2,raw_absolute,row,raw_sensor,1.0,0.0,0.0,cyclic,Held-Out Raw Sensor CP,sensor_0,"[""sensor_1"", ""sensor_2""]"
"[""sensor_0"", ""sensor_1"", ""sensor_2""]",sensor_0,toy_spatial,1,,74.0,7.317312240600586,7.317312240600586,7.317312240600586,0.7997,0.99935,0.7997,0.7997,,,14.634624478912354,20000,20000,,,20000,,0.2,raw_absolute,row,raw_sensor,1.0,0.0,0.0,cyclic,Held-Out Raw Sensor CP,sensor_1,"[""sensor_0"", ""sensor_2""]"
"[""sensor_0"", ""sensor_1"", ""sensor_2""]",sensor_0,toy_spatial,1,,74.0,9.665603637695312,9.665603637695312,9.665603637695312,0.7964,1.0,0.7964,0.7964,,,19.33120727186203,20000,20000,,,20000,,0.2,raw_absolute,row,raw_sensor,1.0,0.0,0.0,cyclic,Held-Out Raw Sensor CP,sensor_2,"[""sensor_0"", ""sensor_1""]"
"[""sensor_0"", ""sensor_1"", ""sensor_2""]",sensor_0,toy_spatial,1,,74.0,1.2815515655446008,,,0.7833,0.7833,,,,,4.294750213623047,20000,0,,0.0,20000,,0.2,none,,,,,,,Fused Posterior Predictive,,"[""sensor_0"", ""sensor_1"", ""sensor_2""]"
"[""sensor_0"", ""sensor_1"", ""sensor_2""]",sensor_0,toy_spatial,1,,75.0,1.339042067527771,1.339042067527771,1.339042067527771,0.806,0.806,,,,,4.488100699043274,20000,20000,,,20000,,0.2,model_normalized,row,reference,1.0,0.0,1.0,cyclic,Oracle Split Conformal,,"[""sensor_0"", ""sensor_1"", ""sensor_2""]"
"[""sensor_0"", ""sensor_1"", ""sensor_2""]",sensor_0,toy_spatial,1,,75.0,4.332447052001953,4.332447052001953,4.332447052001953,0.8044,0.9294,0.8044,0.8044,,,8.664894097518921,20000,20000,,,20000,,0.2,raw_absolute,row,raw_sensor,1.0,0.0,0.0,cyclic,Held-Out Raw Sensor CP,sensor_0,"[""sensor_1"", ""sensor_2""]"
"[""sensor_0"", ""sensor_1"", ""sensor_2""]",sensor_0,toy_spatial,1,,75.0,7.346635818481445,7.346635818481445,7.346635818481445,0.80375,0.99945,0.80375,0.80375,,,14.69327163863182,20000,20000,,,20000,,0.2,raw_absolute,row,raw_sensor,1.0,0.0,0.0,cyclic,Held-Out Raw Sensor CP,sensor_1,"[""sensor_0"", ""sensor_2""]"
"[""sensor_0"", ""sensor_1"", ""sensor_2""]",sensor_0,toy_spatial,1,,75.0,9.728317260742188,9.728317260742188,9.728317260742188,0.80255,1.0,0.80255,0.80255,,,19.456634520435333,20000,20000,,,20000,,0.2,raw_absolute,row,raw_sensor,1.0,0.0,0.0,cyclic,Held-Out Raw Sensor CP,sensor_2,"[""sensor_0"", ""sensor_1""]"
"[""sensor_0"", ""sensor_1"", ""sensor_2""]",sensor_0,toy_spatial,1,,75.0,1.2815515655446008,,,0.7854,0.7854,,,,,4.295408725738525,20000,0,,0.0,20000,,0.2,none,,,,,,,Fused Posterior Predictive,,"[""sensor_0"", ""sensor_1"", ""sensor_2""]"
"[""sensor_0"", ""sensor_1"", ""sensor_2""]",sensor_0,toy_spatial,1,,76.0,1.3294683694839478,1.3294683694839478,1.3294683694839478,0.8001,0.8001,,,,,4.454913002634049,20000,20000,,,20000,,0.2,model_normalized,row,reference,1.0,0.0,1.0,cyclic,Oracle Split Conformal,,"[""sensor_0"", ""sensor_1"", ""sensor_2""]"
"[""sensor_0"", ""sensor_1"", ""sensor_2""]",sensor_0,toy_spatial,1,,76.0,4.323726654052734,4.323726654052734,4.323726654052734,0.8029,0.9304,0.8029,0.8029,,,8.647453309202195,20000,20000,,,20000,,0.2,raw_absolute,row,raw_sensor,1.0,0.0,0.0,cyclic,Held-Out Raw Sensor CP,sensor_0,"[""sensor_1"", ""sensor_2""]"
"[""sensor_0"", ""sensor_1"", ""sensor_2""]",sensor_0,toy_spatial,1,,76.0,7.358211517333984,7.358211517333984,7.358211517333984,0.8053,0.9996,0.8053,0.8053,,,14.716423032045364,20000,20000,,,20000,,0.2,raw_absolute,row,raw_sensor,1.0,0.0,0.0,cyclic,Held-Out Raw Sensor CP,sensor_1,"[""sensor_0"", ""sensor_2""]"
"[""sensor_0"", ""sensor_1"", ""sensor_2""]",sensor_0,toy_spatial,1,,76.0,9.712606430053713,9.712606430053713,9.712606430053713,0.80085,1.0,0.80085,0.80085,,,19.425212865924838,20000,20000,,,20000,,0.2,raw_absolute,row,raw_sensor,1.0,0.0,0.0,cyclic,Held-Out Raw Sensor CP,sensor_2,"[""sensor_0"", ""sensor_1""]"
"[""sensor_0"", ""sensor_1"", ""sensor_2""]",sensor_0,toy_spatial,1,,76.0,1.2815515655446008,,,0.78315,0.78315,,,,,4.294348239898682,20000,0,,0.0,20000,,0.2,none,,,,,,,Fused Posterior Predictive,,"[""sensor_0"", ""sensor_1"", ""sensor_2""]"
"[""sensor_0"", ""sensor_1"", ""sensor_2""]",sensor_0,toy_spatial,1,,77.0,1.3320999145507812,1.3320999145507812,1.3320999145507812,0.80185,0.80185,,,,,4.46437238073349,20000,20000,,,20000,,0.2,model_normalized,row,reference,1.0,0.0,1.0,cyclic,Oracle Split Conformal,,"[""sensor_0"", ""sensor_1"", ""sensor_2""]"
"[""sensor_0"", ""sensor_1"", ""sensor_2""]",sensor_0,toy_spatial,1,,77.0,4.303459167480469,4.303459167480469,4.303459167480469,0.7991,0.92645,0.7991,0.7991,,,8.606918333244323,20000,20000,,,20000,,0.2,raw_absolute,row,raw_sensor,1.0,0.0,0.0,cyclic,Held-Out Raw Sensor CP,sensor_0,"[""sensor_1"", ""sensor_2""]"
"[""sensor_0"", ""sensor_1"", ""sensor_2""]",sensor_0,toy_spatial,1,,77.0,7.324039459228516,7.324039459228516,7.324039459228516,0.8004,0.9995,0.8004,0.8004,,,14.648078916883469,20000,20000,,,20000,,0.2,raw_absolute,row,raw_sensor,1.0,0.0,0.0,cyclic,Held-Out Raw Sensor CP,sensor_1,"[""sensor_0"", ""sensor_2""]"
"[""sensor_0"", ""sensor_1"", ""sensor_2""]",sensor_0,toy_spatial,1,,77.0,9.649528503417969,9.649528503417969,9.649528503417969,0.79515,1.0,0.79515,0.79515,,,19.29905700712204,20000,20000,,,20000,,0.2,raw_absolute,row,raw_sensor,1.0,0.0,0.0,cyclic,Held-Out Raw Sensor CP,sensor_2,"[""sensor_0"", ""sensor_1""]"
"[""sensor_0"", ""sensor_1"", ""sensor_2""]",sensor_0,toy_spatial,1,,77.0,1.2815515655446008,,,0.78375,0.78375,,,,,4.294965744018555,20000,0,,0.0,20000,,0.2,none,,,,,,,Fused Posterior Predictive,,"[""sensor_0"", ""sensor_1"", ""sensor_2""]"
"[""sensor_0"", ""sensor_1"", ""sensor_2""]",sensor_0,toy_spatial,1,,78.0,1.3325873613357544,1.3325873613357544,1.3325873613357544,0.80235,0.80235,,,,,4.466122568893432,20000,20000,,,20000,,0.2,model_normalized,row,reference,1.0,0.0,1.0,cyclic,Oracle Split Conformal,,"[""sensor_0"", ""sensor_1"", ""sensor_2""]"
"[""sensor_0"", ""sensor_1"", ""sensor_2""]",sensor_0,toy_spatial,1,,78.0,4.343689918518066,4.343689918518066,4.343689918518066,0.8063,0.93345,0.8063,0.8063,,,8.687379845237732,20000,20000,,,20000,,0.2,raw_absolute,row,raw_sensor,1.0,0.0,0.0,cyclic,Held-Out Raw Sensor CP,sensor_0,"[""sensor_1"", ""sensor_2""]"
"[""sensor_0"", ""sensor_1"", ""sensor_2""]",sensor_0,toy_spatial,1,,78.0,7.261787414550781,7.261787414550781,7.261787414550781,0.79255,0.99945,0.79255,0.79255,,,14.523574826097487,20000,20000,,,20000,,0.2,raw_absolute,row,raw_sensor,1.0,0.0,0.0,cyclic,Held-Out Raw Sensor CP,sensor_1,"[""sensor_0"", ""sensor_2""]"
"[""sensor_0"", ""sensor_1"", ""sensor_2""]",sensor_0,toy_spatial,1,,78.0,9.826522827148438,9.826522827148438,9.826522827148438,0.8106,1.0,0.8106,0.8106,,,19.6530456568718,20000,20000,,,20000,,0.2,raw_absolute,row,raw_sensor,1.0,0.0,0.0,cyclic,Held-Out Raw Sensor CP,sensor_2,"[""sensor_0"", ""sensor_1""]"
"[""sensor_0"", ""sensor_1"", ""sensor_2""]",sensor_0,toy_spatial,1,,78.0,1.2815515655446008,,,0.7841,0.7841,,,,,4.295077800750732,20000,0,,0.0,20000,,0.2,none,,,,,,,Fused Posterior Predictive,,"[""sensor_0"", ""sensor_1"", ""sensor_2""]"
"[""sensor_0"", ""sensor_1"", ""sensor_2""]",sensor_0,toy_spatial,1,,79.0,1.3306777477264404,1.3306777477264404,1.3306777477264404,0.801,0.801,,,,,4.459735284090042,20000,20000,,,20000,,0.2,model_normalized,row,reference,1.0,0.0,1.0,cyclic,Oracle Split Conformal,,"[""sensor_0"", ""sensor_1"", ""sensor_2""]"
"[""sensor_0"", ""sensor_1"", ""sensor_2""]",sensor_0,toy_spatial,1,,79.0,4.26163387298584,4.26163387298584,4.26163387298584,0.7899,0.9252,0.7899,0.7899,,,8.52326773366928,20000,20000,,,20000,,0.2,raw_absolute,row,raw_sensor,1.0,0.0,0.0,cyclic,Held-Out Raw Sensor CP,sensor_0,"[""sensor_1"", ""sensor_2""]"
"[""sensor_0"", ""sensor_1"", ""sensor_2""]",sensor_0,toy_spatial,1,,79.0,7.2744598388671875,7.2744598388671875,7.2744598388671875,0.7943,0.9998,0.7943,0.7943,,,14.54891967725754,20000,20000,,,20000,,0.2,raw_absolute,row,raw_sensor,1.0,0.0,0.0,cyclic,Held-Out Raw Sensor CP,sensor_1,"[""sensor_0"", ""sensor_2""]"
"[""sensor_0"", ""sensor_1"", ""sensor_2""]",sensor_0,toy_spatial,1,,79.0,9.692376136779783,9.692376136779783,9.692376136779783,0.79875,1.0,0.79875,0.79875,,,19.38475229187012,20000,20000,,,20000,,0.2,raw_absolute,row,raw_sensor,1.0,0.0,0.0,cyclic,Held-Out Raw Sensor CP,sensor_2,"[""sensor_0"", ""sensor_1""]"
"[""sensor_0"", ""sensor_1"", ""sensor_2""]",sensor_0,toy_spatial,1,,79.0,1.2815515655446008,,,0.7823,0.7823,,,,,4.295090198516846,20000,0,,0.0,20000,,0.2,none,,,,,,,Fused Posterior Predictive,,"[""sensor_0"", ""sensor_1"", ""sensor_2""]"
"[""sensor_0"", ""sensor_1"", ""sensor_2""]",sensor_0,toy_spatial,1,,80.0,1.3342827558517456,1.3342827558517456,1.3342827558517456,0.80315,0.80315,,,,,4.471863228821754,20000,20000,,,20000,,0.2,model_normalized,row,reference,1.0,0.0,1.0,cyclic,Oracle Split Conformal,,"[""sensor_0"", ""sensor_1"", ""sensor_2""]"
"[""sensor_0"", ""sensor_1"", ""sensor_2""]",sensor_0,toy_spatial,1,,80.0,4.28662109375,4.28662109375,4.28662109375,0.79525,0.9262,0.79525,0.79525,,,8.573242182588578,20000,20000,,,20000,,0.2,raw_absolute,row,raw_sensor,1.0,0.0,0.0,cyclic,Held-Out Raw Sensor CP,sensor_0,"[""sensor_1"", ""sensor_2""]"
"[""sensor_0"", ""sensor_1"", ""sensor_2""]",sensor_0,toy_spatial,1,,80.0,7.309636116027832,7.309636116027832,7.309636116027832,0.79865,0.9996,0.79865,0.79865,,,14.619272229003906,20000,20000,,,20000,,0.2,raw_absolute,row,raw_sensor,1.0,0.0,0.0,cyclic,Held-Out Raw Sensor CP,sensor_1,"[""sensor_0"", ""sensor_2""]"
"[""sensor_0"", ""sensor_1"", ""sensor_2""]",sensor_0,toy_spatial,1,,80.0,9.72690200805664,9.72690200805664,9.72690200805664,0.8022,1.0,0.8022,0.8022,,,19.45380401687622,20000,20000,,,20000,,0.2,raw_absolute,row,raw_sensor,1.0,0.0,0.0,cyclic,Held-Out Raw Sensor CP,sensor_2,"[""sensor_0"", ""sensor_1""]"
"[""sensor_0"", ""sensor_1"", ""sensor_2""]",sensor_0,toy_spatial,1,,80.0,1.2815515655446008,,,0.7843,0.7843,,,,,4.295134544372559,20000,0,,0.0,20000,,0.2,none,,,,,,,Fused Posterior Predictive,,"[""sensor_0"", ""sensor_1"", ""sensor_2""]"
"[""sensor_0"", ""sensor_1"", ""sensor_2""]",sensor_0,toy_spatial,1,,81.0,1.347339153289795,1.347339153289795,1.347339153289795,0.8112,0.8112,,,,,4.515308597993851,20000,20000,,,20000,,0.2,model_normalized,row,reference,1.0,0.0,1.0,cyclic,Oracle Split Conformal,,"[""sensor_0"", ""sensor_1"", ""sensor_2""]"
"[""sensor_0"", ""sensor_1"", ""sensor_2""]",sensor_0,toy_spatial,1,,81.0,4.305423736572266,4.305423736572266,4.305423736572266,0.7996,0.9299,0.7996,0.7996,,,8.610847472429276,20000,20000,,,20000,,0.2,raw_absolute,row,raw_sensor,1.0,0.0,0.0,cyclic,Held-Out Raw Sensor CP,sensor_0,"[""sensor_1"", ""sensor_2""]"
"[""sensor_0"", ""sensor_1"", ""sensor_2""]",sensor_0,toy_spatial,1,,81.0,7.298626899719238,7.298626899719238,7.298626899719238,0.79725,0.99975,0.79725,0.79725,,,14.597253799915311,20000,20000,,,20000,,0.2,raw_absolute,row,raw_sensor,1.0,0.0,0.0,cyclic,Held-Out Raw Sensor CP,sensor_1,"[""sensor_0"", ""sensor_2""]"
"[""sensor_0"", ""sensor_1"", ""sensor_2""]",sensor_0,toy_spatial,1,,81.0,9.718411445617676,9.718411445617676,9.718411445617676,0.80135,1.0,0.80135,0.80135,,,19.43682290487289,20000,20000,,,20000,,0.2,raw_absolute,row,raw_sensor,1.0,0.0,0.0,cyclic,Held-Out Raw Sensor CP,sensor_2,"[""sensor_0"", ""sensor_1""]"
"[""sensor_0"", ""sensor_1"", ""sensor_2""]",sensor_0,toy_spatial,1,,81.0,1.2815515655446008,,,0.7874,0.7874,,,,,4.294836044311523,20000,0,,0.0,20000,,0.2,none,,,,,,,Fused Posterior Predictive,,"[""sensor_0"", ""sensor_1"", ""sensor_2""]"
"[""sensor_0"", ""sensor_1"", ""sensor_2""]",sensor_0,toy_spatial,1,,82.0,1.3219728469848633,1.3219728469848633,1.3219728469848633,0.7955,0.7955,,,,,4.430635510897637,20000,20000,,,20000,,0.2,model_normalized,row,reference,1.0,0.0,1.0,cyclic,Oracle Split Conformal,,"[""sensor_0"", ""sensor_1"", ""sensor_2""]"
"[""sensor_0"", ""sensor_1"", ""sensor_2""]",sensor_0,toy_spatial,1,,82.0,4.306833267211914,4.306833267211914,4.306833267211914,0.8001,0.93,0.8001,0.8001,,,8.613666540193558,20000,20000,,,20000,,0.2,raw_absolute,row,raw_sensor,1.0,0.0,0.0,cyclic,Held-Out Raw Sensor CP,sensor_0,"[""sensor_1"", ""sensor_2""]"
"[""sensor_0"", ""sensor_1"", ""sensor_2""]",sensor_0,toy_spatial,1,,82.0,7.379369735717773,7.379369735717773,7.379369735717773,0.80785,0.9996,0.80785,0.80785,,,14.758739467859268,20000,20000,,,20000,,0.2,raw_absolute,row,raw_sensor,1.0,0.0,0.0,cyclic,Held-Out Raw Sensor CP,sensor_1,"[""sensor_0"", ""sensor_2""]"
"[""sensor_0"", ""sensor_1"", ""sensor_2""]",sensor_0,toy_spatial,1,,82.0,9.82050323486328,9.82050323486328,9.82050323486328,0.81,1.0,0.81,0.81,,,19.641006471443177,20000,20000,,,20000,,0.2,raw_absolute,row,raw_sensor,1.0,0.0,0.0,cyclic,Held-Out Raw Sensor CP,sensor_2,"[""sensor_0"", ""sensor_1""]"
"[""sensor_0"", ""sensor_1"", ""sensor_2""]",sensor_0,toy_spatial,1,,82.0,1.2815515655446008,,,0.7798,0.7798,,,,,4.295162677764893,20000,0,,0.0,20000,,0.2,none,,,,,,,Fused Posterior Predictive,,"[""sensor_0"", ""sensor_1"", ""sensor_2""]"
"[""sensor_0"", ""sensor_1"", ""sensor_2""]",sensor_0,toy_spatial,1,,83.0,1.323851466178894,1.323851466178894,1.323851466178894,0.7966,0.7966,,,,,4.436386620426178,20000,20000,,,20000,,0.2,model_normalized,row,reference,1.0,0.0,1.0,cyclic,Oracle Split Conformal,,"[""sensor_0"", ""sensor_1"", ""sensor_2""]"
"[""sensor_0"", ""sensor_1"", ""sensor_2""]",sensor_0,toy_spatial,1,,83.0,4.320762634277344,4.320762634277344,4.320762634277344,0.80225,0.9281,0.80225,0.80225,,,8.641525266361237,20000,20000,,,20000,,0.2,raw_absolute,row,raw_sensor,1.0,0.0,0.0,cyclic,Held-Out Raw Sensor CP,sensor_0,"[""sensor_1"", ""sensor_2""]"
"[""sensor_0"", ""sensor_1"", ""sensor_2""]",sensor_0,toy_spatial,1,,83.0,7.324597358703613,7.324597358703613,7.324597358703613,0.80045,0.9995,0.80045,0.80045,,,14.649194716882706,20000,20000,,,20000,,0.2,raw_absolute,row,raw_sensor,1.0,0.0,0.0,cyclic,Held-Out Raw Sensor CP,sensor_1,"[""sensor_0"", ""sensor_2""]"
"[""sensor_0"", ""sensor_1"", ""sensor_2""]",sensor_0,toy_spatial,1,,83.0,9.720937728881836,9.720937728881836,9.720937728881836,0.80165,1.0,0.80165,0.80165,,,19.441875459194183,20000,20000,,,20000,,0.2,raw_absolute,row,raw_sensor,1.0,0.0,0.0,cyclic,Held-Out Raw Sensor CP,sensor_2,"[""sensor_0"", ""sensor_1""]"
"[""sensor_0"", ""sensor_1"", ""sensor_2""]",sensor_0,toy_spatial,1,,83.0,1.2815515655446008,,,0.78145,0.78145,,,,,4.294634342193604,20000,0,,0.0,20000,,0.2,none,,,,,,,Fused Posterior Predictive,,"[""sensor_0"", ""sensor_1"", ""sensor_2""]"
"[""sensor_0"", ""sensor_1"", ""sensor_2""]",sensor_0,toy_spatial,1,,84.0,1.3374577760696411,1.3374577760696411,1.3374577760696411,0.80495,0.80495,,,,,4.481481626439095,20000,20000,,,20000,,0.2,model_normalized,row,reference,1.0,0.0,1.0,cyclic,Oracle Split Conformal,,"[""sensor_0"", ""sensor_1"", ""sensor_2""]"
"[""sensor_0"", ""sensor_1"", ""sensor_2""]",sensor_0,toy_spatial,1,,84.0,4.332917213439941,4.332917213439941,4.332917213439941,0.80445,0.93245,0.80445,0.80445,,,8.665834423494339,20000,20000,,,20000,,0.2,raw_absolute,row,raw_sensor,1.0,0.0,0.0,cyclic,Held-Out Raw Sensor CP,sensor_0,"[""sensor_1"", ""sensor_2""]"
"[""sensor_0"", ""sensor_1"", ""sensor_2""]",sensor_0,toy_spatial,1,,84.0,7.327613830566406,7.327613830566406,7.327613830566406,0.8011,0.99945,0.8011,0.8011,,,14.655227664613724,20000,20000,,,20000,,0.2,raw_absolute,row,raw_sensor,1.0,0.0,0.0,cyclic,Held-Out Raw Sensor CP,sensor_1,"[""sensor_0"", ""sensor_2""]"
"[""sensor_0"", ""sensor_1"", ""sensor_2""]",sensor_0,toy_spatial,1,,84.0,9.674535751342772,9.674535751342772,9.674535751342772,0.7969,1.0,0.7969,0.7969,,,19.34907150440216,20000,20000,,,20000,,0.2,raw_absolute,row,raw_sensor,1.0,0.0,0.0,cyclic,Held-Out Raw Sensor CP,sensor_2,"[""sensor_0"", ""sensor_1""]"
"[""sensor_0"", ""sensor_1"", ""sensor_2""]",sensor_0,toy_spatial,1,,84.0,1.2815515655446008,,,0.78505,0.78505,,,,,4.294154167175293,20000,0,,0.0,20000,,0.2,none,,,,,,,Fused Posterior Predictive,,"[""sensor_0"", ""sensor_1"", ""sensor_2""]"
"[""sensor_0"", ""sensor_1"", ""sensor_2""]",sensor_0,toy_spatial,1,,85.0,1.3254040479660034,1.3254040479660034,1.3254040479660034,0.7975,0.7975,,,,,4.442141736984253,20000,20000,,,20000,,0.2,model_normalized,row,reference,1.0,0.0,1.0,cyclic,Oracle Split Conformal,,"[""sensor_0"", ""sensor_1"", ""sensor_2""]"
"[""sensor_0"", ""sensor_1"", ""sensor_2""]",sensor_0,toy_spatial,1,,85.0,4.306631088256836,4.306631088256836,4.306631088256836,0.8,0.92965,0.8,0.8,,,8.613262181949615,20000,20000,,,20000,,0.2,raw_absolute,row,raw_sensor,1.0,0.0,0.0,cyclic,Held-Out Raw Sensor CP,sensor_0,"[""sensor_1"", ""sensor_2""]"
"[""sensor_0"", ""sensor_1"", ""sensor_2""]",sensor_0,toy_spatial,1,,85.0,7.332426071166992,7.332426071166992,7.332426071166992,0.80175,0.99965,0.80175,0.80175,,,14.664852139902116,20000,20000,,,20000,,0.2,raw_absolute,row,raw_sensor,1.0,0.0,0.0,cyclic,Held-Out Raw Sensor CP,sensor_1,"[""sensor_0"", ""sensor_2""]"
"[""sensor_0"", ""sensor_1"", ""sensor_2""]",sensor_0,toy_spatial,1,,85.0,9.651466369628906,9.651466369628906,9.651466369628906,0.7953,1.0,0.7953,0.7953,,,19.302932739925385,20000,20000,,,20000,,0.2,raw_absolute,row,raw_sensor,1.0,0.0,0.0,cyclic,Held-Out Raw Sensor CP,sensor_2,"[""sensor_0"", ""sensor_1""]"
"[""sensor_0"", ""sensor_1"", ""sensor_2""]",sensor_0,toy_spatial,1,,85.0,1.2815515655446008,,,0.7818,0.7818,,,,,4.295168399810791,20000,0,,0.0,20000,,0.2,none,,,,,,,Fused Posterior Predictive,,"[""sensor_0"", ""sensor_1"", ""sensor_2""]"
"[""sensor_0"", ""sensor_1"", ""sensor_2""]",sensor_0,toy_spatial,1,,86.0,1.3216928243637085,1.3216928243637085,1.3216928243637085,0.79525,0.79525,,,,,4.429379205989838,20000,20000,,,20000,,0.2,model_normalized,row,reference,1.0,0.0,1.0,cyclic,Oracle Split Conformal,,"[""sensor_0"", ""sensor_1"", ""sensor_2""]"
"[""sensor_0"", ""sensor_1"", ""sensor_2""]",sensor_0,toy_spatial,1,,86.0,4.300189018249512,4.300189018249512,4.300189018249512,0.7984,0.92575,0.7984,0.7984,,,8.600378036022187,20000,20000,,,20000,,0.2,raw_absolute,row,raw_sensor,1.0,0.0,0.0,cyclic,Held-Out Raw Sensor CP,sensor_0,"[""sensor_1"", ""sensor_2""]"
"[""sensor_0"", ""sensor_1"", ""sensor_2""]",sensor_0,toy_spatial,1,,86.0,7.322364807128906,7.322364807128906,7.322364807128906,0.8002,0.99945,0.8002,0.8002,,,14.644729616212844,20000,20000,,,20000,,0.2,raw_absolute,row,raw_sensor,1.0,0.0,0.0,cyclic,Held-Out Raw Sensor CP,sensor_1,"[""sensor_0"", ""sensor_2""]"
"[""sensor_0"", ""sensor_1"", ""sensor_2""]",sensor_0,toy_spatial,1,,86.0,9.696111679077148,9.696111679077148,9.696111679077148,0.799,1.0,0.799,0.799,,,19.392223362731933,20000,20000,,,20000,,0.2,raw_absolute,row,raw_sensor,1.0,0.0,0.0,cyclic,Held-Out Raw Sensor CP,sensor_2,"[""sensor_0"", ""sensor_1""]"
"[""sensor_0"", ""sensor_1"", ""sensor_2""]",sensor_0,toy_spatial,1,,86.0,1.2815515655446008,,,0.78045,0.78045,,,,,4.294853687286377,20000,0,,0.0,20000,,0.2,none,,,,,,,Fused Posterior Predictive,,"[""sensor_0"", ""sensor_1"", ""sensor_2""]"
"[""sensor_0"", ""sensor_1"", ""sensor_2""]",sensor_0,toy_spatial,1,,87.0,1.3286162614822388,1.3286162614822388,1.3286162614822388,0.7996,0.7996,,,,,4.453038228917122,20000,20000,,,20000,,0.2,model_normalized,row,reference,1.0,0.0,1.0,cyclic,Oracle Split Conformal,,"[""sensor_0"", ""sensor_1"", ""sensor_2""]"
"[""sensor_0"", ""sensor_1"", ""sensor_2""]",sensor_0,toy_spatial,1,,87.0,4.298145294189453,4.298145294189453,4.298145294189453,0.79785,0.9274,0.79785,0.79785,,,8.596290586423875,20000,20000,,,20000,,0.2,raw_absolute,row,raw_sensor,1.0,0.0,0.0,cyclic,Held-Out Raw Sensor CP,sensor_0,"[""sensor_1"", ""sensor_2""]"
"[""sensor_0"", ""sensor_1"", ""sensor_2""]",sensor_0,toy_spatial,1,,87.0,7.315261840820312,7.315261840820312,7.315261840820312,0.7995,0.9994,0.7995,0.7995,,,14.63052368812561,20000,20000,,,20000,,0.2,raw_absolute,row,raw_sensor,1.0,0.0,0.0,cyclic,Held-Out Raw Sensor CP,sensor_1,"[""sensor_0"", ""sensor_2""]"
"[""sensor_0"", ""sensor_1"", ""sensor_2""]",sensor_0,toy_spatial,1,,87.0,9.637981414794922,9.637981414794922,9.637981414794922,0.7938,1.0,0.7938,0.7938,,,19.27596282939911,20000,20000,,,20000,,0.2,raw_absolute,row,raw_sensor,1.0,0.0,0.0,cyclic,Held-Out Raw Sensor CP,sensor_2,"[""sensor_0"", ""sensor_1""]"
"[""sensor_0"", ""sensor_1"", ""sensor_2""]",sensor_0,toy_spatial,1,,87.0,1.2815515655446008,,,0.78315,0.78315,,,,,4.295294761657715,20000,0,,0.0,20000,,0.2,none,,,,,,,Fused Posterior Predictive,,"[""sensor_0"", ""sensor_1"", ""sensor_2""]"
"[""sensor_0"", ""sensor_1"", ""sensor_2""]",sensor_0,toy_spatial,1,,88.0,1.3276500701904297,1.3276500701904297,1.3276500701904297,0.7991,0.7991,,,,,4.449690324664116,20000,20000,,,20000,,0.2,model_normalized,row,reference,1.0,0.0,1.0,cyclic,Oracle Split Conformal,,"[""sensor_0"", ""sensor_1"", ""sensor_2""]"
"[""sensor_0"", ""sensor_1"", ""sensor_2""]",sensor_0,toy_spatial,1,,88.0,4.293859481811523,4.293859481811523,4.293859481811523,0.7973,0.92555,0.7973,0.7973,,,8.58771897058487,20000,20000,,,20000,,0.2,raw_absolute,row,raw_sensor,1.0,0.0,0.0,cyclic,Held-Out Raw Sensor CP,sensor_0,"[""sensor_1"", ""sensor_2""]"
"[""sensor_0"", ""sensor_1"", ""sensor_2""]",sensor_0,toy_spatial,1,,88.0,7.340251922607422,7.340251922607422,7.340251922607422,0.80305,0.99955,0.80305,0.80305,,,14.680503844547273,20000,20000,,,20000,,0.2,raw_absolute,row,raw_sensor,1.0,0.0,0.0,cyclic,Held-Out Raw Sensor CP,sensor_1,"[""sensor_0"", ""sensor_2""]"
"[""sensor_0"", ""sensor_1"", ""sensor_2""]",sensor_0,toy_spatial,1,,88.0,9.75312042236328,9.75312042236328,9.75312042236328,0.8044,1.0,0.8044,0.8044,,,19.50624084262848,20000,20000,,,20000,,0.2,raw_absolute,row,raw_sensor,1.0,0.0,0.0,cyclic,Held-Out Raw Sensor CP,sensor_2,"[""sensor_0"", ""sensor_1""]"
"[""sensor_0"", ""sensor_1"", ""sensor_2""]",sensor_0,toy_spatial,1,,88.0,1.2815515655446008,,,0.78195,0.78195,,,,,4.295188903808594,20000,0,,0.0,20000,,0.2,none,,,,,,,Fused Posterior Predictive,,"[""sensor_0"", ""sensor_1"", ""sensor_2""]"
"[""sensor_0"", ""sensor_1"", ""sensor_2""]",sensor_0,toy_spatial,1,,89.0,1.3317385911941528,1.3317385911941528,1.3317385911941528,0.80175,0.80175,,,,,4.462740671038628,20000,20000,,,20000,,0.2,model_normalized,row,reference,1.0,0.0,1.0,cyclic,Oracle Split Conformal,,"[""sensor_0"", ""sensor_1"", ""sensor_2""]"
"[""sensor_0"", ""sensor_1"", ""sensor_2""]",sensor_0,toy_spatial,1,,89.0,4.295953750610352,4.295953750610352,4.295953750610352,0.7976,0.9286,0.7976,0.7976,,,8.591907507181167,20000,20000,,,20000,,0.2,raw_absolute,row,raw_sensor,1.0,0.0,0.0,cyclic,Held-Out Raw Sensor CP,sensor_0,"[""sensor_1"", ""sensor_2""]"
"[""sensor_0"", ""sensor_1"", ""sensor_2""]",sensor_0,toy_spatial,1,,89.0,7.319965362548828,7.319965362548828,7.319965362548828,0.8001,0.99955,0.8001,0.8001,,,14.639930723714828,20000,20000,,,20000,,0.2,raw_absolute,row,raw_sensor,1.0,0.0,0.0,cyclic,Held-Out Raw Sensor CP,sensor_1,"[""sensor_0"", ""sensor_2""]"
"[""sensor_0"", ""sensor_1"", ""sensor_2""]",sensor_0,toy_spatial,1,,89.0,9.691276550292969,9.691276550292969,9.691276550292969,0.79865,1.0,0.79865,0.79865,,,19.38255309820175,20000,20000,,,20000,,0.2,raw_absolute,row,raw_sensor,1.0,0.0,0.0,cyclic,Held-Out Raw Sensor CP,sensor_2,"[""sensor_0"", ""sensor_1""]"
"[""sensor_0"", ""sensor_1"", ""sensor_2""]",sensor_0,toy_spatial,1,,89.0,1.2815515655446008,,,0.78355,0.78355,,,,,4.29456090927124,20000,0,,0.0,20000,,0.2,none,,,,,,,Fused Posterior Predictive,,"[""sensor_0"", ""sensor_1"", ""sensor_2""]"
"[""sensor_0"", ""sensor_1"", ""sensor_2""]",sensor_0,toy_spatial,1,,90.0,1.3207097053527832,1.3207097053527832,1.3207097053527832,0.7945,0.7945,,,,,4.4260481706142425,20000,20000,,,20000,,0.2,model_normalized,row,reference,1.0,0.0,1.0,cyclic,Oracle Split Conformal,,"[""sensor_0"", ""sensor_1"", ""sensor_2""]"
"[""sensor_0"", ""sensor_1"", ""sensor_2""]",sensor_0,toy_spatial,1,,90.0,4.294508934020996,4.294508934020996,4.294508934020996,0.7974,0.92835,0.7974,0.7974,,,8.589017863702773,20000,20000,,,20000,,0.2,raw_absolute,row,raw_sensor,1.0,0.0,0.0,cyclic,Held-Out Raw Sensor CP,sensor_0,"[""sensor_1"", ""sensor_2""]"
"[""sensor_0"", ""sensor_1"", ""sensor_2""]",sensor_0,toy_spatial,1,,90.0,7.345132827758789,7.345132827758789,7.345132827758789,0.80355,0.99955,0.80355,0.80355,,,14.69026565413475,20000,20000,,,20000,,0.2,raw_absolute,row,raw_sensor,1.0,0.0,0.0,cyclic,Held-Out Raw Sensor CP,sensor_1,"[""sensor_0"", ""sensor_2""]"
"[""sensor_0"", ""sensor_1"", ""sensor_2""]",sensor_0,toy_spatial,1,,90.0,9.727890014648438,9.727890014648438,9.727890014648438,0.80235,1.0,0.80235,0.80235,,,19.455780029964448,20000,20000,,,20000,,0.2,raw_absolute,row,raw_sensor,1.0,0.0,0.0,cyclic,Held-Out Raw Sensor CP,sensor_2,"[""sensor_0"", ""sensor_1""]"
"[""sensor_0"", ""sensor_1"", ""sensor_2""]",sensor_0,toy_spatial,1,,90.0,1.2815515655446008,,,0.77975,0.77975,,,,,4.294818878173828,20000,0,,0.0,20000,,0.2,none,,,,,,,Fused Posterior Predictive,,"[""sensor_0"", ""sensor_1"", ""sensor_2""]"
"[""sensor_0"", ""sensor_1"", ""sensor_2""]",sensor_0,toy_spatial,1,,91.0,1.3286162614822388,1.3286162614822388,1.3286162614822388,0.7996,0.7996,,,,,4.452864630103111,20000,20000,,,20000,,0.2,model_normalized,row,reference,1.0,0.0,1.0,cyclic,Oracle Split Conformal,,"[""sensor_0"", ""sensor_1"", ""sensor_2""]"
"[""sensor_0"", ""sensor_1"", ""sensor_2""]",sensor_0,toy_spatial,1,,91.0,4.293211460113525,4.293211460113525,4.293211460113525,0.79705,0.92905,0.79705,0.79705,,,8.586422491312026,20000,20000,,,20000,,0.2,raw_absolute,row,raw_sensor,1.0,0.0,0.0,cyclic,Held-Out Raw Sensor CP,sensor_0,"[""sensor_1"", ""sensor_2""]"
"[""sensor_0"", ""sensor_1"", ""sensor_2""]",sensor_0,toy_spatial,1,,91.0,7.311307907104492,7.311307907104492,7.311307907104492,0.79895,0.9994,0.79895,0.79895,,,14.622615811252594,20000,20000,,,20000,,0.2,raw_absolute,row,raw_sensor,1.0,0.0,0.0,cyclic,Held-Out Raw Sensor CP,sensor_1,"[""sensor_0"", ""sensor_2""]"
"[""sensor_0"", ""sensor_1"", ""sensor_2""]",sensor_0,toy_spatial,1,,91.0,9.727890014648438,9.727890014648438,9.727890014648438,0.80235,1.0,0.80235,0.80235,,,19.455780028629302,20000,20000,,,20000,,0.2,raw_absolute,row,raw_sensor,1.0,0.0,0.0,cyclic,Held-Out Raw Sensor CP,sensor_2,"[""sensor_0"", ""sensor_1""]"
"[""sensor_0"", ""sensor_1"", ""sensor_2""]",sensor_0,toy_spatial,1,,91.0,1.2815515655446008,,,0.78235,0.78235,,,,,4.2951273918151855,20000,0,,0.0,20000,,0.2,none,,,,,,,Fused Posterior Predictive,,"[""sensor_0"", ""sensor_1"", ""sensor_2""]"
"[""sensor_0"", ""sensor_1"", ""sensor_2""]",sensor_0,toy_spatial,1,,92.0,1.338076949119568,1.338076949119568,1.338076949119568,0.80545,0.80545,,,,,4.484764395618439,20000,20000,,,20000,,0.2,model_normalized,row,reference,1.0,0.0,1.0,cyclic,Oracle Split Conformal,,"[""sensor_0"", ""sensor_1"", ""sensor_2""]"
"[""sensor_0"", ""sensor_1"", ""sensor_2""]",sensor_0,toy_spatial,1,,92.0,4.278726100921631,4.278726100921631,4.278726100921631,0.7932,0.92705,0.7932,0.7932,,,8.557452634954453,20000,20000,,,20000,,0.2,raw_absolute,row,raw_sensor,1.0,0.0,0.0,cyclic,Held-Out Raw Sensor CP,sensor_0,"[""sensor_1"", ""sensor_2""]"
"[""sensor_0"", ""sensor_1"", ""sensor_2""]",sensor_0,toy_spatial,1,,92.0,7.298626899719238,7.298626899719238,7.298626899719238,0.79725,0.9994,0.79725,0.79725,,,14.597253802251815,20000,20000,,,20000,,0.2,raw_absolute,row,raw_sensor,1.0,0.0,0.0,cyclic,Held-Out Raw Sensor CP,sensor_1,"[""sensor_0"", ""sensor_2""]"
"[""sensor_0"", ""sensor_1"", ""sensor_2""]",sensor_0,toy_spatial,1,,92.0,9.675662994384766,9.675662994384766,9.675662994384766,0.797,1.0,0.797,0.797,,,19.351325985240937,20000,20000,,,20000,,0.2,raw_absolute,row,raw_sensor,1.0,0.0,0.0,cyclic,Held-Out Raw Sensor CP,sensor_2,"[""sensor_0"", ""sensor_1""]"
"[""sensor_0"", ""sensor_1"", ""sensor_2""]",sensor_0,toy_spatial,1,,92.0,1.2815515655446008,,,0.78415,0.78415,,,,,4.295311450958252,20000,0,,0.0,20000,,0.2,none,,,,,,,Fused Posterior Predictive,,"[""sensor_0"", ""sensor_1"", ""sensor_2""]"
"[""sensor_0"", ""sensor_1"", ""sensor_2""]",sensor_0,toy_spatial,1,,93.0,1.3304774761199951,1.3304774761199951,1.3304774761199951,0.8009,0.8009,,,,,4.458912314224243,20000,20000,,,20000,,0.2,model_normalized,row,reference,1.0,0.0,1.0,cyclic,Oracle Split Conformal,,"[""sensor_0"", ""sensor_1"", ""sensor_2""]"
"[""sensor_0"", ""sensor_1"", ""sensor_2""]",sensor_0,toy_spatial,1,,93.0,4.292366981506348,4.292366981506348,4.292366981506348,0.7966,0.92725,0.7966,0.7966,,,8.584733972358704,20000,20000,,,20000,,0.2,raw_absolute,row,raw_sensor,1.0,0.0,0.0,cyclic,Held-Out Raw Sensor CP,sensor_0,"[""sensor_1"", ""sensor_2""]"
"[""sensor_0"", ""sensor_1"", ""sensor_2""]",sensor_0,toy_spatial,1,,93.0,7.2824859619140625,7.2824859619140625,7.2824859619140625,0.7954,0.99965,0.7954,0.7954,,,14.56497192401886,20000,20000,,,20000,,0.2,raw_absolute,row,raw_sensor,1.0,0.0,0.0,cyclic,Held-Out Raw Sensor CP,sensor_1,"[""sensor_0"", ""sensor_2""]"
"[""sensor_0"", ""sensor_1"", ""sensor_2""]",sensor_0,toy_spatial,1,,93.0,9.724242210388184,9.724242210388184,9.724242210388184,0.80205,1.0,0.80205,0.80205,,,19.448484405708317,20000,20000,,,20000,,0.2,raw_absolute,row,raw_sensor,1.0,0.0,0.0,cyclic,Held-Out Raw Sensor CP,sensor_2,"[""sensor_0"", ""sensor_1""]"
"[""sensor_0"", ""sensor_1"", ""sensor_2""]",sensor_0,toy_spatial,1,,93.0,1.2815515655446008,,,0.78365,0.78365,,,,,4.294943809509277,20000,0,,0.0,20000,,0.2,none,,,,,,,Fused Posterior Predictive,,"[""sensor_0"", ""sensor_1"", ""sensor_2""]"
"[""sensor_0"", ""sensor_1"", ""sensor_2""]",sensor_0,toy_spatial,1,,94.0,1.3304774761199951,1.3304774761199951,1.3304774761199951,0.8009,0.8009,,,,,4.459068215823174,20000,20000,,,20000,,0.2,model_normalized,row,reference,1.0,0.0,1.0,cyclic,Oracle Split Conformal,,"[""sensor_0"", ""sensor_1"", ""sensor_2""]"
"[""sensor_0"", ""sensor_1"", ""sensor_2""]",sensor_0,toy_spatial,1,,94.0,4.323181629180908,4.323181629180908,4.323181629180908,0.80285,0.932,0.80285,0.80285,,,8.646362823057174,20000,20000,,,20000,,0.2,raw_absolute,row,raw_sensor,1.0,0.0,0.0,cyclic,Held-Out Raw Sensor CP,sensor_0,"[""sensor_1"", ""sensor_2""]"
"[""sensor_0"", ""sensor_1"", ""sensor_2""]",sensor_0,toy_spatial,1,,94.0,7.410896301269531,7.410896301269531,7.410896301269531,0.8119,0.99955,0.8119,0.8119,,,14.821792600679398,20000,20000,,,20000,,0.2,raw_absolute,row,raw_sensor,1.0,0.0,0.0,cyclic,Held-Out Raw Sensor CP,sensor_1,"[""sensor_0"", ""sensor_2""]"
"[""sensor_0"", ""sensor_1"", ""sensor_2""]",sensor_0,toy_spatial,1,,94.0,9.689186096191406,9.689186096191406,9.689186096191406,0.7984,1.0,0.7984,0.7984,,,19.37837219238281,20000,20000,,,20000,,0.2,raw_absolute,row,raw_sensor,1.0,0.0,0.0,cyclic,Held-Out Raw Sensor CP,sensor_2,"[""sensor_0"", ""sensor_1""]"
"[""sensor_0"", ""sensor_1"", ""sensor_2""]",sensor_0,toy_spatial,1,,94.0,1.2815515655446008,,,0.7833,0.7833,,,,,4.2950944900512695,20000,0,,0.0,20000,,0.2,none,,,,,,,Fused Posterior Predictive,,"[""sensor_0"", ""sensor_1"", ""sensor_2""]"
"[""sensor_0"", ""sensor_1"", ""sensor_2""]",sensor_0,toy_spatial,1,,95.0,1.33078134059906,1.33078134059906,1.33078134059906,0.8011,0.8011,,,,,4.4593775234222415,20000,20000,,,20000,,0.2,model_normalized,row,reference,1.0,0.0,1.0,cyclic,Oracle Split Conformal,,"[""sensor_0"", ""sensor_1"", ""sensor_2""]"
"[""sensor_0"", ""sensor_1"", ""sensor_2""]",sensor_0,toy_spatial,1,,95.0,4.289140701293945,4.289140701293945,4.289140701293945,0.79595,0.92535,0.79595,0.79595,,,8.578281404352188,20000,20000,,,20000,,0.2,raw_absolute,row,raw_sensor,1.0,0.0,0.0,cyclic,Held-Out Raw Sensor CP,sensor_0,"[""sensor_1"", ""sensor_2""]"
"[""sensor_0"", ""sensor_1"", ""sensor_2""]",sensor_0,toy_spatial,1,,95.0,7.350490570068359,7.350490570068359,7.350490570068359,0.80435,0.99945,0.80435,0.80435,,,14.700981136512755,20000,20000,,,20000,,0.2,raw_absolute,row,raw_sensor,1.0,0.0,0.0,cyclic,Held-Out Raw Sensor CP,sensor_1,"[""sensor_0"", ""sensor_2""]"
"[""sensor_0"", ""sensor_1"", ""sensor_2""]",sensor_0,toy_spatial,1,,95.0,9.700763702392578,9.700763702392578,9.700763702392578,0.79965,1.0,0.79965,0.79965,,,19.401527404212956,20000,20000,,,20000,,0.2,raw_absolute,row,raw_sensor,1.0,0.0,0.0,cyclic,Held-Out Raw Sensor CP,sensor_2,"[""sensor_0"", ""sensor_1""]"
"[""sensor_0"", ""sensor_1"", ""sensor_2""]",sensor_0,toy_spatial,1,,95.0,1.2815515655446008,,,0.782,0.782,,,,,4.2944111824035645,20000,0,,0.0,20000,,0.2,none,,,,,,,Fused Posterior Predictive,,"[""sensor_0"", ""sensor_1"", ""sensor_2""]"
"[""sensor_0"", ""sensor_1"", ""sensor_2""]",sensor_0,toy_spatial,1,,96.0,1.3256919384002686,1.3256919384002686,1.3256919384002686,0.7976,0.7976,,,,,4.442337527918816,20000,20000,,,20000,,0.2,model_normalized,row,reference,1.0,0.0,1.0,cyclic,Oracle Split Conformal,,"[""sensor_0"", ""sensor_1"", ""sensor_2""]"
"[""sensor_0"", ""sensor_1"", ""sensor_2""]",sensor_0,toy_spatial,1,,96.0,4.265698432922363,4.265698432922363,4.265698432922363,0.7906,0.9252,0.7906,0.7906,,,8.531396879148483,20000,20000,,,20000,,0.2,raw_absolute,row,raw_sensor,1.0,0.0,0.0,cyclic,Held-Out Raw Sensor CP,sensor_0,"[""sensor_1"", ""sensor_2""]"
"[""sensor_0"", ""sensor_1"", ""sensor_2""]",sensor_0,toy_spatial,1,,96.0,7.336407661437988,7.336407661437988,7.336407661437988,0.80225,0.9994,0.80225,0.80225,,,14.672815338182447,20000,20000,,,20000,,0.2,raw_absolute,row,raw_sensor,1.0,0.0,0.0,cyclic,Held-Out Raw Sensor CP,sensor_1,"[""sensor_0"", ""sensor_2""]"
"[""sensor_0"", ""sensor_1"", ""sensor_2""]",sensor_0,toy_spatial,1,,96.0,9.689135551452637,9.689135551452637,9.689135551452637,0.79835,1.0,0.79835,0.79835,,,19.378271092128752,20000,20000,,,20000,,0.2,raw_absolute,row,raw_sensor,1.0,0.0,0.0,cyclic,Held-Out Raw Sensor CP,sensor_2,"[""sensor_0"", ""sensor_1""]"
"[""sensor_0"", ""sensor_1"", ""sensor_2""]",sensor_0,toy_spatial,1,,96.0,1.2815515655446008,,,0.78165,0.78165,,,,,4.294425010681152,20000,0,,0.0,20000,,0.2,none,,,,,,,Fused Posterior Predictive,,"[""sensor_0"", ""sensor_1"", ""sensor_2""]"
"[""sensor_0"", ""sensor_1"", ""sensor_2""]",sensor_0,toy_spatial,1,,97.0,1.3320999145507812,1.3320999145507812,1.3320999145507812,0.80185,0.80185,,,,,4.464216078162194,20000,20000,,,20000,,0.2,model_normalized,row,reference,1.0,0.0,1.0,cyclic,Oracle Split Conformal,,"[""sensor_0"", ""sensor_1"", ""sensor_2""]"
"[""sensor_0"", ""sensor_1"", ""sensor_2""]",sensor_0,toy_spatial,1,,97.0,4.302829742431641,4.302829742431641,4.302829742431641,0.79895,0.9307,0.79895,0.79895,,,8.605659479093552,20000,20000,,,20000,,0.2,raw_absolute,row,raw_sensor,1.0,0.0,0.0,cyclic,Held-Out Raw Sensor CP,sensor_0,"[""sensor_1"", ""sensor_2""]"
"[""sensor_0"", ""sensor_1"", ""sensor_2""]",sensor_0,toy_spatial,1,,97.0,7.324597358703613,7.324597358703613,7.324597358703613,0.80045,0.9996,0.80045,0.80045,,,14.64919471578598,20000,20000,,,20000,,0.2,raw_absolute,row,raw_sensor,1.0,0.0,0.0,cyclic,Held-Out Raw Sensor CP,sensor_1,"[""sensor_0"", ""sensor_2""]"
"[""sensor_0"", ""sensor_1"", ""sensor_2""]",sensor_0,toy_spatial,1,,97.0,9.74069881439209,9.74069881439209,9.74069881439209,0.8035,1.0,0.8035,0.8035,,,19.48139761667252,20000,20000,,,20000,,0.2,raw_absolute,row,raw_sensor,1.0,0.0,0.0,cyclic,Held-Out Raw Sensor CP,sensor_2,"[""sensor_0"", ""sensor_1""]"
"[""sensor_0"", ""sensor_1"", ""sensor_2""]",sensor_0,toy_spatial,1,,97.0,1.2815515655446008,,,0.78415,0.78415,,,,,4.294815540313721,20000,0,,0.0,20000,,0.2,none,,,,,,,Fused Posterior Predictive,,"[""sensor_0"", ""sensor_1"", ""sensor_2""]"
"[""sensor_0"", ""sensor_1"", ""sensor_2""]",sensor_0,toy_spatial,1,,98.0,1.3317385911941528,1.3317385911941528,1.3317385911941528,0.80175,0.80175,,,,,4.462439750957489,20000,20000,,,20000,,0.2,model_normalized,row,reference,1.0,0.0,1.0,cyclic,Oracle Split Conformal,,"[""sensor_0"", ""sensor_1"", ""sensor_2""]"
"[""sensor_0"", ""sensor_1"", ""sensor_2""]",sensor_0,toy_spatial,1,,98.0,4.289636611938477,4.289636611938477,4.289636611938477,0.796,0.928,0.796,0.796,,,8.579273228168487,20000,20000,,,20000,,0.2,raw_absolute,row,raw_sensor,1.0,0.0,0.0,cyclic,Held-Out Raw Sensor CP,sensor_0,"[""sensor_1"", ""sensor_2""]"
"[""sensor_0"", ""sensor_1"", ""sensor_2""]",sensor_0,toy_spatial,1,,98.0,7.281644821166992,7.281644821166992,7.281644821166992,0.79525,0.99955,0.79525,0.79525,,,14.563289641857148,20000,20000,,,20000,,0.2,raw_absolute,row,raw_sensor,1.0,0.0,0.0,cyclic,Held-Out Raw Sensor CP,sensor_1,"[""sensor_0"", ""sensor_2""]"
"[""sensor_0"", ""sensor_1"", ""sensor_2""]",sensor_0,toy_spatial,1,,98.0,9.674470901489258,9.674470901489258,9.674470901489258,0.79685,1.0,0.79685,0.79685,,,19.34894180355072,20000,20000,,,20000,,0.2,raw_absolute,row,raw_sensor,1.0,0.0,0.0,cyclic,Held-Out Raw Sensor CP,sensor_2,"[""sensor_0"", ""sensor_1""]"
"[""sensor_0"", ""sensor_1"", ""sensor_2""]",sensor_0,toy_spatial,1,,98.0,1.2815515655446008,,,0.78235,0.78235,,,,,4.294270992279053,20000,0,,0.0,20000,,0.2,none,,,,,,,Fused Posterior Predictive,,"[""sensor_0"", ""sensor_1"", ""sensor_2""]"
"[""sensor_0"", ""sensor_1"", ""sensor_2""]",sensor_0,toy_spatial,1,,99.0,1.3294011354446411,1.3294011354446411,1.3294011354446411,0.8,0.8,,,,,4.454608306312561,20000,20000,,,20000,,0.2,model_normalized,row,reference,1.0,0.0,1.0,cyclic,Oracle Split Conformal,,"[""sensor_0"", ""sensor_1"", ""sensor_2""]"
"[""sensor_0"", ""sensor_1"", ""sensor_2""]",sensor_0,toy_spatial,1,,99.0,4.350098609924316,4.350098609924316,4.350098609924316,0.80765,0.933,0.80765,0.80765,,,8.70019722700119,20000,20000,,,20000,,0.2,raw_absolute,row,raw_sensor,1.0,0.0,0.0,cyclic,Held-Out Raw Sensor CP,sensor_0,"[""sensor_1"", ""sensor_2""]"
"[""sensor_0"", ""sensor_1"", ""sensor_2""]",sensor_0,toy_spatial,1,,99.0,7.251958847045898,7.251958847045898,7.251958847045898,0.7912,0.9997,0.7912,0.7912,,,14.503917691278458,20000,20000,,,20000,,0.2,raw_absolute,row,raw_sensor,1.0,0.0,0.0,cyclic,Held-Out Raw Sensor CP,sensor_1,"[""sensor_0"", ""sensor_2""]"
"[""sensor_0"", ""sensor_1"", ""sensor_2""]",sensor_0,toy_spatial,1,,99.0,9.694798469543455,9.694798469543455,9.694798469543455,0.79885,1.0,0.79885,0.79885,,,19.389596944618223,20000,20000,,,20000,,0.2,raw_absolute,row,raw_sensor,1.0,0.0,0.0,cyclic,Held-Out Raw Sensor CP,sensor_2,"[""sensor_0"", ""sensor_1""]"
"[""sensor_0"", ""sensor_1"", ""sensor_2""]",sensor_0,toy_spatial,1,,99.0,1.2815515655446008,,,0.78225,0.78225,,,,,4.294272422790527,20000,0,,0.0,20000,,0.2,none,,,,,,,Fused Posterior Predictive,,"[""sensor_0"", ""sensor_1"", ""sensor_2""]"
"[""sensor_0"", ""sensor_1"", ""sensor_2""]",sensor_0,toy_spatial,42,,0.0,1.3161752223968506,1.3161752223968506,1.3161752223968506,0.7985,0.7985,,,,,4.4134812084198,20000,20000,,,20000,,0.2,model_normalized,row,reference,1.0,0.0,1.0,cyclic,Oracle Split Conformal,,"[""sensor_0"", ""sensor_1"", ""sensor_2""]"
"[""sensor_0"", ""sensor_1"", ""sensor_2""]",sensor_0,toy_spatial,42,,0.0,4.3060302734375,4.3060302734375,4.3060302734375,0.8017,0.9273,0.8017,0.8017,,,8.612060548973083,20000,20000,,,20000,,0.2,raw_absolute,row,raw_sensor,1.0,0.0,0.0,cyclic,Held-Out Raw Sensor CP,sensor_0,"[""sensor_1"", ""sensor_2""]"
"[""sensor_0"", ""sensor_1"", ""sensor_2""]",sensor_0,toy_spatial,42,,0.0,7.335233688354492,7.335233688354492,7.335233688354492,0.79915,0.99955,0.79915,0.79915,,,14.670467375230787,20000,20000,,,20000,,0.2,raw_absolute,row,raw_sensor,1.0,0.0,0.0,cyclic,Held-Out Raw Sensor CP,sensor_1,"[""sensor_0"", ""sensor_2""]"
"[""sensor_0"", ""sensor_1"", ""sensor_2""]",sensor_0,toy_spatial,42,,0.0,9.615541458129885,9.615541458129885,9.615541458129885,0.797,1.0,0.797,0.797,,,19.23108291997909,20000,20000,,,20000,,0.2,raw_absolute,row,raw_sensor,1.0,0.0,0.0,cyclic,Held-Out Raw Sensor CP,sensor_2,"[""sensor_0"", ""sensor_1""]"
"[""sensor_0"", ""sensor_1"", ""sensor_2""]",sensor_0,toy_spatial,42,,0.0,1.2815515655446008,,,0.78655,0.78655,,,,,4.297379016876221,20000,0,,0.0,20000,,0.2,none,,,,,,,Fused Posterior Predictive,,"[""sensor_0"", ""sensor_1"", ""sensor_2""]"
"[""sensor_0"", ""sensor_1"", ""sensor_2""]",sensor_0,toy_spatial,42,,1.0,1.3181283473968506,1.3181283473968506,1.3181283473968506,0.8004,0.8004,,,,,4.419712717223168,20000,20000,,,20000,,0.2,model_normalized,row,reference,1.0,0.0,1.0,cyclic,Oracle Split Conformal,,"[""sensor_0"", ""sensor_1"", ""sensor_2""]"
"[""sensor_0"", ""sensor_1"", ""sensor_2""]",sensor_0,toy_spatial,42,,1.0,4.275747299194336,4.275747299194336,4.275747299194336,0.79525,0.9276,0.79525,0.79525,,,8.551494600963592,20000,20000,,,20000,,0.2,raw_absolute,row,raw_sensor,1.0,0.0,0.0,cyclic,Held-Out Raw Sensor CP,sensor_0,"[""sensor_1"", ""sensor_2""]"
"[""sensor_0"", ""sensor_1"", ""sensor_2""]",sensor_0,toy_spatial,42,,1.0,7.33925724029541,7.33925724029541,7.33925724029541,0.79975,0.9996,0.79975,0.79975,,,14.678514480257034,20000,20000,,,20000,,0.2,raw_absolute,row,raw_sensor,1.0,0.0,0.0,cyclic,Held-Out Raw Sensor CP,sensor_1,"[""sensor_0"", ""sensor_2""]"
"[""sensor_0"", ""sensor_1"", ""sensor_2""]",sensor_0,toy_spatial,42,,1.0,9.699828147888184,9.699828147888184,9.699828147888184,0.80385,1.0,0.80385,0.80385,,,19.399656300354003,20000,20000,,,20000,,0.2,raw_absolute,row,raw_sensor,1.0,0.0,0.0,cyclic,Held-Out Raw Sensor CP,sensor_2,"[""sensor_0"", ""sensor_1""]"
"[""sensor_0"", ""sensor_1"", ""sensor_2""]",sensor_0,toy_spatial,42,,1.0,1.2815515655446008,,,0.7873,0.7873,,,,,4.297070503234863,20000,0,,0.0,20000,,0.2,none,,,,,,,Fused Posterior Predictive,,"[""sensor_0"", ""sensor_1"", ""sensor_2""]"
"[""sensor_0"", ""sensor_1"", ""sensor_2""]",sensor_0,toy_spatial,42,,2.0,1.3157658576965332,1.3157658576965332,1.3157658576965332,0.7982,0.7982,,,,,4.411499058866501,20000,20000,,,20000,,0.2,model_normalized,row,reference,1.0,0.0,1.0,cyclic,Oracle Split Conformal,,"[""sensor_0"", ""sensor_1"", ""sensor_2""]"
"[""sensor_0"", ""sensor_1"", ""sensor_2""]",sensor_0,toy_spatial,42,,2.0,4.307452201843262,4.307452201843262,4.307452201843262,0.8021,0.93015,0.8021,0.8021,,,8.614904404401779,20000,20000,,,20000,,0.2,raw_absolute,row,raw_sensor,1.0,0.0,0.0,cyclic,Held-Out Raw Sensor CP,sensor_0,"[""sensor_1"", ""sensor_2""]"
"[""sensor_0"", ""sensor_1"", ""sensor_2""]",sensor_0,toy_spatial,42,,2.0,7.372709274291992,7.372709274291992,7.372709274291992,0.8042,0.9998,0.8042,0.8042,,,14.745418551397323,20000,20000,,,20000,,0.2,raw_absolute,row,raw_sensor,1.0,0.0,0.0,cyclic,Held-Out Raw Sensor CP,sensor_1,"[""sensor_0"", ""sensor_2""]"
"[""sensor_0"", ""sensor_1"", ""sensor_2""]",sensor_0,toy_spatial,42,,2.0,9.618653297424316,9.618653297424316,9.618653297424316,0.79735,1.0,0.79735,0.79735,,,19.237306600666045,20000,20000,,,20000,,0.2,raw_absolute,row,raw_sensor,1.0,0.0,0.0,cyclic,Held-Out Raw Sensor CP,sensor_2,"[""sensor_0"", ""sensor_1""]"
"[""sensor_0"", ""sensor_1"", ""sensor_2""]",sensor_0,toy_spatial,42,,2.0,1.2815515655446008,,,0.7864,0.7864,,,,,4.296785831451416,20000,0,,0.0,20000,,0.2,none,,,,,,,Fused Posterior Predictive,,"[""sensor_0"", ""sensor_1"", ""sensor_2""]"
"[""sensor_0"", ""sensor_1"", ""sensor_2""]",sensor_0,toy_spatial,42,,3.0,1.3194748163223269,1.3194748163223269,1.3194748163223269,0.8015,0.8015,,,,,4.423496993136406,20000,20000,,,20000,,0.2,model_normalized,row,reference,1.0,0.0,1.0,cyclic,Oracle Split Conformal,,"[""sensor_0"", ""sensor_1"", ""sensor_2""]"
"[""sensor_0"", ""sensor_1"", ""sensor_2""]",sensor_0,toy_spatial,42,,3.0,4.2804131507873535,4.2804131507873535,4.2804131507873535,0.7964,0.9287,0.7964,0.7964,,,8.56082587327957,20000,20000,,,20000,,0.2,raw_absolute,row,raw_sensor,1.0,0.0,0.0,cyclic,Held-Out Raw Sensor CP,sensor_0,"[""sensor_1"", ""sensor_2""]"
"[""sensor_0"", ""sensor_1"", ""sensor_2""]",sensor_0,toy_spatial,42,,3.0,7.326261520385742,7.326261520385742,7.326261520385742,0.7978,0.99945,0.7978,0.7978,,,14.652523038244247,20000,20000,,,20000,,0.2,raw_absolute,row,raw_sensor,1.0,0.0,0.0,cyclic,Held-Out Raw Sensor CP,sensor_1,"[""sensor_0"", ""sensor_2""]"
"[""sensor_0"", ""sensor_1"", ""sensor_2""]",sensor_0,toy_spatial,42,,3.0,9.679306030273438,9.679306030273438,9.679306030273438,0.80245,1.0,0.80245,0.80245,,,19.35861206016541,20000,20000,,,20000,,0.2,raw_absolute,row,raw_sensor,1.0,0.0,0.0,cyclic,Held-Out Raw Sensor CP,sensor_2,"[""sensor_0"", ""sensor_1""]"
"[""sensor_0"", ""sensor_1"", ""sensor_2""]",sensor_0,toy_spatial,42,,3.0,1.2815515655446008,,,0.78805,0.78805,,,,,4.296360492706299,20000,0,,0.0,20000,,0.2,none,,,,,,,Fused Posterior Predictive,,"[""sensor_0"", ""sensor_1"", ""sensor_2""]"
"[""sensor_0"", ""sensor_1"", ""sensor_2""]",sensor_0,toy_spatial,42,,4.0,1.3281935453414917,1.3281935453414917,1.3281935453414917,0.8069,0.8069,,,,,4.453037146353721,20000,20000,,,20000,,0.2,model_normalized,row,reference,1.0,0.0,1.0,cyclic,Oracle Split Conformal,,"[""sensor_0"", ""sensor_1"", ""sensor_2""]"
"[""sensor_0"", ""sensor_1"", ""sensor_2""]",sensor_0,toy_spatial,42,,4.0,4.3149895668029785,4.3149895668029785,4.3149895668029785,0.80335,0.93025,0.80335,0.80335,,,8.629978695344924,20000,20000,,,20000,,0.2,raw_absolute,row,raw_sensor,1.0,0.0,0.0,cyclic,Held-Out Raw Sensor CP,sensor_0,"[""sensor_1"", ""sensor_2""]"
"[""sensor_0"", ""sensor_1"", ""sensor_2""]",sensor_0,toy_spatial,42,,4.0,7.338359832763672,7.338359832763672,7.338359832763672,0.7997,0.99945,0.7997,0.7997,,,14.676719664955138,20000,20000,,,20000,,0.2,raw_absolute,row,raw_sensor,1.0,0.0,0.0,cyclic,Held-Out Raw Sensor CP,sensor_1,"[""sensor_0"", ""sensor_2""]"
"[""sensor_0"", ""sensor_1"", ""sensor_2""]",sensor_0,toy_spatial,42,,4.0,9.664036750793455,9.664036750793455,9.664036750793455,0.80125,1.0,0.80125,0.80125,,,19.32807349395752,20000,20000,,,20000,,0.2,raw_absolute,row,raw_sensor,1.0,0.0,0.0,cyclic,Held-Out Raw Sensor CP,sensor_2,"[""sensor_0"", ""sensor_1""]"
"[""sensor_0"", ""sensor_1"", ""sensor_2""]",sensor_0,toy_spatial,42,,4.0,1.2815515655446008,,,0.7911,0.7911,,,,,4.296660423278809,20000,0,,0.0,20000,,0.2,none,,,,,,,Fused Posterior Predictive,,"[""sensor_0"", ""sensor_1"", ""sensor_2""]"
"[""sensor_0"", ""sensor_1"", ""sensor_2""]",sensor_0,toy_spatial,42,,5.0,1.3193473815917969,1.3193473815917969,1.3193473815917969,0.80145,0.80145,,,,,4.422750063657761,20000,20000,,,20000,,0.2,model_normalized,row,reference,1.0,0.0,1.0,cyclic,Oracle Split Conformal,,"[""sensor_0"", ""sensor_1"", ""sensor_2""]"
"[""sensor_0"", ""sensor_1"", ""sensor_2""]",sensor_0,toy_spatial,42,,5.0,4.299479961395264,4.299479961395264,4.299479961395264,0.8002,0.9298,0.8002,0.8002,,,8.598960356712341,20000,20000,,,20000,,0.2,raw_absolute,row,raw_sensor,1.0,0.0,0.0,cyclic,Held-Out Raw Sensor CP,sensor_0,"[""sensor_1"", ""sensor_2""]"
"[""sensor_0"", ""sensor_1"", ""sensor_2""]",sensor_0,toy_spatial,42,,5.0,7.3820953369140625,7.3820953369140625,7.3820953369140625,0.8051,0.9995,0.8051,0.8051,,,14.76419066348076,20000,20000,,,20000,,0.2,raw_absolute,row,raw_sensor,1.0,0.0,0.0,cyclic,Held-Out Raw Sensor CP,sensor_1,"[""sensor_0"", ""sensor_2""]"
"[""sensor_0"", ""sensor_1"", ""sensor_2""]",sensor_0,toy_spatial,42,,5.0,9.750125885009766,9.750125885009766,9.750125885009766,0.8088,1.0,0.8088,0.8088,,,19.50025177268982,20000,20000,,,20000,,0.2,raw_absolute,row,raw_sensor,1.0,0.0,0.0,cyclic,Held-Out Raw Sensor CP,sensor_2,"[""sensor_0"", ""sensor_1""]"
"[""sensor_0"", ""sensor_1"", ""sensor_2""]",sensor_0,toy_spatial,42,,5.0,1.2815515655446008,,,0.78795,0.78795,,,,,4.296050071716309,20000,0,,0.0,20000,,0.2,none,,,,,,,Fused Posterior Predictive,,"[""sensor_0"", ""sensor_1"", ""sensor_2""]"
"[""sensor_0"", ""sensor_1"", ""sensor_2""]",sensor_0,toy_spatial,42,,6.0,1.3216184377670288,1.3216184377670288,1.3216184377670288,0.803,0.803,,,,,4.431380527949333,20000,20000,,,20000,,0.2,model_normalized,row,reference,1.0,0.0,1.0,cyclic,Oracle Split Conformal,,"[""sensor_0"", ""sensor_1"", ""sensor_2""]"
"[""sensor_0"", ""sensor_1"", ""sensor_2""]",sensor_0,toy_spatial,42,,6.0,4.2904052734375,4.2904052734375,4.2904052734375,0.7985,0.9286,0.7985,0.7985,,,8.580810544729232,20000,20000,,,20000,,0.2,raw_absolute,row,raw_sensor,1.0,0.0,0.0,cyclic,Held-Out Raw Sensor CP,sensor_0,"[""sensor_1"", ""sensor_2""]"
"[""sensor_0"", ""sensor_1"", ""sensor_2""]",sensor_0,toy_spatial,42,,6.0,7.359897613525391,7.359897613525391,7.359897613525391,0.80225,0.9994,0.80225,0.80225,,,14.719795230197906,20000,20000,,,20000,,0.2,raw_absolute,row,raw_sensor,1.0,0.0,0.0,cyclic,Held-Out Raw Sensor CP,sensor_1,"[""sensor_0"", ""sensor_2""]"
"[""sensor_0"", ""sensor_1"", ""sensor_2""]",sensor_0,toy_spatial,42,,6.0,9.750738143920898,9.750738143920898,9.750738143920898,0.8089,1.0,0.8089,0.8089,,,19.501476284122468,20000,20000,,,20000,,0.2,raw_absolute,row,raw_sensor,1.0,0.0,0.0,cyclic,Held-Out Raw Sensor CP,sensor_2,"[""sensor_0"", ""sensor_1""]"
"[""sensor_0"", ""sensor_1"", ""sensor_2""]",sensor_0,toy_spatial,42,,6.0,1.2815515655446008,,,0.7894,0.7894,,,,,4.297036647796631,20000,0,,0.0,20000,,0.2,none,,,,,,,Fused Posterior Predictive,,"[""sensor_0"", ""sensor_1"", ""sensor_2""]"
"[""sensor_0"", ""sensor_1"", ""sensor_2""]",sensor_0,toy_spatial,42,,7.0,1.3185348510742188,1.3185348510742188,1.3185348510742188,0.8009,0.8009,,,,,4.421661376714707,20000,20000,,,20000,,0.2,model_normalized,row,reference,1.0,0.0,1.0,cyclic,Oracle Split Conformal,,"[""sensor_0"", ""sensor_1"", ""sensor_2""]"
"[""sensor_0"", ""sensor_1"", ""sensor_2""]",sensor_0,toy_spatial,42,,7.0,4.30273962020874,4.30273962020874,4.30273962020874,0.801,0.9304,0.801,0.801,,,8.605479675865173,20000,20000,,,20000,,0.2,raw_absolute,row,raw_sensor,1.0,0.0,0.0,cyclic,Held-Out Raw Sensor CP,sensor_0,"[""sensor_1"", ""sensor_2""]"
"[""sensor_0"", ""sensor_1"", ""sensor_2""]",sensor_0,toy_spatial,42,,7.0,7.404709815979004,7.404709815979004,7.404709815979004,0.80735,0.9995,0.80735,0.80735,,,14.809419630384443,20000,20000,,,20000,,0.2,raw_absolute,row,raw_sensor,1.0,0.0,0.0,cyclic,Held-Out Raw Sensor CP,sensor_1,"[""sensor_0"", ""sensor_2""]"
"[""sensor_0"", ""sensor_1"", ""sensor_2""]",sensor_0,toy_spatial,42,,7.0,9.608724594116213,9.608724594116213,9.608724594116213,0.79645,1.0,0.79645,0.79645,,,19.217449184989928,20000,20000,,,20000,,0.2,raw_absolute,row,raw_sensor,1.0,0.0,0.0,cyclic,Held-Out Raw Sensor CP,sensor_2,"[""sensor_0"", ""sensor_1""]"
"[""sensor_0"", ""sensor_1"", ""sensor_2""]",sensor_0,toy_spatial,42,,7.0,1.2815515655446008,,,0.78635,0.78635,,,,,4.297638893127441,20000,0,,0.0,20000,,0.2,none,,,,,,,Fused Posterior Predictive,,"[""sensor_0"", ""sensor_1"", ""sensor_2""]"
"[""sensor_0"", ""sensor_1"", ""sensor_2""]",sensor_0,toy_spatial,42,,8.0,1.3169527053833008,1.3169527053833008,1.3169527053833008,0.79935,0.79935,,,,,4.415813174271584,20000,20000,,,20000,,0.2,model_normalized,row,reference,1.0,0.0,1.0,cyclic,Oracle Split Conformal,,"[""sensor_0"", ""sensor_1"", ""sensor_2""]"
"[""sensor_0"", ""sensor_1"", ""sensor_2""]",sensor_0,toy_spatial,42,,8.0,4.289652824401856,4.289652824401856,4.289652824401856,0.7983,0.92795,0.7983,0.7983,,,8.579305658006668,20000,20000,,,20000,,0.2,raw_absolute,row,raw_sensor,1.0,0.0,0.0,cyclic,Held-Out Raw Sensor CP,sensor_0,"[""sensor_1"", ""sensor_2""]"
"[""sensor_0"", ""sensor_1"", ""sensor_2""]",sensor_0,toy_spatial,42,,8.0,7.344532012939453,7.344532012939453,7.344532012939453,0.8005,0.99965,0.8005,0.8005,,,14.689064028644562,20000,20000,,,20000,,0.2,raw_absolute,row,raw_sensor,1.0,0.0,0.0,cyclic,Held-Out Raw Sensor CP,sensor_1,"[""sensor_0"", ""sensor_2""]"
"[""sensor_0"", ""sensor_1"", ""sensor_2""]",sensor_0,toy_spatial,42,,8.0,9.63480281829834,9.63480281829834,9.63480281829834,0.7988,1.0,0.7988,0.7988,,,19.269605636405945,20000,20000,,,20000,,0.2,raw_absolute,row,raw_sensor,1.0,0.0,0.0,cyclic,Held-Out Raw Sensor CP,sensor_2,"[""sensor_0"", ""sensor_1""]"
"[""sensor_0"", ""sensor_1"", ""sensor_2""]",sensor_0,toy_spatial,42,,8.0,1.2815515655446008,,,0.78785,0.78785,,,,,4.297111511230469,20000,0,,0.0,20000,,0.2,none,,,,,,,Fused Posterior Predictive,,"[""sensor_0"", ""sensor_1"", ""sensor_2""]"
"[""sensor_0"", ""sensor_1"", ""sensor_2""]",sensor_0,toy_spatial,42,,9.0,1.3195395469665527,1.3195395469665527,1.3195395469665527,0.8016,0.8016,,,,,4.424413519048691,20000,20000,,,20000,,0.2,model_normalized,row,reference,1.0,0.0,1.0,cyclic,Oracle Split Conformal,,"[""sensor_0"", ""sensor_1"", ""sensor_2""]"
"[""sensor_0"", ""sensor_1"", ""sensor_2""]",sensor_0,toy_spatial,42,,9.0,4.275997161865234,4.275997161865234,4.275997161865234,0.79545,0.9263,0.79545,0.79545,,,8.551994326114654,20000,20000,,,20000,,0.2,raw_absolute,row,raw_sensor,1.0,0.0,0.0,cyclic,Held-Out Raw Sensor CP,sensor_0,"[""sensor_1"", ""sensor_2""]"
"[""sensor_0"", ""sensor_1"", ""sensor_2""]",sensor_0,toy_spatial,42,,9.0,7.340194702148437,7.340194702148437,7.340194702148437,0.8,0.9995,0.8,0.8,,,14.680389401721955,20000,20000,,,20000,,0.2,raw_absolute,row,raw_sensor,1.0,0.0,0.0,cyclic,Held-Out Raw Sensor CP,sensor_1,"[""sensor_0"", ""sensor_2""]"
"[""sensor_0"", ""sensor_1"", ""sensor_2""]",sensor_0,toy_spatial,42,,9.0,9.666254043579102,9.666254043579102,9.666254043579102,0.8014,1.0,0.8014,0.8014,,,19.332508087444307,20000,20000,,,20000,,0.2,raw_absolute,row,raw_sensor,1.0,0.0,0.0,cyclic,Held-Out Raw Sensor CP,sensor_2,"[""sensor_0"", ""sensor_1""]"
"[""sensor_0"", ""sensor_1"", ""sensor_2""]",sensor_0,toy_spatial,42,,9.0,1.2815515655446008,,,0.7883,0.7883,,,,,4.297039985656738,20000,0,,0.0,20000,,0.2,none,,,,,,,Fused Posterior Predictive,,"[""sensor_0"", ""sensor_1"", ""sensor_2""]"
"[""sensor_0"", ""sensor_1"", ""sensor_2""]",sensor_0,toy_spatial,42,,10.0,1.3136796951293943,1.3136796951293943,1.3136796951293943,0.7969,0.7969,,,,,4.404525017356873,20000,20000,,,20000,,0.2,model_normalized,row,reference,1.0,0.0,1.0,cyclic,Oracle Split Conformal,,"[""sensor_0"", ""sensor_1"", ""sensor_2""]"
"[""sensor_0"", ""sensor_1"", ""sensor_2""]",sensor_0,toy_spatial,42,,10.0,4.322542190551758,4.322542190551758,4.322542190551758,0.80445,0.9334,0.80445,0.80445,,,8.645084381389617,20000,20000,,,20000,,0.2,raw_absolute,row,raw_sensor,1.0,0.0,0.0,cyclic,Held-Out Raw Sensor CP,sensor_0,"[""sensor_1"", ""sensor_2""]"
"[""sensor_0"", ""sensor_1"", ""sensor_2""]",sensor_0,toy_spatial,42,,10.0,7.346843719482422,7.346843719482422,7.346843719482422,0.8009,0.99955,0.8009,0.8009,,,14.693687437725067,20000,20000,,,20000,,0.2,raw_absolute,row,raw_sensor,1.0,0.0,0.0,cyclic,Held-Out Raw Sensor CP,sensor_1,"[""sensor_0"", ""sensor_2""]"
"[""sensor_0"", ""sensor_1"", ""sensor_2""]",sensor_0,toy_spatial,42,,10.0,9.70154857635498,9.70154857635498,9.70154857635498,0.80405,1.0,0.80405,0.80405,,,19.403097147464752,20000,20000,,,20000,,0.2,raw_absolute,row,raw_sensor,1.0,0.0,0.0,cyclic,Held-Out Raw Sensor CP,sensor_2,"[""sensor_0"", ""sensor_1""]"
"[""sensor_0"", ""sensor_1"", ""sensor_2""]",sensor_0,toy_spatial,42,,10.0,1.2815515655446008,,,0.786,0.786,,,,,4.296805381774902,20000,0,,0.0,20000,,0.2,none,,,,,,,Fused Posterior Predictive,,"[""sensor_0"", ""sensor_1"", ""sensor_2""]"
"[""sensor_0"", ""sensor_1"", ""sensor_2""]",sensor_0,toy_spatial,42,,11.0,1.323474645614624,1.323474645614624,1.323474645614624,0.80425,0.80425,,,,,4.437003854870796,20000,20000,,,20000,,0.2,model_normalized,row,reference,1.0,0.0,1.0,cyclic,Oracle Split Conformal,,"[""sensor_0"", ""sensor_1"", ""sensor_2""]"
"[""sensor_0"", ""sensor_1"", ""sensor_2""]",sensor_0,toy_spatial,42,,11.0,4.324838638305664,4.324838638305664,4.324838638305664,0.80485,0.92885,0.80485,0.80485,,,8.649677277040482,20000,20000,,,20000,,0.2,raw_absolute,row,raw_sensor,1.0,0.0,0.0,cyclic,Held-Out Raw Sensor CP,sensor_0,"[""sensor_1"", ""sensor_2""]"
"[""sensor_0"", ""sensor_1"", ""sensor_2""]",sensor_0,toy_spatial,42,,11.0,7.340627670288086,7.340627670288086,7.340627670288086,0.8001,0.9995,0.8001,0.8001,,,14.68125533761978,20000,20000,,,20000,,0.2,raw_absolute,row,raw_sensor,1.0,0.0,0.0,cyclic,Held-Out Raw Sensor CP,sensor_1,"[""sensor_0"", ""sensor_2""]"
"[""sensor_0"", ""sensor_1"", ""sensor_2""]",sensor_0,toy_spatial,42,,11.0,9.700590133666992,9.700590133666992,9.700590133666992,0.8039,1.0,0.8039,0.8039,,,19.40118026561737,20000,20000,,,20000,,0.2,raw_absolute,row,raw_sensor,1.0,0.0,0.0,cyclic,Held-Out Raw Sensor CP,sensor_2,"[""sensor_0"", ""sensor_1""]"
"[""sensor_0"", ""sensor_1"", ""sensor_2""]",sensor_0,toy_spatial,42,,11.0,1.2815515655446008,,,0.7897,0.7897,,,,,4.296454906463623,20000,0,,0.0,20000,,0.2,none,,,,,,,Fused Posterior Predictive,,"[""sensor_0"", ""sensor_1"", ""sensor_2""]"
"[""sensor_0"", ""sensor_1"", ""sensor_2""]",sensor_0,toy_spatial,42,,12.0,1.3238242864608765,1.3238242864608765,1.3238242864608765,0.80445,0.80445,,,,,4.438479957962036,20000,20000,,,20000,,0.2,model_normalized,row,reference,1.0,0.0,1.0,cyclic,Oracle Split Conformal,,"[""sensor_0"", ""sensor_1"", ""sensor_2""]"
"[""sensor_0"", ""sensor_1"", ""sensor_2""]",sensor_0,toy_spatial,42,,12.0,4.274042129516602,4.274042129516602,4.274042129516602,0.795,0.9266,0.795,0.795,,,8.54808425655365,20000,20000,,,20000,,0.2,raw_absolute,row,raw_sensor,1.0,0.0,0.0,cyclic,Held-Out Raw Sensor CP,sensor_0,"[""sensor_1"", ""sensor_2""]"
"[""sensor_0"", ""sensor_1"", ""sensor_2""]",sensor_0,toy_spatial,42,,12.0,7.368719100952148,7.368719100952148,7.368719100952148,0.8037,0.99965,0.8037,0.8037,,,14.73743820376396,20000,20000,,,20000,,0.2,raw_absolute,row,raw_sensor,1.0,0.0,0.0,cyclic,Held-Out Raw Sensor CP,sensor_1,"[""sensor_0"", ""sensor_2""]"
"[""sensor_0"", ""sensor_1"", ""sensor_2""]",sensor_0,toy_spatial,42,,12.0,9.70154857635498,9.70154857635498,9.70154857635498,0.80405,1.0,0.80405,0.80405,,,19.40309717464447,20000,20000,,,20000,,0.2,raw_absolute,row,raw_sensor,1.0,0.0,0.0,cyclic,Held-Out Raw Sensor CP,sensor_2,"[""sensor_0"", ""sensor_1""]"
"[""sensor_0"", ""sensor_1"", ""sensor_2""]",sensor_0,toy_spatial,42,,12.0,1.2815515655446008,,,0.7887,0.7887,,,,,4.296749114990234,20000,0,,0.0,20000,,0.2,none,,,,,,,Fused Posterior Predictive,,"[""sensor_0"", ""sensor_1"", ""sensor_2""]"
"[""sensor_0"", ""sensor_1"", ""sensor_2""]",sensor_0,toy_spatial,42,,13.0,1.3175708055496216,1.3175708055496216,1.3175708055496216,0.7999,0.7999,,,,,4.417579978299141,20000,20000,,,20000,,0.2,model_normalized,row,reference,1.0,0.0,1.0,cyclic,Oracle Split Conformal,,"[""sensor_0"", ""sensor_1"", ""sensor_2""]"
"[""sensor_0"", ""sensor_1"", ""sensor_2""]",sensor_0,toy_spatial,42,,13.0,4.304390907287598,4.304390907287598,4.304390907287598,0.80145,0.9284,0.80145,0.80145,,,8.60878181385994,20000,20000,,,20000,,0.2,raw_absolute,row,raw_sensor,1.0,0.0,0.0,cyclic,Held-Out Raw Sensor CP,sensor_0,"[""sensor_1"", ""sensor_2""]"
"[""sensor_0"", ""sensor_1"", ""sensor_2""]",sensor_0,toy_spatial,42,,13.0,7.352776527404785,7.352776527404785,7.352776527404785,0.80145,0.99945,0.80145,0.80145,,,14.705553053331377,20000,20000,,,20000,,0.2,raw_absolute,row,raw_sensor,1.0,0.0,0.0,cyclic,Held-Out Raw Sensor CP,sensor_1,"[""sensor_0"", ""sensor_2""]"
"[""sensor_0"", ""sensor_1"", ""sensor_2""]",sensor_0,toy_spatial,42,,13.0,9.623892784118652,9.623892784118652,9.623892784118652,0.7977,1.0,0.7977,0.7977,,,19.247785577487942,20000,20000,,,20000,,0.2,raw_absolute,row,raw_sensor,1.0,0.0,0.0,cyclic,Held-Out Raw Sensor CP,sensor_2,"[""sensor_0"", ""sensor_1""]"
"[""sensor_0"", ""sensor_1"", ""sensor_2""]",sensor_0,toy_spatial,42,,13.0,1.2815515655446008,,,0.7867,0.7867,,,,,4.29681396484375,20000,0,,0.0,20000,,0.2,none,,,,,,,Fused Posterior Predictive,,"[""sensor_0"", ""sensor_1"", ""sensor_2""]"
"[""sensor_0"", ""sensor_1"", ""sensor_2""]",sensor_0,toy_spatial,42,,14.0,1.3219105005264282,1.3219105005264282,1.3219105005264282,0.8034,0.8034,,,,,4.432277987217903,20000,20000,,,20000,,0.2,model_normalized,row,reference,1.0,0.0,1.0,cyclic,Oracle Split Conformal,,"[""sensor_0"", ""sensor_1"", ""sensor_2""]"
"[""sensor_0"", ""sensor_1"", ""sensor_2""]",sensor_0,toy_spatial,42,,14.0,4.27250862121582,4.27250862121582,4.27250862121582,0.79455,0.9247,0.79455,0.79455,,,8.545017243671417,20000,20000,,,20000,,0.2,raw_absolute,row,raw_sensor,1.0,0.0,0.0,cyclic,Held-Out Raw Sensor CP,sensor_0,"[""sensor_1"", ""sensor_2""]"
"[""sensor_0"", ""sensor_1"", ""sensor_2""]",sensor_0,toy_spatial,42,,14.0,7.333410263061523,7.333410263061523,7.333410263061523,0.7989,0.9997,0.7989,0.7989,,,14.6668205262661,20000,20000,,,20000,,0.2,raw_absolute,row,raw_sensor,1.0,0.0,0.0,cyclic,Held-Out Raw Sensor CP,sensor_1,"[""sensor_0"", ""sensor_2""]"
"[""sensor_0"", ""sensor_1"", ""sensor_2""]",sensor_0,toy_spatial,42,,14.0,9.67873477935791,9.67873477935791,9.67873477935791,0.80235,1.0,0.80235,0.80235,,,19.35746955194473,20000,20000,,,20000,,0.2,raw_absolute,row,raw_sensor,1.0,0.0,0.0,cyclic,Held-Out Raw Sensor CP,sensor_2,"[""sensor_0"", ""sensor_1""]"
"[""sensor_0"", ""sensor_1"", ""sensor_2""]",sensor_0,toy_spatial,42,,14.0,1.2815515655446008,,,0.78905,0.78905,,,,,4.296957015991211,20000,0,,0.0,20000,,0.2,none,,,,,,,Fused Posterior Predictive,,"[""sensor_0"", ""sensor_1"", ""sensor_2""]"
"[""sensor_0"", ""sensor_1"", ""sensor_2""]",sensor_0,toy_spatial,42,,15.0,1.3159210681915283,1.3159210681915283,1.3159210681915283,0.7983,0.7983,,,,,4.411575238871574,20000,20000,,,20000,,0.2,model_normalized,row,reference,1.0,0.0,1.0,cyclic,Oracle Split Conformal,,"[""sensor_0"", ""sensor_1"", ""sensor_2""]"
"[""sensor_0"", ""sensor_1"", ""sensor_2""]",sensor_0,toy_spatial,42,,15.0,4.326445579528809,4.326445579528809,4.326445579528809,0.80545,0.92965,0.80545,0.80545,,,8.652891161346435,20000,20000,,,20000,,0.2,raw_absolute,row,raw_sensor,1.0,0.0,0.0,cyclic,Held-Out Raw Sensor CP,sensor_0,"[""sensor_1"", ""sensor_2""]"
"[""sensor_0"", ""sensor_1"", ""sensor_2""]",sensor_0,toy_spatial,42,,15.0,7.37544059753418,7.37544059753418,7.37544059753418,0.8045,0.99965,0.8045,0.8045,,,14.750881195545196,20000,20000,,,20000,,0.2,raw_absolute,row,raw_sensor,1.0,0.0,0.0,cyclic,Held-Out Raw Sensor CP,sensor_1,"[""sensor_0"", ""sensor_2""]"
"[""sensor_0"", ""sensor_1"", ""sensor_2""]",sensor_0,toy_spatial,42,,15.0,9.703857421875,9.703857421875,9.703857421875,0.8043,1.0,0.8043,0.8043,,,19.407714843463896,20000,20000,,,20000,,0.2,raw_absolute,row,raw_sensor,1.0,0.0,0.0,cyclic,Held-Out Raw Sensor CP,sensor_2,"[""sensor_0"", ""sensor_1""]"
"[""sensor_0"", ""sensor_1"", ""sensor_2""]",sensor_0,toy_spatial,42,,15.0,1.2815515655446008,,,0.78595,0.78595,,,,,4.296352863311768,20000,0,,0.0,20000,,0.2,none,,,,,,,Fused Posterior Predictive,,"[""sensor_0"", ""sensor_1"", ""sensor_2""]"
"[""sensor_0"", ""sensor_1"", ""sensor_2""]",sensor_0,toy_spatial,42,,16.0,1.3201079368591309,1.3201079368591309,1.3201079368591309,0.80215,0.80215,,,,,4.426066041970253,20000,20000,,,20000,,0.2,model_normalized,row,reference,1.0,0.0,1.0,cyclic,Oracle Split Conformal,,"[""sensor_0"", ""sensor_1"", ""sensor_2""]"
"[""sensor_0"", ""sensor_1"", ""sensor_2""]",sensor_0,toy_spatial,42,,16.0,4.325412750244141,4.325412750244141,4.325412750244141,0.80505,0.92885,0.80505,0.80505,,,8.65082550263405,20000,20000,,,20000,,0.2,raw_absolute,row,raw_sensor,1.0,0.0,0.0,cyclic,Held-Out Raw Sensor CP,sensor_0,"[""sensor_1"", ""sensor_2""]"
"[""sensor_0"", ""sensor_1"", ""sensor_2""]",sensor_0,toy_spatial,42,,16.0,7.368980407714844,7.368980407714844,7.368980407714844,0.80375,0.99965,0.80375,0.80375,,,14.737960812854768,20000,20000,,,20000,,0.2,raw_absolute,row,raw_sensor,1.0,0.0,0.0,cyclic,Held-Out Raw Sensor CP,sensor_1,"[""sensor_0"", ""sensor_2""]"
"[""sensor_0"", ""sensor_1"", ""sensor_2""]",sensor_0,toy_spatial,42,,16.0,9.641258239746094,9.641258239746094,9.641258239746094,0.7992,1.0,0.7992,0.7992,,,19.28251648206711,20000,20000,,,20000,,0.2,raw_absolute,row,raw_sensor,1.0,0.0,0.0,cyclic,Held-Out Raw Sensor CP,sensor_2,"[""sensor_0"", ""sensor_1""]"
"[""sensor_0"", ""sensor_1"", ""sensor_2""]",sensor_0,toy_spatial,42,,16.0,1.2815515655446008,,,0.78815,0.78815,,,,,4.2967939376831055,20000,0,,0.0,20000,,0.2,none,,,,,,,Fused Posterior Predictive,,"[""sensor_0"", ""sensor_1"", ""sensor_2""]"
"[""sensor_0"", ""sensor_1"", ""sensor_2""]",sensor_0,toy_spatial,42,,17.0,1.315664529800415,1.315664529800415,1.315664529800415,0.79815,0.79815,,,,,4.411517189645768,20000,20000,,,20000,,0.2,model_normalized,row,reference,1.0,0.0,1.0,cyclic,Oracle Split Conformal,,"[""sensor_0"", ""sensor_1"", ""sensor_2""]"
"[""sensor_0"", ""sensor_1"", ""sensor_2""]",sensor_0,toy_spatial,42,,17.0,4.313621520996094,4.313621520996094,4.313621520996094,0.8032,0.92845,0.8032,0.8032,,,8.627243047094344,20000,20000,,,20000,,0.2,raw_absolute,row,raw_sensor,1.0,0.0,0.0,cyclic,Held-Out Raw Sensor CP,sensor_0,"[""sensor_1"", ""sensor_2""]"
"[""sensor_0"", ""sensor_1"", ""sensor_2""]",sensor_0,toy_spatial,42,,17.0,7.355323791503906,7.355323791503906,7.355323791503906,0.80165,0.99965,0.80165,0.80165,,,14.710647576665878,20000,20000,,,20000,,0.2,raw_absolute,row,raw_sensor,1.0,0.0,0.0,cyclic,Held-Out Raw Sensor CP,sensor_1,"[""sensor_0"", ""sensor_2""]"
"[""sensor_0"", ""sensor_1"", ""sensor_2""]",sensor_0,toy_spatial,42,,17.0,9.569276809692385,9.569276809692385,9.569276809692385,0.7934,1.0,0.7934,0.7934,,,19.13855361671448,20000,20000,,,20000,,0.2,raw_absolute,row,raw_sensor,1.0,0.0,0.0,cyclic,Held-Out Raw Sensor CP,sensor_2,"[""sensor_0"", ""sensor_1""]"
"[""sensor_0"", ""sensor_1"", ""sensor_2""]",sensor_0,toy_spatial,42,,17.0,1.2815515655446008,,,0.7868,0.7868,,,,,4.297134399414063,20000,0,,0.0,20000,,0.2,none,,,,,,,Fused Posterior Predictive,,"[""sensor_0"", ""sensor_1"", ""sensor_2""]"
"[""sensor_0"", ""sensor_1"", ""sensor_2""]",sensor_0,toy_spatial,42,,18.0,1.320466160774231,1.320466160774231,1.320466160774231,0.80245,0.80245,,,,,4.427295295119285,20000,20000,,,20000,,0.2,model_normalized,row,reference,1.0,0.0,1.0,cyclic,Oracle Split Conformal,,"[""sensor_0"", ""sensor_1"", ""sensor_2""]"
"[""sensor_0"", ""sensor_1"", ""sensor_2""]",sensor_0,toy_spatial,42,,18.0,4.291383743286133,4.291383743286133,4.291383743286133,0.79875,0.92785,0.79875,0.79875,,,8.582767484951018,20000,20000,,,20000,,0.2,raw_absolute,row,raw_sensor,1.0,0.0,0.0,cyclic,Held-Out Raw Sensor CP,sensor_0,"[""sensor_1"", ""sensor_2""]"
"[""sensor_0"", ""sensor_1"", ""sensor_2""]",sensor_0,toy_spatial,42,,18.0,7.28190803527832,7.28190803527832,7.28190803527832,0.79235,0.99955,0.79235,0.79235,,,14.563816072893143,20000,20000,,,20000,,0.2,raw_absolute,row,raw_sensor,1.0,0.0,0.0,cyclic,Held-Out Raw Sensor CP,sensor_1,"[""sensor_0"", ""sensor_2""]"
"[""sensor_0"", ""sensor_1"", ""sensor_2""]",sensor_0,toy_spatial,42,,18.0,9.663009643554688,9.663009643554688,9.663009643554688,0.8011,1.0,0.8011,0.8011,,,19.326019289016724,20000,20000,,,20000,,0.2,raw_absolute,row,raw_sensor,1.0,0.0,0.0,cyclic,Held-Out Raw Sensor CP,sensor_2,"[""sensor_0"", ""sensor_1""]"
"[""sensor_0"", ""sensor_1"", ""sensor_2""]",sensor_0,toy_spatial,42,,18.0,1.2815515655446008,,,0.78805,0.78805,,,,,4.29682207107544,20000,0,,0.0,20000,,0.2,none,,,,,,,Fused Posterior Predictive,,"[""sensor_0"", ""sensor_1"", ""sensor_2""]"
"[""sensor_0"", ""sensor_1"", ""sensor_2""]",sensor_0,toy_spatial,42,,19.0,1.3220131397247314,1.3220131397247314,1.3220131397247314,0.8035,0.8035,,,,,4.433319807004929,20000,20000,,,20000,,0.2,model_normalized,row,reference,1.0,0.0,1.0,cyclic,Oracle Split Conformal,,"[""sensor_0"", ""sensor_1"", ""sensor_2""]"
"[""sensor_0"", ""sensor_1"", ""sensor_2""]",sensor_0,toy_spatial,42,,19.0,4.274051666259766,4.274051666259766,4.274051666259766,0.79505,0.9268,0.79505,0.79505,,,8.548103334903717,20000,20000,,,20000,,0.2,raw_absolute,row,raw_sensor,1.0,0.0,0.0,cyclic,Held-Out Raw Sensor CP,sensor_0,"[""sensor_1"", ""sensor_2""]"
"[""sensor_0"", ""sensor_1"", ""sensor_2""]",sensor_0,toy_spatial,42,,19.0,7.364808082580566,7.364808082580566,7.364808082580566,0.80325,0.99945,0.80325,0.80325,,,14.729616155815124,20000,20000,,,20000,,0.2,raw_absolute,row,raw_sensor,1.0,0.0,0.0,cyclic,Held-Out Raw Sensor CP,sensor_1,"[""sensor_0"", ""sensor_2""]"
"[""sensor_0"", ""sensor_1"", ""sensor_2""]",sensor_0,toy_spatial,42,,19.0,9.675472259521484,9.675472259521484,9.675472259521484,0.8022,1.0,0.8022,0.8022,,,19.350944520378118,20000,20000,,,20000,,0.2,raw_absolute,row,raw_sensor,1.0,0.0,0.0,cyclic,Held-Out Raw Sensor CP,sensor_2,"[""sensor_0"", ""sensor_1""]"
"[""sensor_0"", ""sensor_1"", ""sensor_2""]",sensor_0,toy_spatial,42,,19.0,1.2815515655446008,,,0.78845,0.78845,,,,,4.297633647918701,20000,0,,0.0,20000,,0.2,none,,,,,,,Fused Posterior Predictive,,"[""sensor_0"", ""sensor_1"", ""sensor_2""]"
"[""sensor_0"", ""sensor_1"", ""sensor_2""]",sensor_0,toy_spatial,42,,20.0,1.3078995943069458,1.3078995943069458,1.3078995943069458,0.79315,0.79315,,,,,4.384955660200119,20000,20000,,,20000,,0.2,model_normalized,row,reference,1.0,0.0,1.0,cyclic,Oracle Split Conformal,,"[""sensor_0"", ""sensor_1"", ""sensor_2""]"
"[""sensor_0"", ""sensor_1"", ""sensor_2""]",sensor_0,toy_spatial,42,,20.0,4.281282424926758,4.281282424926758,4.281282424926758,0.79655,0.9258,0.79655,0.79655,,,8.562564846324921,20000,20000,,,20000,,0.2,raw_absolute,row,raw_sensor,1.0,0.0,0.0,cyclic,Held-Out Raw Sensor CP,sensor_0,"[""sensor_1"", ""sensor_2""]"
"[""sensor_0"", ""sensor_1"", ""sensor_2""]",sensor_0,toy_spatial,42,,20.0,7.288912773132324,7.288912773132324,7.288912773132324,0.7935,0.99945,0.7935,0.7935,,,14.577825561332702,20000,20000,,,20000,,0.2,raw_absolute,row,raw_sensor,1.0,0.0,0.0,cyclic,Held-Out Raw Sensor CP,sensor_1,"[""sensor_0"", ""sensor_2""]"
"[""sensor_0"", ""sensor_1"", ""sensor_2""]",sensor_0,toy_spatial,42,,20.0,9.555659294128418,9.555659294128418,9.555659294128418,0.79215,1.0,0.79215,0.79215,,,19.1113185962677,20000,20000,,,20000,,0.2,raw_absolute,row,raw_sensor,1.0,0.0,0.0,cyclic,Held-Out Raw Sensor CP,sensor_2,"[""sensor_0"", ""sensor_1""]"
"[""sensor_0"", ""sensor_1"", ""sensor_2""]",sensor_0,toy_spatial,42,,20.0,1.2815515655446008,,,0.78435,0.78435,,,,,4.296619415283203,20000,0,,0.0,20000,,0.2,none,,,,,,,Fused Posterior Predictive,,"[""sensor_0"", ""sensor_1"", ""sensor_2""]"
"[""sensor_0"", ""sensor_1"", ""sensor_2""]",sensor_0,toy_spatial,42,,21.0,1.3257368803024292,1.3257368803024292,1.3257368803024292,0.8057,0.8057,,,,,4.445021947693824,20000,20000,,,20000,,0.2,model_normalized,row,reference,1.0,0.0,1.0,cyclic,Oracle Split Conformal,,"[""sensor_0"", ""sensor_1"", ""sensor_2""]"
"[""sensor_0"", ""sensor_1"", ""sensor_2""]",sensor_0,toy_spatial,42,,21.0,4.296974182128906,4.296974182128906,4.296974182128906,0.79985,0.9304,0.79985,0.79985,,,8.593948363018036,20000,20000,,,20000,,0.2,raw_absolute,row,raw_sensor,1.0,0.0,0.0,cyclic,Held-Out Raw Sensor CP,sensor_0,"[""sensor_1"", ""sensor_2""]"
"[""sensor_0"", ""sensor_1"", ""sensor_2""]",sensor_0,toy_spatial,42,,21.0,7.393056869506836,7.393056869506836,7.393056869506836,0.80615,0.9994,0.80615,0.80615,,,14.786113741636276,20000,20000,,,20000,,0.2,raw_absolute,row,raw_sensor,1.0,0.0,0.0,cyclic,Held-Out Raw Sensor CP,sensor_1,"[""sensor_0"", ""sensor_2""]"
"[""sensor_0"", ""sensor_1"", ""sensor_2""]",sensor_0,toy_spatial,42,,21.0,9.559362411499023,9.559362411499023,9.559362411499023,0.7924,1.0,0.7924,0.7924,,,19.11872481899261,20000,20000,,,20000,,0.2,raw_absolute,row,raw_sensor,1.0,0.0,0.0,cyclic,Held-Out Raw Sensor CP,sensor_2,"[""sensor_0"", ""sensor_1""]"
"[""sensor_0"", ""sensor_1"", ""sensor_2""]",sensor_0,toy_spatial,42,,21.0,1.2815515655446008,,,0.7908,0.7908,,,,,4.296874046325684,20000,0,,0.0,20000,,0.2,none,,,,,,,Fused Posterior Predictive,,"[""sensor_0"", ""sensor_1"", ""sensor_2""]"
"[""sensor_0"", ""sensor_1"", ""sensor_2""]",sensor_0,toy_spatial,42,,22.0,1.3094946146011353,1.3094946146011353,1.3094946146011353,0.79455,0.79455,,,,,4.390904698038101,20000,20000,,,20000,,0.2,model_normalized,row,reference,1.0,0.0,1.0,cyclic,Oracle Split Conformal,,"[""sensor_0"", ""sensor_1"", ""sensor_2""]"
"[""sensor_0"", ""sensor_1"", ""sensor_2""]",sensor_0,toy_spatial,42,,22.0,4.303043365478516,4.303043365478516,4.303043365478516,0.8011,0.92845,0.8011,0.8011,,,8.606086732578278,20000,20000,,,20000,,0.2,raw_absolute,row,raw_sensor,1.0,0.0,0.0,cyclic,Held-Out Raw Sensor CP,sensor_0,"[""sensor_1"", ""sensor_2""]"
"[""sensor_0"", ""sensor_1"", ""sensor_2""]",sensor_0,toy_spatial,42,,22.0,7.404709815979004,7.404709815979004,7.404709815979004,0.80735,0.99965,0.80735,0.80735,,,14.80941962480545,20000,20000,,,20000,,0.2,raw_absolute,row,raw_sensor,1.0,0.0,0.0,cyclic,Held-Out Raw Sensor CP,sensor_1,"[""sensor_0"", ""sensor_2""]"
"[""sensor_0"", ""sensor_1"", ""sensor_2""]",sensor_0,toy_spatial,42,,22.0,9.67873477935791,9.67873477935791,9.67873477935791,0.80235,1.0,0.80235,0.80235,,,19.35746954402924,20000,20000,,,20000,,0.2,raw_absolute,row,raw_sensor,1.0,0.0,0.0,cyclic,Held-Out Raw Sensor CP,sensor_2,"[""sensor_0"", ""sensor_1""]"
"[""sensor_0"", ""sensor_1"", ""sensor_2""]",sensor_0,toy_spatial,42,,22.0,1.2815515655446008,,,0.785,0.785,,,,,4.297208309173584,20000,0,,0.0,20000,,0.2,none,,,,,,,Fused Posterior Predictive,,"[""sensor_0"", ""sensor_1"", ""sensor_2""]"
"[""sensor_0"", ""sensor_1"", ""sensor_2""]",sensor_0,toy_spatial,42,,23.0,1.3166546821594238,1.3166546821594238,1.3166546821594238,0.7991,0.7991,,,,,4.414322881627083,20000,20000,,,20000,,0.2,model_normalized,row,reference,1.0,0.0,1.0,cyclic,Oracle Split Conformal,,"[""sensor_0"", ""sensor_1"", ""sensor_2""]"
"[""sensor_0"", ""sensor_1"", ""sensor_2""]",sensor_0,toy_spatial,42,,23.0,4.271718978881836,4.271718978881836,4.271718978881836,0.7943,0.92635,0.7943,0.7943,,,8.543437956523896,20000,20000,,,20000,,0.2,raw_absolute,row,raw_sensor,1.0,0.0,0.0,cyclic,Held-Out Raw Sensor CP,sensor_0,"[""sensor_1"", ""sensor_2""]"
"[""sensor_0"", ""sensor_1"", ""sensor_2""]",sensor_0,toy_spatial,42,,23.0,7.344532012939453,7.344532012939453,7.344532012939453,0.8005,0.99955,0.8005,0.8005,,,14.689064025688172,20000,20000,,,20000,,0.2,raw_absolute,row,raw_sensor,1.0,0.0,0.0,cyclic,Held-Out Raw Sensor CP,sensor_1,"[""sensor_0"", ""sensor_2""]"
"[""sensor_0"", ""sensor_1"", ""sensor_2""]",sensor_0,toy_spatial,42,,23.0,9.612432479858398,9.612432479858398,9.612432479858398,0.7967,1.0,0.7967,0.7967,,,19.224864955234526,20000,20000,,,20000,,0.2,raw_absolute,row,raw_sensor,1.0,0.0,0.0,cyclic,Held-Out Raw Sensor CP,sensor_2,"[""sensor_0"", ""sensor_1""]"
"[""sensor_0"", ""sensor_1"", ""sensor_2""]",sensor_0,toy_spatial,42,,23.0,1.2815515655446008,,,0.7866,0.7866,,,,,4.296633720397949,20000,0,,0.0,20000,,0.2,none,,,,,,,Fused Posterior Predictive,,"[""sensor_0"", ""sensor_1"", ""sensor_2""]"
"[""sensor_0"", ""sensor_1"", ""sensor_2""]",sensor_0,toy_spatial,42,,24.0,1.3166546821594238,1.3166546821594238,1.3166546821594238,0.7991,0.7991,,,,,4.413787316513061,20000,20000,,,20000,,0.2,model_normalized,row,reference,1.0,0.0,1.0,cyclic,Oracle Split Conformal,,"[""sensor_0"", ""sensor_1"", ""sensor_2""]"
"[""sensor_0"", ""sensor_1"", ""sensor_2""]",sensor_0,toy_spatial,42,,24.0,4.289716720581055,4.289716720581055,4.289716720581055,0.79835,0.92705,0.79835,0.79835,,,8.579433437681198,20000,20000,,,20000,,0.2,raw_absolute,row,raw_sensor,1.0,0.0,0.0,cyclic,Held-Out Raw Sensor CP,sensor_0,"[""sensor_1"", ""sensor_2""]"
"[""sensor_0"", ""sensor_1"", ""sensor_2""]",sensor_0,toy_spatial,42,,24.0,7.344687461853027,7.344687461853027,7.344687461853027,0.80055,0.9994,0.80055,0.80055,,,14.68937493071556,20000,20000,,,20000,,0.2,raw_absolute,row,raw_sensor,1.0,0.0,0.0,cyclic,Held-Out Raw Sensor CP,sensor_1,"[""sensor_0"", ""sensor_2""]"
"[""sensor_0"", ""sensor_1"", ""sensor_2""]",sensor_0,toy_spatial,42,,24.0,9.65456199645996,9.65456199645996,9.65456199645996,0.80025,1.0,0.80025,0.80025,,,19.30912398710251,20000,20000,,,20000,,0.2,raw_absolute,row,raw_sensor,1.0,0.0,0.0,cyclic,Held-Out Raw Sensor CP,sensor_2,"[""sensor_0"", ""sensor_1""]"
"[""sensor_0"", ""sensor_1"", ""sensor_2""]",sensor_0,toy_spatial,42,,24.0,1.2815515655446008,,,0.78645,0.78645,,,,,4.296112060546875,20000,0,,0.0,20000,,0.2,none,,,,,,,Fused Posterior Predictive,,"[""sensor_0"", ""sensor_1"", ""sensor_2""]"
"[""sensor_0"", ""sensor_1"", ""sensor_2""]",sensor_0,toy_spatial,42,,25.0,1.3099596500396729,1.3099596500396729,1.3099596500396729,0.7949,0.7949,,,,,4.391817468476296,20000,20000,,,20000,,0.2,model_normalized,row,reference,1.0,0.0,1.0,cyclic,Oracle Split Conformal,,"[""sensor_0"", ""sensor_1"", ""sensor_2""]"
"[""sensor_0"", ""sensor_1"", ""sensor_2""]",sensor_0,toy_spatial,42,,25.0,4.294678688049316,4.294678688049316,4.294678688049316,0.79945,0.92545,0.79945,0.79945,,,8.58935737543106,20000,20000,,,20000,,0.2,raw_absolute,row,raw_sensor,1.0,0.0,0.0,cyclic,Held-Out Raw Sensor CP,sensor_0,"[""sensor_1"", ""sensor_2""]"
"[""sensor_0"", ""sensor_1"", ""sensor_2""]",sensor_0,toy_spatial,42,,25.0,7.361988067626953,7.361988067626953,7.361988067626953,0.80275,0.99955,0.80275,0.80275,,,14.723976130867005,20000,20000,,,20000,,0.2,raw_absolute,row,raw_sensor,1.0,0.0,0.0,cyclic,Held-Out Raw Sensor CP,sensor_1,"[""sensor_0"", ""sensor_2""]"
"[""sensor_0"", ""sensor_1"", ""sensor_2""]",sensor_0,toy_spatial,42,,25.0,9.725162506103516,9.725162506103516,9.725162506103516,0.806,1.0,0.806,0.806,,,19.450325016689305,20000,20000,,,20000,,0.2,raw_absolute,row,raw_sensor,1.0,0.0,0.0,cyclic,Held-Out Raw Sensor CP,sensor_2,"[""sensor_0"", ""sensor_1""]"
"[""sensor_0"", ""sensor_1"", ""sensor_2""]",sensor_0,toy_spatial,42,,25.0,1.2815515655446008,,,0.7841,0.7841,,,,,4.296575546264648,20000,0,,0.0,20000,,0.2,none,,,,,,,Fused Posterior Predictive,,"[""sensor_0"", ""sensor_1"", ""sensor_2""]"
"[""sensor_0"", ""sensor_1"", ""sensor_2""]",sensor_0,toy_spatial,42,,26.0,1.324012041091919,1.324012041091919,1.324012041091919,0.80455,0.80455,,,,,4.438842948007584,20000,20000,,,20000,,0.2,model_normalized,row,reference,1.0,0.0,1.0,cyclic,Oracle Split Conformal,,"[""sensor_0"", ""sensor_1"", ""sensor_2""]"
"[""sensor_0"", ""sensor_1"", ""sensor_2""]",sensor_0,toy_spatial,42,,26.0,4.308380126953125,4.308380126953125,4.308380126953125,0.8025,0.9315,0.8025,0.8025,,,8.616760255479813,20000,20000,,,20000,,0.2,raw_absolute,row,raw_sensor,1.0,0.0,0.0,cyclic,Held-Out Raw Sensor CP,sensor_0,"[""sensor_1"", ""sensor_2""]"
"[""sensor_0"", ""sensor_1"", ""sensor_2""]",sensor_0,toy_spatial,42,,26.0,7.324165344238281,7.324165344238281,7.324165344238281,0.7976,0.9995,0.7976,0.7976,,,14.648330684947968,20000,20000,,,20000,,0.2,raw_absolute,row,raw_sensor,1.0,0.0,0.0,cyclic,Held-Out Raw Sensor CP,sensor_1,"[""sensor_0"", ""sensor_2""]"
"[""sensor_0"", ""sensor_1"", ""sensor_2""]",sensor_0,toy_spatial,42,,26.0,9.639934539794922,9.639934539794922,9.639934539794922,0.79905,1.0,0.79905,0.79905,,,19.27986908369064,20000,20000,,,20000,,0.2,raw_absolute,row,raw_sensor,1.0,0.0,0.0,cyclic,Held-Out Raw Sensor CP,sensor_2,"[""sensor_0"", ""sensor_1""]"
"[""sensor_0"", ""sensor_1"", ""sensor_2""]",sensor_0,toy_spatial,42,,26.0,1.2815515655446008,,,0.7899,0.7899,,,,,4.296491622924805,20000,0,,0.0,20000,,0.2,none,,,,,,,Fused Posterior Predictive,,"[""sensor_0"", ""sensor_1"", ""sensor_2""]"
"[""sensor_0"", ""sensor_1"", ""sensor_2""]",sensor_0,toy_spatial,42,,27.0,1.317599892616272,1.317599892616272,1.317599892616272,0.79995,0.79995,,,,,4.4167247482299805,20000,20000,,,20000,,0.2,model_normalized,row,reference,1.0,0.0,1.0,cyclic,Oracle Split Conformal,,"[""sensor_0"", ""sensor_1"", ""sensor_2""]"
"[""sensor_0"", ""sensor_1"", ""sensor_2""]",sensor_0,toy_spatial,42,,27.0,4.287469863891602,4.287469863891602,4.287469863891602,0.7976,0.9295,0.7976,0.7976,,,8.574939724254609,20000,20000,,,20000,,0.2,raw_absolute,row,raw_sensor,1.0,0.0,0.0,cyclic,Held-Out Raw Sensor CP,sensor_0,"[""sensor_1"", ""sensor_2""]"
"[""sensor_0"", ""sensor_1"", ""sensor_2""]",sensor_0,toy_spatial,42,,27.0,7.401594161987305,7.401594161987305,7.401594161987305,0.8069,0.99955,0.8069,0.8069,,,14.803188324356078,20000,20000,,,20000,,0.2,raw_absolute,row,raw_sensor,1.0,0.0,0.0,cyclic,Held-Out Raw Sensor CP,sensor_1,"[""sensor_0"", ""sensor_2""]"
"[""sensor_0"", ""sensor_1"", ""sensor_2""]",sensor_0,toy_spatial,42,,27.0,9.709716796875,9.709716796875,9.709716796875,0.80495,1.0,0.80495,0.80495,,,19.419433593463896,20000,20000,,,20000,,0.2,raw_absolute,row,raw_sensor,1.0,0.0,0.0,cyclic,Held-Out Raw Sensor CP,sensor_2,"[""sensor_0"", ""sensor_1""]"
"[""sensor_0"", ""sensor_1"", ""sensor_2""]",sensor_0,toy_spatial,42,,27.0,1.2815515655446008,,,0.78725,0.78725,,,,,4.295887470245361,20000,0,,0.0,20000,,0.2,none,,,,,,,Fused Posterior Predictive,,"[""sensor_0"", ""sensor_1"", ""sensor_2""]"
"[""sensor_0"", ""sensor_1"", ""sensor_2""]",sensor_0,toy_spatial,42,,28.0,1.325008988380432,1.325008988380432,1.325008988380432,0.8051,0.8051,,,,,4.442660127472878,20000,20000,,,20000,,0.2,model_normalized,row,reference,1.0,0.0,1.0,cyclic,Oracle Split Conformal,,"[""sensor_0"", ""sensor_1"", ""sensor_2""]"
"[""sensor_0"", ""sensor_1"", ""sensor_2""]",sensor_0,toy_spatial,42,,28.0,4.302041053771973,4.302041053771973,4.302041053771973,0.8008,0.92945,0.8008,0.8008,,,8.60408210606575,20000,20000,,,20000,,0.2,raw_absolute,row,raw_sensor,1.0,0.0,0.0,cyclic,Held-Out Raw Sensor CP,sensor_0,"[""sensor_1"", ""sensor_2""]"
"[""sensor_0"", ""sensor_1"", ""sensor_2""]",sensor_0,toy_spatial,42,,28.0,7.352705001831055,7.352705001831055,7.352705001831055,0.8014,0.9996,0.8014,0.8014,,,14.70541000146866,20000,20000,,,20000,,0.2,raw_absolute,row,raw_sensor,1.0,0.0,0.0,cyclic,Held-Out Raw Sensor CP,sensor_1,"[""sensor_0"", ""sensor_2""]"
"[""sensor_0"", ""sensor_1"", ""sensor_2""]",sensor_0,toy_spatial,42,,28.0,9.637279510498049,9.637279510498049,9.637279510498049,0.7989,1.0,0.7989,0.7989,,,19.27455901994705,20000,20000,,,20000,,0.2,raw_absolute,row,raw_sensor,1.0,0.0,0.0,cyclic,Held-Out Raw Sensor CP,sensor_2,"[""sensor_0"", ""sensor_1""]"
"[""sensor_0"", ""sensor_1"", ""sensor_2""]",sensor_0,toy_spatial,42,,28.0,1.2815515655446008,,,0.78885,0.78885,,,,,4.296950817108154,20000,0,,0.0,20000,,0.2,none,,,,,,,Fused Posterior Predictive,,"[""sensor_0"", ""sensor_1"", ""sensor_2""]"
"[""sensor_0"", ""sensor_1"", ""sensor_2""]",sensor_0,toy_spatial,42,,29.0,1.316843867301941,1.316843867301941,1.316843867301941,0.7993,0.7993,,,,,4.414581849002838,20000,20000,,,20000,,0.2,model_normalized,row,reference,1.0,0.0,1.0,cyclic,Oracle Split Conformal,,"[""sensor_0"", ""sensor_1"", ""sensor_2""]"
"[""sensor_0"", ""sensor_1"", ""sensor_2""]",sensor_0,toy_spatial,42,,29.0,4.294713497161865,4.294713497161865,4.294713497161865,0.7995,0.92965,0.7995,0.7995,,,8.589427435064316,20000,20000,,,20000,,0.2,raw_absolute,row,raw_sensor,1.0,0.0,0.0,cyclic,Held-Out Raw Sensor CP,sensor_0,"[""sensor_1"", ""sensor_2""]"
"[""sensor_0"", ""sensor_1"", ""sensor_2""]",sensor_0,toy_spatial,42,,29.0,7.334228515625,7.334228515625,7.334228515625,0.799,0.99935,0.799,0.799,,,14.668457029247284,20000,20000,,,20000,,0.2,raw_absolute,row,raw_sensor,1.0,0.0,0.0,cyclic,Held-Out Raw Sensor CP,sensor_1,"[""sensor_0"", ""sensor_2""]"
"[""sensor_0"", ""sensor_1"", ""sensor_2""]",sensor_0,toy_spatial,42,,29.0,9.594207763671877,9.594207763671877,9.594207763671877,0.79535,1.0,0.79535,0.79535,,,19.188415525627136,20000,20000,,,20000,,0.2,raw_absolute,row,raw_sensor,1.0,0.0,0.0,cyclic,Held-Out Raw Sensor CP,sensor_2,"[""sensor_0"", ""sensor_1""]"
"[""sensor_0"", ""sensor_1"", ""sensor_2""]",sensor_0,toy_spatial,42,,29.0,1.2815515655446008,,,0.78655,0.78655,,,,,4.296268463134766,20000,0,,0.0,20000,,0.2,none,,,,,,,Fused Posterior Predictive,,"[""sensor_0"", ""sensor_1"", ""sensor_2""]"
"[""sensor_0"", ""sensor_1"", ""sensor_2""]",sensor_0,toy_spatial,42,,30.0,1.325008988380432,1.325008988380432,1.325008988380432,0.8051,0.8051,,,,,4.44206198387146,20000,20000,,,20000,,0.2,model_normalized,row,reference,1.0,0.0,1.0,cyclic,Oracle Split Conformal,,"[""sensor_0"", ""sensor_1"", ""sensor_2""]"
"[""sensor_0"", ""sensor_1"", ""sensor_2""]",sensor_0,toy_spatial,42,,30.0,4.289716720581055,4.289716720581055,4.289716720581055,0.79835,0.93035,0.79835,0.79835,,,8.579433444023133,20000,20000,,,20000,,0.2,raw_absolute,row,raw_sensor,1.0,0.0,0.0,cyclic,Held-Out Raw Sensor CP,sensor_0,"[""sensor_1"", ""sensor_2""]"
"[""sensor_0"", ""sensor_1"", ""sensor_2""]",sensor_0,toy_spatial,42,,30.0,7.359258651733398,7.359258651733398,7.359258651733398,0.8021,0.99955,0.8021,0.8021,,,14.718517306947708,20000,20000,,,20000,,0.2,raw_absolute,row,raw_sensor,1.0,0.0,0.0,cyclic,Held-Out Raw Sensor CP,sensor_1,"[""sensor_0"", ""sensor_2""]"
"[""sensor_0"", ""sensor_1"", ""sensor_2""]",sensor_0,toy_spatial,42,,30.0,9.624890327453612,9.624890327453612,9.624890327453612,0.7979,1.0,0.7979,0.7979,,,19.249780653095247,20000,20000,,,20000,,0.2,raw_absolute,row,raw_sensor,1.0,0.0,0.0,cyclic,Held-Out Raw Sensor CP,sensor_2,"[""sensor_0"", ""sensor_1""]"
"[""sensor_0"", ""sensor_1"", ""sensor_2""]",sensor_0,toy_spatial,42,,30.0,1.2815515655446008,,,0.78995,0.78995,,,,,4.296371936798096,20000,0,,0.0,20000,,0.2,none,,,,,,,Fused Posterior Predictive,,"[""sensor_0"", ""sensor_1"", ""sensor_2""]"
"[""sensor_0"", ""sensor_1"", ""sensor_2""]",sensor_0,toy_spatial,42,,31.0,1.331628680229187,1.331628680229187,1.331628680229187,0.80895,0.80895,,,,,4.465068135404587,20000,20000,,,20000,,0.2,model_normalized,row,reference,1.0,0.0,1.0,cyclic,Oracle Split Conformal,,"[""sensor_0"", ""sensor_1"", ""sensor_2""]"
"[""sensor_0"", ""sensor_1"", ""sensor_2""]",sensor_0,toy_spatial,42,,31.0,4.310356140136719,4.310356140136719,4.310356140136719,0.8027,0.93165,0.8027,0.8027,,,8.620712283277511,20000,20000,,,20000,,0.2,raw_absolute,row,raw_sensor,1.0,0.0,0.0,cyclic,Held-Out Raw Sensor CP,sensor_0,"[""sensor_1"", ""sensor_2""]"
"[""sensor_0"", ""sensor_1"", ""sensor_2""]",sensor_0,toy_spatial,42,,31.0,7.326701164245605,7.326701164245605,7.326701164245605,0.7979,0.99955,0.7979,0.7979,,,14.653402327680588,20000,20000,,,20000,,0.2,raw_absolute,row,raw_sensor,1.0,0.0,0.0,cyclic,Held-Out Raw Sensor CP,sensor_1,"[""sensor_0"", ""sensor_2""]"
"[""sensor_0"", ""sensor_1"", ""sensor_2""]",sensor_0,toy_spatial,42,,31.0,9.689966201782228,9.689966201782228,9.689966201782228,0.80315,1.0,0.80315,0.80315,,,19.3799324090004,20000,20000,,,20000,,0.2,raw_absolute,row,raw_sensor,1.0,0.0,0.0,cyclic,Held-Out Raw Sensor CP,sensor_2,"[""sensor_0"", ""sensor_1""]"
"[""sensor_0"", ""sensor_1"", ""sensor_2""]",sensor_0,toy_spatial,42,,31.0,1.2815515655446008,,,0.7926,0.7926,,,,,4.297155380249023,20000,0,,0.0,20000,,0.2,none,,,,,,,Fused Posterior Predictive,,"[""sensor_0"", ""sensor_1"", ""sensor_2""]"
"[""sensor_0"", ""sensor_1"", ""sensor_2""]",sensor_0,toy_spatial,42,,32.0,1.3126399517059326,1.3126399517059326,1.3126399517059326,0.7966,0.7966,,,,,4.400604503631592,20000,20000,,,20000,,0.2,model_normalized,row,reference,1.0,0.0,1.0,cyclic,Oracle Split Conformal,,"[""sensor_0"", ""sensor_1"", ""sensor_2""]"
"[""sensor_0"", ""sensor_1"", ""sensor_2""]",sensor_0,toy_spatial,42,,32.0,4.3265533447265625,4.3265533447265625,4.3265533447265625,0.8055,0.9308,0.8055,0.8055,,,8.653106692218781,20000,20000,,,20000,,0.2,raw_absolute,row,raw_sensor,1.0,0.0,0.0,cyclic,Held-Out Raw Sensor CP,sensor_0,"[""sensor_1"", ""sensor_2""]"
"[""sensor_0"", ""sensor_1"", ""sensor_2""]",sensor_0,toy_spatial,42,,32.0,7.362140655517578,7.362140655517578,7.362140655517578,0.8028,0.99945,0.8028,0.8028,,,14.724281310606004,20000,20000,,,20000,,0.2,raw_absolute,row,raw_sensor,1.0,0.0,0.0,cyclic,Held-Out Raw Sensor CP,sensor_1,"[""sensor_0"", ""sensor_2""]"
"[""sensor_0"", ""sensor_1"", ""sensor_2""]",sensor_0,toy_spatial,42,,32.0,9.670327186584473,9.670327186584473,9.670327186584473,0.8016,1.0,0.8016,0.8016,,,19.340654354667663,20000,20000,,,20000,,0.2,raw_absolute,row,raw_sensor,1.0,0.0,0.0,cyclic,Held-Out Raw Sensor CP,sensor_2,"[""sensor_0"", ""sensor_1""]"
"[""sensor_0"", ""sensor_1"", ""sensor_2""]",sensor_0,toy_spatial,42,,32.0,1.2815515655446008,,,0.7852,0.7852,,,,,4.29638147354126,20000,0,,0.0,20000,,0.2,none,,,,,,,Fused Posterior Predictive,,"[""sensor_0"", ""sensor_1"", ""sensor_2""]"
"[""sensor_0"", ""sensor_1"", ""sensor_2""]",sensor_0,toy_spatial,42,,33.0,1.317677021026611,1.317677021026611,1.317677021026611,0.8,0.8,,,,,4.417249809384346,20000,20000,,,20000,,0.2,model_normalized,row,reference,1.0,0.0,1.0,cyclic,Oracle Split Conformal,,"[""sensor_0"", ""sensor_1"", ""sensor_2""]"
"[""sensor_0"", ""sensor_1"", ""sensor_2""]",sensor_0,toy_spatial,42,,33.0,4.295528411865234,4.295528411865234,4.295528411865234,0.7996,0.92795,0.7996,0.7996,,,8.591056825113297,20000,20000,,,20000,,0.2,raw_absolute,row,raw_sensor,1.0,0.0,0.0,cyclic,Held-Out Raw Sensor CP,sensor_0,"[""sensor_1"", ""sensor_2""]"
"[""sensor_0"", ""sensor_1"", ""sensor_2""]",sensor_0,toy_spatial,42,,33.0,7.269136428833008,7.269136428833008,7.269136428833008,0.79015,0.9996,0.79015,0.79015,,,14.53827285747528,20000,20000,,,20000,,0.2,raw_absolute,row,raw_sensor,1.0,0.0,0.0,cyclic,Held-Out Raw Sensor CP,sensor_1,"[""sensor_0"", ""sensor_2""]"
"[""sensor_0"", ""sensor_1"", ""sensor_2""]",sensor_0,toy_spatial,42,,33.0,9.640596389770508,9.640596389770508,9.640596389770508,0.7991,1.0,0.7991,0.7991,,,19.281192781353,20000,20000,,,20000,,0.2,raw_absolute,row,raw_sensor,1.0,0.0,0.0,cyclic,Held-Out Raw Sensor CP,sensor_2,"[""sensor_0"", ""sensor_1""]"
"[""sensor_0"", ""sensor_1"", ""sensor_2""]",sensor_0,toy_spatial,42,,33.0,1.2815515655446008,,,0.78675,0.78675,,,,,4.296146392822266,20000,0,,0.0,20000,,0.2,none,,,,,,,Fused Posterior Predictive,,"[""sensor_0"", ""sensor_1"", ""sensor_2""]"
"[""sensor_0"", ""sensor_1"", ""sensor_2""]",sensor_0,toy_spatial,42,,34.0,1.320317625999451,1.320317625999451,1.320317625999451,0.8023,0.8023,,,,,4.426563859915733,20000,20000,,,20000,,0.2,model_normalized,row,reference,1.0,0.0,1.0,cyclic,Oracle Split Conformal,,"[""sensor_0"", ""sensor_1"", ""sensor_2""]"
"[""sensor_0"", ""sensor_1"", ""sensor_2""]",sensor_0,toy_spatial,42,,34.0,4.26025915145874,4.26025915145874,4.26025915145874,0.7919,0.9247,0.7919,0.7919,,,8.520518738603592,20000,20000,,,20000,,0.2,raw_absolute,row,raw_sensor,1.0,0.0,0.0,cyclic,Held-Out Raw Sensor CP,sensor_0,"[""sensor_1"", ""sensor_2""]"
"[""sensor_0"", ""sensor_1"", ""sensor_2""]",sensor_0,toy_spatial,42,,34.0,7.361452102661133,7.361452102661133,7.361452102661133,0.80255,0.9996,0.80255,0.80255,,,14.722904206418992,20000,20000,,,20000,,0.2,raw_absolute,row,raw_sensor,1.0,0.0,0.0,cyclic,Held-Out Raw Sensor CP,sensor_1,"[""sensor_0"", ""sensor_2""]"
"[""sensor_0"", ""sensor_1"", ""sensor_2""]",sensor_0,toy_spatial,42,,34.0,9.663992881774902,9.663992881774902,9.663992881774902,0.8012,1.0,0.8012,0.8012,,,19.32798576955795,20000,20000,,,20000,,0.2,raw_absolute,row,raw_sensor,1.0,0.0,0.0,cyclic,Held-Out Raw Sensor CP,sensor_2,"[""sensor_0"", ""sensor_1""]"
"[""sensor_0"", ""sensor_1"", ""sensor_2""]",sensor_0,toy_spatial,42,,34.0,1.2815515655446008,,,0.7895,0.7895,,,,,4.296595096588135,20000,0,,0.0,20000,,0.2,none,,,,,,,Fused Posterior Predictive,,"[""sensor_0"", ""sensor_1"", ""sensor_2""]"
"[""sensor_0"", ""sensor_1"", ""sensor_2""]",sensor_0,toy_spatial,42,,35.0,1.309709548950195,1.309709548950195,1.309709548950195,0.7948,0.7948,,,,,4.391204430246353,20000,20000,,,20000,,0.2,model_normalized,row,reference,1.0,0.0,1.0,cyclic,Oracle Split Conformal,,"[""sensor_0"", ""sensor_1"", ""sensor_2""]"
"[""sensor_0"", ""sensor_1"", ""sensor_2""]",sensor_0,toy_spatial,42,,35.0,4.2991437911987305,4.2991437911987305,4.2991437911987305,0.80015,0.9293,0.80015,0.80015,,,8.598287581443786,20000,20000,,,20000,,0.2,raw_absolute,row,raw_sensor,1.0,0.0,0.0,cyclic,Held-Out Raw Sensor CP,sensor_0,"[""sensor_1"", ""sensor_2""]"
"[""sensor_0"", ""sensor_1"", ""sensor_2""]",sensor_0,toy_spatial,42,,35.0,7.34550666809082,7.34550666809082,7.34550666809082,0.8007,0.9997,0.8007,0.8007,,,14.691013340711594,20000,20000,,,20000,,0.2,raw_absolute,row,raw_sensor,1.0,0.0,0.0,cyclic,Held-Out Raw Sensor CP,sensor_1,"[""sensor_0"", ""sensor_2""]"
"[""sensor_0"", ""sensor_1"", ""sensor_2""]",sensor_0,toy_spatial,42,,35.0,9.657615661621094,9.657615661621094,9.657615661621094,0.80055,1.0,0.80055,0.80055,,,19.31523132276535,20000,20000,,,20000,,0.2,raw_absolute,row,raw_sensor,1.0,0.0,0.0,cyclic,Held-Out Raw Sensor CP,sensor_2,"[""sensor_0"", ""sensor_1""]"
"[""sensor_0"", ""sensor_1"", ""sensor_2""]",sensor_0,toy_spatial,42,,35.0,1.2815515655446008,,,0.78545,0.78545,,,,,4.2967963218688965,20000,0,,0.0,20000,,0.2,none,,,,,,,Fused Posterior Predictive,,"[""sensor_0"", ""sensor_1"", ""sensor_2""]"
"[""sensor_0"", ""sensor_1"", ""sensor_2""]",sensor_0,toy_spatial,42,,36.0,1.3090654611587524,1.3090654611587524,1.3090654611587524,0.7937,0.7937,,,,,4.389036569094658,20000,20000,,,20000,,0.2,model_normalized,row,reference,1.0,0.0,1.0,cyclic,Oracle Split Conformal,,"[""sensor_0"", ""sensor_1"", ""sensor_2""]"
"[""sensor_0"", ""sensor_1"", ""sensor_2""]",sensor_0,toy_spatial,42,,36.0,4.302443504333496,4.302443504333496,4.302443504333496,0.8009,0.92935,0.8009,0.8009,,,8.604887011623383,20000,20000,,,20000,,0.2,raw_absolute,row,raw_sensor,1.0,0.0,0.0,cyclic,Held-Out Raw Sensor CP,sensor_0,"[""sensor_1"", ""sensor_2""]"
"[""sensor_0"", ""sensor_1"", ""sensor_2""]",sensor_0,toy_spatial,42,,36.0,7.373843193054199,7.373843193054199,7.373843193054199,0.80445,0.99945,0.80445,0.80445,,,14.747686390447615,20000,20000,,,20000,,0.2,raw_absolute,row,raw_sensor,1.0,0.0,0.0,cyclic,Held-Out Raw Sensor CP,sensor_1,"[""sensor_0"", ""sensor_2""]"
"[""sensor_0"", ""sensor_1"", ""sensor_2""]",sensor_0,toy_spatial,42,,36.0,9.707935333251951,9.707935333251951,9.707935333251951,0.8048,1.0,0.8048,0.8048,,,19.41587066898346,20000,20000,,,20000,,0.2,raw_absolute,row,raw_sensor,1.0,0.0,0.0,cyclic,Held-Out Raw Sensor CP,sensor_2,"[""sensor_0"", ""sensor_1""]"
"[""sensor_0"", ""sensor_1"", ""sensor_2""]",sensor_0,toy_spatial,42,,36.0,1.2815515655446008,,,0.7839,0.7839,,,,,4.296788215637207,20000,0,,0.0,20000,,0.2,none,,,,,,,Fused Posterior Predictive,,"[""sensor_0"", ""sensor_1"", ""sensor_2""]"
"[""sensor_0"", ""sensor_1"", ""sensor_2""]",sensor_0,toy_spatial,42,,37.0,1.320689082145691,1.320689082145691,1.320689082145691,0.80255,0.80255,,,,,4.428180386900902,20000,20000,,,20000,,0.2,model_normalized,row,reference,1.0,0.0,1.0,cyclic,Oracle Split Conformal,,"[""sensor_0"", ""sensor_1"", ""sensor_2""]"
"[""sensor_0"", ""sensor_1"", ""sensor_2""]",sensor_0,toy_spatial,42,,37.0,4.305339813232422,4.305339813232422,4.305339813232422,0.80165,0.92945,0.80165,0.80165,,,8.610679627227784,20000,20000,,,20000,,0.2,raw_absolute,row,raw_sensor,1.0,0.0,0.0,cyclic,Held-Out Raw Sensor CP,sensor_0,"[""sensor_1"", ""sensor_2""]"
"[""sensor_0"", ""sensor_1"", ""sensor_2""]",sensor_0,toy_spatial,42,,37.0,7.31396484375,7.31396484375,7.31396484375,0.7968,0.9995,0.7968,0.7968,,,14.6279296833992,20000,20000,,,20000,,0.2,raw_absolute,row,raw_sensor,1.0,0.0,0.0,cyclic,Held-Out Raw Sensor CP,sensor_1,"[""sensor_0"", ""sensor_2""]"
"[""sensor_0"", ""sensor_1"", ""sensor_2""]",sensor_0,toy_spatial,42,,37.0,9.647821426391602,9.647821426391602,9.647821426391602,0.79975,1.0,0.79975,0.79975,,,19.29564285211563,20000,20000,,,20000,,0.2,raw_absolute,row,raw_sensor,1.0,0.0,0.0,cyclic,Held-Out Raw Sensor CP,sensor_2,"[""sensor_0"", ""sensor_1""]"
"[""sensor_0"", ""sensor_1"", ""sensor_2""]",sensor_0,toy_spatial,42,,37.0,1.2815515655446008,,,0.7894,0.7894,,,,,4.296955108642578,20000,0,,0.0,20000,,0.2,none,,,,,,,Fused Posterior Predictive,,"[""sensor_0"", ""sensor_1"", ""sensor_2""]"
"[""sensor_0"", ""sensor_1"", ""sensor_2""]",sensor_0,toy_spatial,42,,38.0,1.3130475282669067,1.3130475282669067,1.3130475282669067,0.79665,0.79665,,,,,4.402049502944946,20000,20000,,,20000,,0.2,model_normalized,row,reference,1.0,0.0,1.0,cyclic,Oracle Split Conformal,,"[""sensor_0"", ""sensor_1"", ""sensor_2""]"
"[""sensor_0"", ""sensor_1"", ""sensor_2""]",sensor_0,toy_spatial,42,,38.0,4.31016731262207,4.31016731262207,4.31016731262207,0.80265,0.93025,0.80265,0.80265,,,8.620334624195099,20000,20000,,,20000,,0.2,raw_absolute,row,raw_sensor,1.0,0.0,0.0,cyclic,Held-Out Raw Sensor CP,sensor_0,"[""sensor_1"", ""sensor_2""]"
"[""sensor_0"", ""sensor_1"", ""sensor_2""]",sensor_0,toy_spatial,42,,38.0,7.342185974121094,7.342185974121094,7.342185974121094,0.80035,0.9993,0.80035,0.80035,,,14.684371943998336,20000,20000,,,20000,,0.2,raw_absolute,row,raw_sensor,1.0,0.0,0.0,cyclic,Held-Out Raw Sensor CP,sensor_1,"[""sensor_0"", ""sensor_2""]"
"[""sensor_0"", ""sensor_1"", ""sensor_2""]",sensor_0,toy_spatial,42,,38.0,9.67506504058838,9.67506504058838,9.67506504058838,0.80205,1.0,0.80205,0.80205,,,19.350130068588257,20000,20000,,,20000,,0.2,raw_absolute,row,raw_sensor,1.0,0.0,0.0,cyclic,Held-Out Raw Sensor CP,sensor_2,"[""sensor_0"", ""sensor_1""]"
"[""sensor_0"", ""sensor_1"", ""sensor_2""]",sensor_0,toy_spatial,42,,38.0,1.2815515655446008,,,0.78575,0.78575,,,,,4.2964582443237305,20000,0,,0.0,20000,,0.2,none,,,,,,,Fused Posterior Predictive,,"[""sensor_0"", ""sensor_1"", ""sensor_2""]"
"[""sensor_0"", ""sensor_1"", ""sensor_2""]",sensor_0,toy_spatial,42,,39.0,1.3149341344833374,1.3149341344833374,1.3149341344833374,0.79765,0.79765,,,,,4.408854713869095,20000,20000,,,20000,,0.2,model_normalized,row,reference,1.0,0.0,1.0,cyclic,Oracle Split Conformal,,"[""sensor_0"", ""sensor_1"", ""sensor_2""]"
"[""sensor_0"", ""sensor_1"", ""sensor_2""]",sensor_0,toy_spatial,42,,39.0,4.270103454589844,4.270103454589844,4.270103454589844,0.794,0.92585,0.794,0.794,,,8.540206907176971,20000,20000,,,20000,,0.2,raw_absolute,row,raw_sensor,1.0,0.0,0.0,cyclic,Held-Out Raw Sensor CP,sensor_0,"[""sensor_1"", ""sensor_2""]"
"[""sensor_0"", ""sensor_1"", ""sensor_2""]",sensor_0,toy_spatial,42,,39.0,7.414474487304687,7.414474487304687,7.414474487304687,0.80835,0.99945,0.80835,0.80835,,,14.828948967456816,20000,20000,,,20000,,0.2,raw_absolute,row,raw_sensor,1.0,0.0,0.0,cyclic,Held-Out Raw Sensor CP,sensor_1,"[""sensor_0"", ""sensor_2""]"
"[""sensor_0"", ""sensor_1"", ""sensor_2""]",sensor_0,toy_spatial,42,,39.0,9.62895679473877,9.62895679473877,9.62895679473877,0.7983,1.0,0.7983,0.7983,,,19.257913581466678,20000,20000,,,20000,,0.2,raw_absolute,row,raw_sensor,1.0,0.0,0.0,cyclic,Held-Out Raw Sensor CP,sensor_2,"[""sensor_0"", ""sensor_1""]"
"[""sensor_0"", ""sensor_1"", ""sensor_2""]",sensor_0,toy_spatial,42,,39.0,1.2815515655446008,,,0.7856,0.7856,,,,,4.296926021575928,20000,0,,0.0,20000,,0.2,none,,,,,,,Fused Posterior Predictive,,"[""sensor_0"", ""sensor_1"", ""sensor_2""]"
"[""sensor_0"", ""sensor_1"", ""sensor_2""]",sensor_0,toy_spatial,42,,40.0,1.3254767656326294,1.3254767656326294,1.3254767656326294,0.8054,0.8054,,,,,4.443696262931824,20000,20000,,,20000,,0.2,model_normalized,row,reference,1.0,0.0,1.0,cyclic,Oracle Split Conformal,,"[""sensor_0"", ""sensor_1"", ""sensor_2""]"
"[""sensor_0"", ""sensor_1"", ""sensor_2""]",sensor_0,toy_spatial,42,,40.0,4.3031158447265625,4.3031158447265625,4.3031158447265625,0.8012,0.9299,0.8012,0.8012,,,8.60623169131279,20000,20000,,,20000,,0.2,raw_absolute,row,raw_sensor,1.0,0.0,0.0,cyclic,Held-Out Raw Sensor CP,sensor_0,"[""sensor_1"", ""sensor_2""]"
"[""sensor_0"", ""sensor_1"", ""sensor_2""]",sensor_0,toy_spatial,42,,40.0,7.311674118041992,7.311674118041992,7.311674118041992,0.7965,0.9995,0.7965,0.7965,,,14.623348240756988,20000,20000,,,20000,,0.2,raw_absolute,row,raw_sensor,1.0,0.0,0.0,cyclic,Held-Out Raw Sensor CP,sensor_1,"[""sensor_0"", ""sensor_2""]"
"[""sensor_0"", ""sensor_1"", ""sensor_2""]",sensor_0,toy_spatial,42,,40.0,9.565866470336914,9.565866470336914,9.565866470336914,0.79305,1.0,0.79305,0.79305,,,19.131732943439484,20000,20000,,,20000,,0.2,raw_absolute,row,raw_sensor,1.0,0.0,0.0,cyclic,Held-Out Raw Sensor CP,sensor_2,"[""sensor_0"", ""sensor_1""]"
"[""sensor_0"", ""sensor_1"", ""sensor_2""]",sensor_0,toy_spatial,42,,40.0,1.2815515655446008,,,0.7897,0.7897,,,,,4.296435832977295,20000,0,,0.0,20000,,0.2,none,,,,,,,Fused Posterior Predictive,,"[""sensor_0"", ""sensor_1"", ""sensor_2""]"
"[""sensor_0"", ""sensor_1"", ""sensor_2""]",sensor_0,toy_spatial,42,,41.0,1.318074345588684,1.318074345588684,1.318074345588684,0.80035,0.80035,,,,,4.419734806728363,20000,20000,,,20000,,0.2,model_normalized,row,reference,1.0,0.0,1.0,cyclic,Oracle Split Conformal,,"[""sensor_0"", ""sensor_1"", ""sensor_2""]"
"[""sensor_0"", ""sensor_1"", ""sensor_2""]",sensor_0,toy_spatial,42,,41.0,4.328503608703613,4.328503608703613,4.328503608703613,0.8059,0.9323,0.8059,0.8059,,,8.657007215547562,20000,20000,,,20000,,0.2,raw_absolute,row,raw_sensor,1.0,0.0,0.0,cyclic,Held-Out Raw Sensor CP,sensor_0,"[""sensor_1"", ""sensor_2""]"
"[""sensor_0"", ""sensor_1"", ""sensor_2""]",sensor_0,toy_spatial,42,,41.0,7.405508041381836,7.405508041381836,7.405508041381836,0.80745,0.9997,0.80745,0.80745,,,14.811016082000732,20000,20000,,,20000,,0.2,raw_absolute,row,raw_sensor,1.0,0.0,0.0,cyclic,Held-Out Raw Sensor CP,sensor_1,"[""sensor_0"", ""sensor_2""]"
"[""sensor_0"", ""sensor_1"", ""sensor_2""]",sensor_0,toy_spatial,42,,41.0,9.733217239379885,9.733217239379885,9.733217239379885,0.80725,1.0,0.80725,0.80725,,,19.46643448009491,20000,20000,,,20000,,0.2,raw_absolute,row,raw_sensor,1.0,0.0,0.0,cyclic,Held-Out Raw Sensor CP,sensor_2,"[""sensor_0"", ""sensor_1""]"
"[""sensor_0"", ""sensor_1"", ""sensor_2""]",sensor_0,toy_spatial,42,,41.0,1.2815515655446008,,,0.78845,0.78845,,,,,4.297267913818359,20000,0,,0.0,20000,,0.2,none,,,,,,,Fused Posterior Predictive,,"[""sensor_0"", ""sensor_1"", ""sensor_2""]"
"[""sensor_0"", ""sensor_1"", ""sensor_2""]",sensor_0,toy_spatial,42,,42.0,1.3194957971572876,1.3194957971572876,1.3194957971572876,0.80155,0.80155,,,,,4.423619933390618,20000,20000,,,20000,,0.2,model_normalized,row,reference,1.0,0.0,1.0,cyclic,Oracle Split Conformal,,"[""sensor_0"", ""sensor_1"", ""sensor_2""]"
"[""sensor_0"", ""sensor_1"", ""sensor_2""]",sensor_0,toy_spatial,42,,42.0,4.2990827560424805,4.2990827560424805,4.2990827560424805,0.80005,0.9288,0.80005,0.80005,,,8.598165520381928,20000,20000,,,20000,,0.2,raw_absolute,row,raw_sensor,1.0,0.0,0.0,cyclic,Held-Out Raw Sensor CP,sensor_0,"[""sensor_1"", ""sensor_2""]"
"[""sensor_0"", ""sensor_1"", ""sensor_2""]",sensor_0,toy_spatial,42,,42.0,7.319559097290039,7.319559097290039,7.319559097290039,0.79735,0.99965,0.79735,0.79735,,,14.639118196725846,20000,20000,,,20000,,0.2,raw_absolute,row,raw_sensor,1.0,0.0,0.0,cyclic,Held-Out Raw Sensor CP,sensor_1,"[""sensor_0"", ""sensor_2""]"
"[""sensor_0"", ""sensor_1"", ""sensor_2""]",sensor_0,toy_spatial,42,,42.0,9.663009643554688,9.663009643554688,9.663009643554688,0.8011,1.0,0.8011,0.8011,,,19.326019288158417,20000,20000,,,20000,,0.2,raw_absolute,row,raw_sensor,1.0,0.0,0.0,cyclic,Held-Out Raw Sensor CP,sensor_2,"[""sensor_0"", ""sensor_1""]"
"[""sensor_0"", ""sensor_1"", ""sensor_2""]",sensor_0,toy_spatial,42,,42.0,1.2815515655446008,,,0.7873,0.7873,,,,,4.296411514282227,20000,0,,0.0,20000,,0.2,none,,,,,,,Fused Posterior Predictive,,"[""sensor_0"", ""sensor_1"", ""sensor_2""]"
"[""sensor_0"", ""sensor_1"", ""sensor_2""]",sensor_0,toy_spatial,42,,43.0,1.311333417892456,1.311333417892456,1.311333417892456,0.7959,0.7959,,,,,4.39730941567421,20000,20000,,,20000,,0.2,model_normalized,row,reference,1.0,0.0,1.0,cyclic,Oracle Split Conformal,,"[""sensor_0"", ""sensor_1"", ""sensor_2""]"
"[""sensor_0"", ""sensor_1"", ""sensor_2""]",sensor_0,toy_spatial,42,,43.0,4.29566764831543,4.29566764831543,4.29566764831543,0.79965,0.92875,0.79965,0.79965,,,8.591335297250748,20000,20000,,,20000,,0.2,raw_absolute,row,raw_sensor,1.0,0.0,0.0,cyclic,Held-Out Raw Sensor CP,sensor_0,"[""sensor_1"", ""sensor_2""]"
"[""sensor_0"", ""sensor_1"", ""sensor_2""]",sensor_0,toy_spatial,42,,43.0,7.3612060546875,7.3612060546875,7.3612060546875,0.8024,0.99955,0.8024,0.8024,,,14.722412105751038,20000,20000,,,20000,,0.2,raw_absolute,row,raw_sensor,1.0,0.0,0.0,cyclic,Held-Out Raw Sensor CP,sensor_1,"[""sensor_0"", ""sensor_2""]"
"[""sensor_0"", ""sensor_1"", ""sensor_2""]",sensor_0,toy_spatial,42,,43.0,9.652461051940918,9.652461051940918,9.652461051940918,0.8001,1.0,0.8001,0.8001,,,19.30492210664749,20000,20000,,,20000,,0.2,raw_absolute,row,raw_sensor,1.0,0.0,0.0,cyclic,Held-Out Raw Sensor CP,sensor_2,"[""sensor_0"", ""sensor_1""]"
"[""sensor_0"", ""sensor_1"", ""sensor_2""]",sensor_0,toy_spatial,42,,43.0,1.2815515655446008,,,0.7859,0.7859,,,,,4.297441482543945,20000,0,,0.0,20000,,0.2,none,,,,,,,Fused Posterior Predictive,,"[""sensor_0"", ""sensor_1"", ""sensor_2""]"
"[""sensor_0"", ""sensor_1"", ""sensor_2""]",sensor_0,toy_spatial,42,,44.0,1.323474645614624,1.323474645614624,1.323474645614624,0.80425,0.80425,,,,,4.437218918776512,20000,20000,,,20000,,0.2,model_normalized,row,reference,1.0,0.0,1.0,cyclic,Oracle Split Conformal,,"[""sensor_0"", ""sensor_1"", ""sensor_2""]"
"[""sensor_0"", ""sensor_1"", ""sensor_2""]",sensor_0,toy_spatial,42,,44.0,4.289200305938721,4.289200305938721,4.289200305938721,0.798,0.9286,0.798,0.798,,,8.578400180912018,20000,20000,,,20000,,0.2,raw_absolute,row,raw_sensor,1.0,0.0,0.0,cyclic,Held-Out Raw Sensor CP,sensor_0,"[""sensor_1"", ""sensor_2""]"
"[""sensor_0"", ""sensor_1"", ""sensor_2""]",sensor_0,toy_spatial,42,,44.0,7.324165344238281,7.324165344238281,7.324165344238281,0.7976,0.99945,0.7976,0.7976,,,14.648330682373048,20000,20000,,,20000,,0.2,raw_absolute,row,raw_sensor,1.0,0.0,0.0,cyclic,Held-Out Raw Sensor CP,sensor_1,"[""sensor_0"", ""sensor_2""]"
"[""sensor_0"", ""sensor_1"", ""sensor_2""]",sensor_0,toy_spatial,42,,44.0,9.707965850830078,9.707965850830078,9.707965850830078,0.80485,1.0,0.80485,0.80485,,,19.41593170366287,20000,20000,,,20000,,0.2,raw_absolute,row,raw_sensor,1.0,0.0,0.0,cyclic,Held-Out Raw Sensor CP,sensor_2,"[""sensor_0"", ""sensor_1""]"
"[""sensor_0"", ""sensor_1"", ""sensor_2""]",sensor_0,toy_spatial,42,,44.0,1.2815515655446008,,,0.7888,0.7888,,,,,4.296663284301758,20000,0,,0.0,20000,,0.2,none,,,,,,,Fused Posterior Predictive,,"[""sensor_0"", ""sensor_1"", ""sensor_2""]"
"[""sensor_0"", ""sensor_1"", ""sensor_2""]",sensor_0,toy_spatial,42,,45.0,1.323630690574646,1.323630690574646,1.323630690574646,0.80435,0.80435,,,,,4.437863464045525,20000,20000,,,20000,,0.2,model_normalized,row,reference,1.0,0.0,1.0,cyclic,Oracle Split Conformal,,"[""sensor_0"", ""sensor_1"", ""sensor_2""]"
"[""sensor_0"", ""sensor_1"", ""sensor_2""]",sensor_0,toy_spatial,42,,45.0,4.301093101501465,4.301093101501465,4.301093101501465,0.80055,0.9291,0.80055,0.80055,,,8.602186203670502,20000,20000,,,20000,,0.2,raw_absolute,row,raw_sensor,1.0,0.0,0.0,cyclic,Held-Out Raw Sensor CP,sensor_0,"[""sensor_1"", ""sensor_2""]"
"[""sensor_0"", ""sensor_1"", ""sensor_2""]",sensor_0,toy_spatial,42,,45.0,7.33431339263916,7.33431339263916,7.33431339263916,0.79905,0.9995,0.79905,0.79905,,,14.668626775360108,20000,20000,,,20000,,0.2,raw_absolute,row,raw_sensor,1.0,0.0,0.0,cyclic,Held-Out Raw Sensor CP,sensor_1,"[""sensor_0"", ""sensor_2""]"
"[""sensor_0"", ""sensor_1"", ""sensor_2""]",sensor_0,toy_spatial,42,,45.0,9.644710540771484,9.644710540771484,9.644710540771484,0.79935,1.0,0.79935,0.79935,,,19.289421080970765,20000,20000,,,20000,,0.2,raw_absolute,row,raw_sensor,1.0,0.0,0.0,cyclic,Held-Out Raw Sensor CP,sensor_2,"[""sensor_0"", ""sensor_1""]"
"[""sensor_0"", ""sensor_1"", ""sensor_2""]",sensor_0,toy_spatial,42,,45.0,1.2815515655446008,,,0.78955,0.78955,,,,,4.296781063079834,20000,0,,0.0,20000,,0.2,none,,,,,,,Fused Posterior Predictive,,"[""sensor_0"", ""sensor_1"", ""sensor_2""]"
"[""sensor_0"", ""sensor_1"", ""sensor_2""]",sensor_0,toy_spatial,42,,46.0,1.3255623579025269,1.3255623579025269,1.3255623579025269,0.8056,0.8056,,,,,4.443583725380898,20000,20000,,,20000,,0.2,model_normalized,row,reference,1.0,0.0,1.0,cyclic,Oracle Split Conformal,,"[""sensor_0"", ""sensor_1"", ""sensor_2""]"
"[""sensor_0"", ""sensor_1"", ""sensor_2""]",sensor_0,toy_spatial,42,,46.0,4.2661452293396,4.2661452293396,4.2661452293396,0.79335,0.92875,0.79335,0.79335,,,8.532290889930724,20000,20000,,,20000,,0.2,raw_absolute,row,raw_sensor,1.0,0.0,0.0,cyclic,Held-Out Raw Sensor CP,sensor_0,"[""sensor_1"", ""sensor_2""]"
"[""sensor_0"", ""sensor_1"", ""sensor_2""]",sensor_0,toy_spatial,42,,46.0,7.345207214355469,7.345207214355469,7.345207214355469,0.80065,0.9996,0.80065,0.80065,,,14.69041442656517,20000,20000,,,20000,,0.2,raw_absolute,row,raw_sensor,1.0,0.0,0.0,cyclic,Held-Out Raw Sensor CP,sensor_1,"[""sensor_0"", ""sensor_2""]"
"[""sensor_0"", ""sensor_1"", ""sensor_2""]",sensor_0,toy_spatial,42,,46.0,9.703857421875,9.703857421875,9.703857421875,0.8043,1.0,0.8043,0.8043,,,19.40771484365463,20000,20000,,,20000,,0.2,raw_absolute,row,raw_sensor,1.0,0.0,0.0,cyclic,Held-Out Raw Sensor CP,sensor_2,"[""sensor_0"", ""sensor_1""]"
"[""sensor_0"", ""sensor_1"", ""sensor_2""]",sensor_0,toy_spatial,42,,46.0,1.2815515655446008,,,0.78925,0.78925,,,,,4.296050071716309,20000,0,,0.0,20000,,0.2,none,,,,,,,Fused Posterior Predictive,,"[""sensor_0"", ""sensor_1"", ""sensor_2""]"
"[""sensor_0"", ""sensor_1"", ""sensor_2""]",sensor_0,toy_spatial,42,,47.0,1.3141212463378906,1.3141212463378906,1.3141212463378906,0.79715,0.79715,,,,,4.406403866004944,20000,20000,,,20000,,0.2,model_normalized,row,reference,1.0,0.0,1.0,cyclic,Oracle Split Conformal,,"[""sensor_0"", ""sensor_1"", ""sensor_2""]"
"[""sensor_0"", ""sensor_1"", ""sensor_2""]",sensor_0,toy_spatial,42,,47.0,4.266606330871582,4.266606330871582,4.266606330871582,0.7936,0.92585,0.7936,0.7936,,,8.533212665033341,20000,20000,,,20000,,0.2,raw_absolute,row,raw_sensor,1.0,0.0,0.0,cyclic,Held-Out Raw Sensor CP,sensor_0,"[""sensor_1"", ""sensor_2""]"
"[""sensor_0"", ""sensor_1"", ""sensor_2""]",sensor_0,toy_spatial,42,,47.0,7.3367018699646,7.3367018699646,7.3367018699646,0.79945,0.9994,0.79945,0.79945,,,14.67340414648056,20000,20000,,,20000,,0.2,raw_absolute,row,raw_sensor,1.0,0.0,0.0,cyclic,Held-Out Raw Sensor CP,sensor_1,"[""sensor_0"", ""sensor_2""]"
"[""sensor_0"", ""sensor_1"", ""sensor_2""]",sensor_0,toy_spatial,42,,47.0,9.608724594116213,9.608724594116213,9.608724594116213,0.79645,1.0,0.79645,0.79645,,,19.217449184703828,20000,20000,,,20000,,0.2,raw_absolute,row,raw_sensor,1.0,0.0,0.0,cyclic,Held-Out Raw Sensor CP,sensor_2,"[""sensor_0"", ""sensor_1""]"
"[""sensor_0"", ""sensor_1"", ""sensor_2""]",sensor_0,toy_spatial,42,,47.0,1.2815515655446008,,,0.78555,0.78555,,,,,4.297194004058838,20000,0,,0.0,20000,,0.2,none,,,,,,,Fused Posterior Predictive,,"[""sensor_0"", ""sensor_1"", ""sensor_2""]"
"[""sensor_0"", ""sensor_1"", ""sensor_2""]",sensor_0,toy_spatial,42,,48.0,1.320689082145691,1.320689082145691,1.320689082145691,0.80255,0.80255,,,,,4.427332626795769,20000,20000,,,20000,,0.2,model_normalized,row,reference,1.0,0.0,1.0,cyclic,Oracle Split Conformal,,"[""sensor_0"", ""sensor_1"", ""sensor_2""]"
"[""sensor_0"", ""sensor_1"", ""sensor_2""]",sensor_0,toy_spatial,42,,48.0,4.3149895668029785,4.3149895668029785,4.3149895668029785,0.80335,0.9281,0.80335,0.80335,,,8.629978697967529,20000,20000,,,20000,,0.2,raw_absolute,row,raw_sensor,1.0,0.0,0.0,cyclic,Held-Out Raw Sensor CP,sensor_0,"[""sensor_1"", ""sensor_2""]"
"[""sensor_0"", ""sensor_1"", ""sensor_2""]",sensor_0,toy_spatial,42,,48.0,7.364559173583984,7.364559173583984,7.364559173583984,0.80315,0.9996,0.80315,0.80315,,,14.729118349790571,20000,20000,,,20000,,0.2,raw_absolute,row,raw_sensor,1.0,0.0,0.0,cyclic,Held-Out Raw Sensor CP,sensor_1,"[""sensor_0"", ""sensor_2""]"
"[""sensor_0"", ""sensor_1"", ""sensor_2""]",sensor_0,toy_spatial,42,,48.0,9.59983730316162,9.59983730316162,9.59983730316162,0.79565,1.0,0.79565,0.79565,,,19.199674614429476,20000,20000,,,20000,,0.2,raw_absolute,row,raw_sensor,1.0,0.0,0.0,cyclic,Held-Out Raw Sensor CP,sensor_2,"[""sensor_0"", ""sensor_1""]"
"[""sensor_0"", ""sensor_1"", ""sensor_2""]",sensor_0,toy_spatial,42,,48.0,1.2815515655446008,,,0.78875,0.78875,,,,,4.296133041381836,20000,0,,0.0,20000,,0.2,none,,,,,,,Fused Posterior Predictive,,"[""sensor_0"", ""sensor_1"", ""sensor_2""]"
"[""sensor_0"", ""sensor_1"", ""sensor_2""]",sensor_0,toy_spatial,42,,49.0,1.3234155178070068,1.3234155178070068,1.3234155178070068,0.8042,0.8042,,,,,4.436913257336617,20000,20000,,,20000,,0.2,model_normalized,row,reference,1.0,0.0,1.0,cyclic,Oracle Split Conformal,,"[""sensor_0"", ""sensor_1"", ""sensor_2""]"
"[""sensor_0"", ""sensor_1"", ""sensor_2""]",sensor_0,toy_spatial,42,,49.0,4.319464683532715,4.319464683532715,4.319464683532715,0.8038,0.92995,0.8038,0.8038,,,8.638929363203049,20000,20000,,,20000,,0.2,raw_absolute,row,raw_sensor,1.0,0.0,0.0,cyclic,Held-Out Raw Sensor CP,sensor_0,"[""sensor_1"", ""sensor_2""]"
"[""sensor_0"", ""sensor_1"", ""sensor_2""]",sensor_0,toy_spatial,42,,49.0,7.390346527099609,7.390346527099609,7.390346527099609,0.80585,0.9996,0.80585,0.80585,,,14.78069305062294,20000,20000,,,20000,,0.2,raw_absolute,row,raw_sensor,1.0,0.0,0.0,cyclic,Held-Out Raw Sensor CP,sensor_1,"[""sensor_0"", ""sensor_2""]"
"[""sensor_0"", ""sensor_1"", ""sensor_2""]",sensor_0,toy_spatial,42,,49.0,9.65585708618164,9.65585708618164,9.65585708618164,0.8004,1.0,0.8004,0.8004,,,19.31171417503357,20000,20000,,,20000,,0.2,raw_absolute,row,raw_sensor,1.0,0.0,0.0,cyclic,Held-Out Raw Sensor CP,sensor_2,"[""sensor_0"", ""sensor_1""]"
"[""sensor_0"", ""sensor_1"", ""sensor_2""]",sensor_0,toy_spatial,42,,49.0,1.2815515655446008,,,0.79125,0.79125,,,,,4.2965593338012695,20000,0,,0.0,20000,,0.2,none,,,,,,,Fused Posterior Predictive,,"[""sensor_0"", ""sensor_1"", ""sensor_2""]"
"[""sensor_0"", ""sensor_1"", ""sensor_2""]",sensor_0,toy_spatial,42,,50.0,1.3184198141098022,1.3184198141098022,1.3184198141098022,0.80075,0.80075,,,,,4.420575513625145,20000,20000,,,20000,,0.2,model_normalized,row,reference,1.0,0.0,1.0,cyclic,Oracle Split Conformal,,"[""sensor_0"", ""sensor_1"", ""sensor_2""]"
"[""sensor_0"", ""sensor_1"", ""sensor_2""]",sensor_0,toy_spatial,42,,50.0,4.328503608703613,4.328503608703613,4.328503608703613,0.8059,0.9316,0.8059,0.8059,,,8.657007214832307,20000,20000,,,20000,,0.2,raw_absolute,row,raw_sensor,1.0,0.0,0.0,cyclic,Held-Out Raw Sensor CP,sensor_0,"[""sensor_1"", ""sensor_2""]"
"[""sensor_0"", ""sensor_1"", ""sensor_2""]",sensor_0,toy_spatial,42,,50.0,7.340785980224609,7.340785980224609,7.340785980224609,0.80025,0.99975,0.80025,0.80025,,,14.681571960163115,20000,20000,,,20000,,0.2,raw_absolute,row,raw_sensor,1.0,0.0,0.0,cyclic,Held-Out Raw Sensor CP,sensor_1,"[""sensor_0"", ""sensor_2""]"
"[""sensor_0"", ""sensor_1"", ""sensor_2""]",sensor_0,toy_spatial,42,,50.0,9.681989669799805,9.681989669799805,9.681989669799805,0.8027,1.0,0.8027,0.8027,,,19.363979335308077,20000,20000,,,20000,,0.2,raw_absolute,row,raw_sensor,1.0,0.0,0.0,cyclic,Held-Out Raw Sensor CP,sensor_2,"[""sensor_0"", ""sensor_1""]"
"[""sensor_0"", ""sensor_1"", ""sensor_2""]",sensor_0,toy_spatial,42,,50.0,1.2815515655446008,,,0.7877,0.7877,,,,,4.2969584465026855,20000,0,,0.0,20000,,0.2,none,,,,,,,Fused Posterior Predictive,,"[""sensor_0"", ""sensor_1"", ""sensor_2""]"
"[""sensor_0"", ""sensor_1"", ""sensor_2""]",sensor_0,toy_spatial,42,,51.0,1.3161189556121826,1.3161189556121826,1.3161189556121826,0.79845,0.79845,,,,,4.411234463024139,20000,20000,,,20000,,0.2,model_normalized,row,reference,1.0,0.0,1.0,cyclic,Oracle Split Conformal,,"[""sensor_0"", ""sensor_1"", ""sensor_2""]"
"[""sensor_0"", ""sensor_1"", ""sensor_2""]",sensor_0,toy_spatial,42,,51.0,4.301054000854492,4.301054000854492,4.301054000854492,0.8005,0.9303,0.8005,0.8005,,,8.60210799999237,20000,20000,,,20000,,0.2,raw_absolute,row,raw_sensor,1.0,0.0,0.0,cyclic,Held-Out Raw Sensor CP,sensor_0,"[""sensor_1"", ""sensor_2""]"
"[""sensor_0"", ""sensor_1"", ""sensor_2""]",sensor_0,toy_spatial,42,,51.0,7.345207214355469,7.345207214355469,7.345207214355469,0.80065,0.9996,0.80065,0.80065,,,14.690414426898956,20000,20000,,,20000,,0.2,raw_absolute,row,raw_sensor,1.0,0.0,0.0,cyclic,Held-Out Raw Sensor CP,sensor_1,"[""sensor_0"", ""sensor_2""]"
"[""sensor_0"", ""sensor_1"", ""sensor_2""]",sensor_0,toy_spatial,42,,51.0,9.68007469177246,9.68007469177246,9.68007469177246,0.80255,1.0,0.80255,0.80255,,,19.360149383354187,20000,20000,,,20000,,0.2,raw_absolute,row,raw_sensor,1.0,0.0,0.0,cyclic,Held-Out Raw Sensor CP,sensor_2,"[""sensor_0"", ""sensor_1""]"
"[""sensor_0"", ""sensor_1"", ""sensor_2""]",sensor_0,toy_spatial,42,,51.0,1.2815515655446008,,,0.78605,0.78605,,,,,4.295374870300293,20000,0,,0.0,20000,,0.2,none,,,,,,,Fused Posterior Predictive,,"[""sensor_0"", ""sensor_1"", ""sensor_2""]"
"[""sensor_0"", ""sensor_1"", ""sensor_2""]",sensor_0,toy_spatial,42,,52.0,1.3137367963790894,1.3137367963790894,1.3137367963790894,0.797,0.797,,,,,4.403775820374489,20000,20000,,,20000,,0.2,model_normalized,row,reference,1.0,0.0,1.0,cyclic,Oracle Split Conformal,,"[""sensor_0"", ""sensor_1"", ""sensor_2""]"
"[""sensor_0"", ""sensor_1"", ""sensor_2""]",sensor_0,toy_spatial,42,,52.0,4.266490936279297,4.266490936279297,4.266490936279297,0.79345,0.92495,0.79345,0.79345,,,8.532981870079041,20000,20000,,,20000,,0.2,raw_absolute,row,raw_sensor,1.0,0.0,0.0,cyclic,Held-Out Raw Sensor CP,sensor_0,"[""sensor_1"", ""sensor_2""]"
"[""sensor_0"", ""sensor_1"", ""sensor_2""]",sensor_0,toy_spatial,42,,52.0,7.310827255249023,7.310827255249023,7.310827255249023,0.79635,0.99955,0.79635,0.79635,,,14.62165450773239,20000,20000,,,20000,,0.2,raw_absolute,row,raw_sensor,1.0,0.0,0.0,cyclic,Held-Out Raw Sensor CP,sensor_1,"[""sensor_0"", ""sensor_2""]"
"[""sensor_0"", ""sensor_1"", ""sensor_2""]",sensor_0,toy_spatial,42,,52.0,9.572830200195312,9.572830200195312,9.572830200195312,0.7939,1.0,0.7939,0.7939,,,19.14566039953232,20000,20000,,,20000,,0.2,raw_absolute,row,raw_sensor,1.0,0.0,0.0,cyclic,Held-Out Raw Sensor CP,sensor_2,"[""sensor_0"", ""sensor_1""]"
"[""sensor_0"", ""sensor_1"", ""sensor_2""]",sensor_0,toy_spatial,42,,52.0,1.2815515655446008,,,0.78495,0.78495,,,,,4.29588794708252,20000,0,,0.0,20000,,0.2,none,,,,,,,Fused Posterior Predictive,,"[""sensor_0"", ""sensor_1"", ""sensor_2""]"
"[""sensor_0"", ""sensor_1"", ""sensor_2""]",sensor_0,toy_spatial,42,,53.0,1.3091940879821775,1.3091940879821775,1.3091940879821775,0.79395,0.79395,,,,,4.389578074789047,20000,20000,,,20000,,0.2,model_normalized,row,reference,1.0,0.0,1.0,cyclic,Oracle Split Conformal,,"[""sensor_0"", ""sensor_1"", ""sensor_2""]"
"[""sensor_0"", ""sensor_1"", ""sensor_2""]",sensor_0,toy_spatial,42,,53.0,4.289084434509277,4.289084434509277,4.289084434509277,0.7979,0.92645,0.7979,0.7979,,,8.57816887178421,20000,20000,,,20000,,0.2,raw_absolute,row,raw_sensor,1.0,0.0,0.0,cyclic,Held-Out Raw Sensor CP,sensor_0,"[""sensor_1"", ""sensor_2""]"
"[""sensor_0"", ""sensor_1"", ""sensor_2""]",sensor_0,toy_spatial,42,,53.0,7.453566074371338,7.453566074371338,7.453566074371338,0.81345,0.99945,0.81345,0.81345,,,14.907131737518313,20000,20000,,,20000,,0.2,raw_absolute,row,raw_sensor,1.0,0.0,0.0,cyclic,Held-Out Raw Sensor CP,sensor_1,"[""sensor_0"", ""sensor_2""]"
"[""sensor_0"", ""sensor_1"", ""sensor_2""]",sensor_0,toy_spatial,42,,53.0,9.7227783203125,9.7227783203125,9.7227783203125,0.80595,1.0,0.80595,0.80595,,,19.44555664234161,20000,20000,,,20000,,0.2,raw_absolute,row,raw_sensor,1.0,0.0,0.0,cyclic,Held-Out Raw Sensor CP,sensor_2,"[""sensor_0"", ""sensor_1""]"
"[""sensor_0"", ""sensor_1"", ""sensor_2""]",sensor_0,toy_spatial,42,,53.0,1.2815515655446008,,,0.78415,0.78415,,,,,4.296895980834961,20000,0,,0.0,20000,,0.2,none,,,,,,,Fused Posterior Predictive,,"[""sensor_0"", ""sensor_1"", ""sensor_2""]"
"[""sensor_0"", ""sensor_1"", ""sensor_2""]",sensor_0,toy_spatial,42,,54.0,1.3130475282669067,1.3130475282669067,1.3130475282669067,0.79665,0.79665,,,,,4.403027614450455,20000,20000,,,20000,,0.2,model_normalized,row,reference,1.0,0.0,1.0,cyclic,Oracle Split Conformal,,"[""sensor_0"", ""sensor_1"", ""sensor_2""]"
"[""sensor_0"", ""sensor_1"", ""sensor_2""]",sensor_0,toy_spatial,42,,54.0,4.327089309692383,4.327089309692383,4.327089309692383,0.8056,0.93195,0.8056,0.8056,,,8.654178616333008,20000,20000,,,20000,,0.2,raw_absolute,row,raw_sensor,1.0,0.0,0.0,cyclic,Held-Out Raw Sensor CP,sensor_0,"[""sensor_1"", ""sensor_2""]"
"[""sensor_0"", ""sensor_1"", ""sensor_2""]",sensor_0,toy_spatial,42,,54.0,7.362140655517578,7.362140655517578,7.362140655517578,0.8028,0.99965,0.8028,0.8028,,,14.724281314611437,20000,20000,,,20000,,0.2,raw_absolute,row,raw_sensor,1.0,0.0,0.0,cyclic,Held-Out Raw Sensor CP,sensor_1,"[""sensor_0"", ""sensor_2""]"
"[""sensor_0"", ""sensor_1"", ""sensor_2""]",sensor_0,toy_spatial,42,,54.0,9.639934539794922,9.639934539794922,9.639934539794922,0.79905,1.0,0.79905,0.79905,,,19.27986908159256,20000,20000,,,20000,,0.2,raw_absolute,row,raw_sensor,1.0,0.0,0.0,cyclic,Held-Out Raw Sensor CP,sensor_2,"[""sensor_0"", ""sensor_1""]"
"[""sensor_0"", ""sensor_1"", ""sensor_2""]",sensor_0,toy_spatial,42,,54.0,1.2815515655446008,,,0.78575,0.78575,,,,,4.297412395477295,20000,0,,0.0,20000,,0.2,none,,,,,,,Fused Posterior Predictive,,"[""sensor_0"", ""sensor_1"", ""sensor_2""]"
"[""sensor_0"", ""sensor_1"", ""sensor_2""]",sensor_0,toy_spatial,42,,55.0,1.311205267906189,1.311205267906189,1.311205267906189,0.7958,0.7958,,,,,4.395035420322418,20000,20000,,,20000,,0.2,model_normalized,row,reference,1.0,0.0,1.0,cyclic,Oracle Split Conformal,,"[""sensor_0"", ""sensor_1"", ""sensor_2""]"
"[""sensor_0"", ""sensor_1"", ""sensor_2""]",sensor_0,toy_spatial,42,,55.0,4.33320426940918,4.33320426940918,4.33320426940918,0.807,0.93155,0.807,0.807,,,8.666408538246154,20000,20000,,,20000,,0.2,raw_absolute,row,raw_sensor,1.0,0.0,0.0,cyclic,Held-Out Raw Sensor CP,sensor_0,"[""sensor_1"", ""sensor_2""]"
"[""sensor_0"", ""sensor_1"", ""sensor_2""]",sensor_0,toy_spatial,42,,55.0,7.361482620239258,7.361482620239258,7.361482620239258,0.8026,0.99945,0.8026,0.8026,,,14.72296524605751,20000,20000,,,20000,,0.2,raw_absolute,row,raw_sensor,1.0,0.0,0.0,cyclic,Held-Out Raw Sensor CP,sensor_1,"[""sensor_0"", ""sensor_2""]"
"[""sensor_0"", ""sensor_1"", ""sensor_2""]",sensor_0,toy_spatial,42,,55.0,9.666500091552734,9.666500091552734,9.666500091552734,0.80145,1.0,0.80145,0.80145,,,19.33300018377304,20000,20000,,,20000,,0.2,raw_absolute,row,raw_sensor,1.0,0.0,0.0,cyclic,Held-Out Raw Sensor CP,sensor_2,"[""sensor_0"", ""sensor_1""]"
"[""sensor_0"", ""sensor_1"", ""sensor_2""]",sensor_0,toy_spatial,42,,55.0,1.2815515655446008,,,0.78455,0.78455,,,,,4.2956390380859375,20000,0,,0.0,20000,,0.2,none,,,,,,,Fused Posterior Predictive,,"[""sensor_0"", ""sensor_1"", ""sensor_2""]"
"[""sensor_0"", ""sensor_1"", ""sensor_2""]",sensor_0,toy_spatial,42,,56.0,1.3196419477462769,1.3196419477462769,1.3196419477462769,0.80175,0.80175,,,,,4.424692569446564,20000,20000,,,20000,,0.2,model_normalized,row,reference,1.0,0.0,1.0,cyclic,Oracle Split Conformal,,"[""sensor_0"", ""sensor_1"", ""sensor_2""]"
"[""sensor_0"", ""sensor_1"", ""sensor_2""]",sensor_0,toy_spatial,42,,56.0,4.282432556152344,4.282432556152344,4.282432556152344,0.7967,0.9282,0.7967,0.7967,,,8.56486511311531,20000,20000,,,20000,,0.2,raw_absolute,row,raw_sensor,1.0,0.0,0.0,cyclic,Held-Out Raw Sensor CP,sensor_0,"[""sensor_1"", ""sensor_2""]"
"[""sensor_0"", ""sensor_1"", ""sensor_2""]",sensor_0,toy_spatial,42,,56.0,7.370807647705078,7.370807647705078,7.370807647705078,0.804,0.99965,0.804,0.804,,,14.741615295934675,20000,20000,,,20000,,0.2,raw_absolute,row,raw_sensor,1.0,0.0,0.0,cyclic,Held-Out Raw Sensor CP,sensor_1,"[""sensor_0"", ""sensor_2""]"
"[""sensor_0"", ""sensor_1"", ""sensor_2""]",sensor_0,toy_spatial,42,,56.0,9.632689476013184,9.632689476013184,9.632689476013184,0.7985,1.0,0.7985,0.7985,,,19.265378964042664,20000,20000,,,20000,,0.2,raw_absolute,row,raw_sensor,1.0,0.0,0.0,cyclic,Held-Out Raw Sensor CP,sensor_2,"[""sensor_0"", ""sensor_1""]"
"[""sensor_0"", ""sensor_1"", ""sensor_2""]",sensor_0,toy_spatial,42,,56.0,1.2815515655446008,,,0.78825,0.78825,,,,,4.296977519989014,20000,0,,0.0,20000,,0.2,none,,,,,,,Fused Posterior Predictive,,"[""sensor_0"", ""sensor_1"", ""sensor_2""]"
"[""sensor_0"", ""sensor_1"", ""sensor_2""]",sensor_0,toy_spatial,42,,57.0,1.309531331062317,1.309531331062317,1.309531331062317,0.7946,0.7946,,,,,4.389755594015122,20000,20000,,,20000,,0.2,model_normalized,row,reference,1.0,0.0,1.0,cyclic,Oracle Split Conformal,,"[""sensor_0"", ""sensor_1"", ""sensor_2""]"
"[""sensor_0"", ""sensor_1"", ""sensor_2""]",sensor_0,toy_spatial,42,,57.0,4.283892631530762,4.283892631530762,4.283892631530762,0.79695,0.92635,0.79695,0.79695,,,8.567785271644592,20000,20000,,,20000,,0.2,raw_absolute,row,raw_sensor,1.0,0.0,0.0,cyclic,Held-Out Raw Sensor CP,sensor_0,"[""sensor_1"", ""sensor_2""]"
"[""sensor_0"", ""sensor_1"", ""sensor_2""]",sensor_0,toy_spatial,42,,57.0,7.289828300476074,7.289828300476074,7.289828300476074,0.79365,0.9995,0.79365,0.79365,,,14.57965660829544,20000,20000,,,20000,,0.2,raw_absolute,row,raw_sensor,1.0,0.0,0.0,cyclic,Held-Out Raw Sensor CP,sensor_1,"[""sensor_0"", ""sensor_2""]"
"[""sensor_0"", ""sensor_1"", ""sensor_2""]",sensor_0,toy_spatial,42,,57.0,9.55540657043457,9.55540657043457,9.55540657043457,0.79205,1.0,0.79205,0.79205,,,19.110813139915468,20000,20000,,,20000,,0.2,raw_absolute,row,raw_sensor,1.0,0.0,0.0,cyclic,Held-Out Raw Sensor CP,sensor_2,"[""sensor_0"", ""sensor_1""]"
"[""sensor_0"", ""sensor_1"", ""sensor_2""]",sensor_0,toy_spatial,42,,57.0,1.2815515655446008,,,0.7839,0.7839,,,,,4.295963287353516,20000,0,,0.0,20000,,0.2,none,,,,,,,Fused Posterior Predictive,,"[""sensor_0"", ""sensor_1"", ""sensor_2""]"
"[""sensor_0"", ""sensor_1"", ""sensor_2""]",sensor_0,toy_spatial,42,,58.0,1.322696089744568,1.322696089744568,1.322696089744568,0.80375,0.80375,,,,,4.434430778813362,20000,20000,,,20000,,0.2,model_normalized,row,reference,1.0,0.0,1.0,cyclic,Oracle Split Conformal,,"[""sensor_0"", ""sensor_1"", ""sensor_2""]"
"[""sensor_0"", ""sensor_1"", ""sensor_2""]",sensor_0,toy_spatial,42,,58.0,4.270265579223633,4.270265579223633,4.270265579223633,0.7941,0.92585,0.7941,0.7941,,,8.540531157922745,20000,20000,,,20000,,0.2,raw_absolute,row,raw_sensor,1.0,0.0,0.0,cyclic,Held-Out Raw Sensor CP,sensor_0,"[""sensor_1"", ""sensor_2""]"
"[""sensor_0"", ""sensor_1"", ""sensor_2""]",sensor_0,toy_spatial,42,,58.0,7.328588485717773,7.328588485717773,7.328588485717773,0.7982,0.9997,0.7982,0.7982,,,14.657176972961423,20000,20000,,,20000,,0.2,raw_absolute,row,raw_sensor,1.0,0.0,0.0,cyclic,Held-Out Raw Sensor CP,sensor_1,"[""sensor_0"", ""sensor_2""]"
"[""sensor_0"", ""sensor_1"", ""sensor_2""]",sensor_0,toy_spatial,42,,58.0,9.658730506896973,9.658730506896973,9.658730506896973,0.80065,1.0,0.80065,0.80065,,,19.31746100473404,20000,20000,,,20000,,0.2,raw_absolute,row,raw_sensor,1.0,0.0,0.0,cyclic,Held-Out Raw Sensor CP,sensor_2,"[""sensor_0"", ""sensor_1""]"
"[""sensor_0"", ""sensor_1"", ""sensor_2""]",sensor_0,toy_spatial,42,,58.0,1.2815515655446008,,,0.78965,0.78965,,,,,4.296491146087647,20000,0,,0.0,20000,,0.2,none,,,,,,,Fused Posterior Predictive,,"[""sensor_0"", ""sensor_1"", ""sensor_2""]"
"[""sensor_0"", ""sensor_1"", ""sensor_2""]",sensor_0,toy_spatial,42,,59.0,1.3099596500396729,1.3099596500396729,1.3099596500396729,0.7949,0.7949,,,,,4.392055624079704,20000,20000,,,20000,,0.2,model_normalized,row,reference,1.0,0.0,1.0,cyclic,Oracle Split Conformal,,"[""sensor_0"", ""sensor_1"", ""sensor_2""]"
"[""sensor_0"", ""sensor_1"", ""sensor_2""]",sensor_0,toy_spatial,42,,59.0,4.320066452026367,4.320066452026367,4.320066452026367,0.8041,0.9313,0.8041,0.8041,,,8.640132904434203,20000,20000,,,20000,,0.2,raw_absolute,row,raw_sensor,1.0,0.0,0.0,cyclic,Held-Out Raw Sensor CP,sensor_0,"[""sensor_1"", ""sensor_2""]"
"[""sensor_0"", ""sensor_1"", ""sensor_2""]",sensor_0,toy_spatial,42,,59.0,7.363595962524414,7.363595962524414,7.363595962524414,0.803,0.99935,0.803,0.803,,,14.727191927719115,20000,20000,,,20000,,0.2,raw_absolute,row,raw_sensor,1.0,0.0,0.0,cyclic,Held-Out Raw Sensor CP,sensor_1,"[""sensor_0"", ""sensor_2""]"
"[""sensor_0"", ""sensor_1"", ""sensor_2""]",sensor_0,toy_spatial,42,,59.0,9.698373794555664,9.698373794555664,9.698373794555664,0.8037,1.0,0.8037,0.8037,,,19.396747591495515,20000,20000,,,20000,,0.2,raw_absolute,row,raw_sensor,1.0,0.0,0.0,cyclic,Held-Out Raw Sensor CP,sensor_2,"[""sensor_0"", ""sensor_1""]"
"[""sensor_0"", ""sensor_1"", ""sensor_2""]",sensor_0,toy_spatial,42,,59.0,1.2815515655446008,,,0.78485,0.78485,,,,,4.29680871963501,20000,0,,0.0,20000,,0.2,none,,,,,,,Fused Posterior Predictive,,"[""sensor_0"", ""sensor_1"", ""sensor_2""]"
"[""sensor_0"", ""sensor_1"", ""sensor_2""]",sensor_0,toy_spatial,42,,60.0,1.3183660507202148,1.3183660507202148,1.3183660507202148,0.8007,0.8007,,,,,4.420204132294655,20000,20000,,,20000,,0.2,model_normalized,row,reference,1.0,0.0,1.0,cyclic,Oracle Split Conformal,,"[""sensor_0"", ""sensor_1"", ""sensor_2""]"
"[""sensor_0"", ""sensor_1"", ""sensor_2""]",sensor_0,toy_spatial,42,,60.0,4.293134689331055,4.293134689331055,4.293134689331055,0.79895,0.9291,0.79895,0.79895,,,8.586269377946854,20000,20000,,,20000,,0.2,raw_absolute,row,raw_sensor,1.0,0.0,0.0,cyclic,Held-Out Raw Sensor CP,sensor_0,"[""sensor_1"", ""sensor_2""]"
"[""sensor_0"", ""sensor_1"", ""sensor_2""]",sensor_0,toy_spatial,42,,60.0,7.390275001525879,7.390275001525879,7.390275001525879,0.8058,0.9997,0.8058,0.8058,,,14.780549994897845,20000,20000,,,20000,,0.2,raw_absolute,row,raw_sensor,1.0,0.0,0.0,cyclic,Held-Out Raw Sensor CP,sensor_1,"[""sensor_0"", ""sensor_2""]"
"[""sensor_0"", ""sensor_1"", ""sensor_2""]",sensor_0,toy_spatial,42,,60.0,9.662632942199709,9.662632942199709,9.662632942199709,0.80105,1.0,0.80105,0.80105,,,19.325265868473053,20000,20000,,,20000,,0.2,raw_absolute,row,raw_sensor,1.0,0.0,0.0,cyclic,Held-Out Raw Sensor CP,sensor_2,"[""sensor_0"", ""sensor_1""]"
"[""sensor_0"", ""sensor_1"", ""sensor_2""]",sensor_0,toy_spatial,42,,60.0,1.2815515655446008,,,0.78705,0.78705,,,,,4.2967729568481445,20000,0,,0.0,20000,,0.2,none,,,,,,,Fused Posterior Predictive,,"[""sensor_0"", ""sensor_1"", ""sensor_2""]"
"[""sensor_0"", ""sensor_1"", ""sensor_2""]",sensor_0,toy_spatial,42,,61.0,1.3195395469665527,1.3195395469665527,1.3195395469665527,0.8016,0.8016,,,,,4.424283019733429,20000,20000,,,20000,,0.2,model_normalized,row,reference,1.0,0.0,1.0,cyclic,Oracle Split Conformal,,"[""sensor_0"", ""sensor_1"", ""sensor_2""]"
"[""sensor_0"", ""sensor_1"", ""sensor_2""]",sensor_0,toy_spatial,42,,61.0,4.2684173583984375,4.2684173583984375,4.2684173583984375,0.79375,0.927,0.79375,0.79375,,,8.536834718942643,20000,20000,,,20000,,0.2,raw_absolute,row,raw_sensor,1.0,0.0,0.0,cyclic,Held-Out Raw Sensor CP,sensor_0,"[""sensor_1"", ""sensor_2""]"
"[""sensor_0"", ""sensor_1"", ""sensor_2""]",sensor_0,toy_spatial,42,,61.0,7.344532012939453,7.344532012939453,7.344532012939453,0.8005,0.9996,0.8005,0.8005,,,14.689064021539687,20000,20000,,,20000,,0.2,raw_absolute,row,raw_sensor,1.0,0.0,0.0,cyclic,Held-Out Raw Sensor CP,sensor_1,"[""sensor_0"", ""sensor_2""]"
"[""sensor_0"", ""sensor_1"", ""sensor_2""]",sensor_0,toy_spatial,42,,61.0,9.71095848083496,9.71095848083496,9.71095848083496,0.805,1.0,0.805,0.805,,,19.42191695775986,20000,20000,,,20000,,0.2,raw_absolute,row,raw_sensor,1.0,0.0,0.0,cyclic,Held-Out Raw Sensor CP,sensor_2,"[""sensor_0"", ""sensor_1""]"
"[""sensor_0"", ""sensor_1"", ""sensor_2""]",sensor_0,toy_spatial,42,,61.0,1.2815515655446008,,,0.787,0.787,,,,,4.296913146972656,20000,0,,0.0,20000,,0.2,none,,,,,,,Fused Posterior Predictive,,"[""sensor_0"", ""sensor_1"", ""sensor_2""]"
"[""sensor_0"", ""sensor_1"", ""sensor_2""]",sensor_0,toy_spatial,42,,62.0,1.320926070213318,1.320926070213318,1.320926070213318,0.8027,0.8027,,,,,4.4291840019464495,20000,20000,,,20000,,0.2,model_normalized,row,reference,1.0,0.0,1.0,cyclic,Oracle Split Conformal,,"[""sensor_0"", ""sensor_1"", ""sensor_2""]"
"[""sensor_0"", ""sensor_1"", ""sensor_2""]",sensor_0,toy_spatial,42,,62.0,4.287870407104492,4.287870407104492,4.287870407104492,0.7977,0.9283,0.7977,0.7977,,,8.575740813159943,20000,20000,,,20000,,0.2,raw_absolute,row,raw_sensor,1.0,0.0,0.0,cyclic,Held-Out Raw Sensor CP,sensor_0,"[""sensor_1"", ""sensor_2""]"
"[""sensor_0"", ""sensor_1"", ""sensor_2""]",sensor_0,toy_spatial,42,,62.0,7.333696365356445,7.333696365356445,7.333696365356445,0.79895,0.9995,0.79895,0.79895,,,14.667392736148834,20000,20000,,,20000,,0.2,raw_absolute,row,raw_sensor,1.0,0.0,0.0,cyclic,Held-Out Raw Sensor CP,sensor_1,"[""sensor_0"", ""sensor_2""]"
"[""sensor_0"", ""sensor_1"", ""sensor_2""]",sensor_0,toy_spatial,42,,62.0,9.561420440673828,9.561420440673828,9.561420440673828,0.79255,1.0,0.79255,0.79255,,,19.12284088163376,20000,20000,,,20000,,0.2,raw_absolute,row,raw_sensor,1.0,0.0,0.0,cyclic,Held-Out Raw Sensor CP,sensor_2,"[""sensor_0"", ""sensor_1""]"
"[""sensor_0"", ""sensor_1"", ""sensor_2""]",sensor_0,toy_spatial,42,,62.0,1.2815515655446008,,,0.78785,0.78785,,,,,4.297157764434815,20000,0,,0.0,20000,,0.2,none,,,,,,,Fused Posterior Predictive,,"[""sensor_0"", ""sensor_1"", ""sensor_2""]"
"[""sensor_0"", ""sensor_1"", ""sensor_2""]",sensor_0,toy_spatial,42,,63.0,1.3172945976257324,1.3172945976257324,1.3172945976257324,0.7997,0.7997,,,,,4.416566784572601,20000,20000,,,20000,,0.2,model_normalized,row,reference,1.0,0.0,1.0,cyclic,Oracle Split Conformal,,"[""sensor_0"", ""sensor_1"", ""sensor_2""]"
"[""sensor_0"", ""sensor_1"", ""sensor_2""]",sensor_0,toy_spatial,42,,63.0,4.289716720581055,4.289716720581055,4.289716720581055,0.79835,0.92745,0.79835,0.79835,,,8.57943343849182,20000,20000,,,20000,,0.2,raw_absolute,row,raw_sensor,1.0,0.0,0.0,cyclic,Held-Out Raw Sensor CP,sensor_0,"[""sensor_1"", ""sensor_2""]"
"[""sensor_0"", ""sensor_1"", ""sensor_2""]",sensor_0,toy_spatial,42,,63.0,7.35957145690918,7.35957145690918,7.35957145690918,0.8022,0.9995,0.8022,0.8022,,,14.719142916584016,20000,20000,,,20000,,0.2,raw_absolute,row,raw_sensor,1.0,0.0,0.0,cyclic,Held-Out Raw Sensor CP,sensor_1,"[""sensor_0"", ""sensor_2""]"
"[""sensor_0"", ""sensor_1"", ""sensor_2""]",sensor_0,toy_spatial,42,,63.0,9.72897720336914,9.72897720336914,9.72897720336914,0.80675,1.0,0.80675,0.80675,,,19.45795440864563,20000,20000,,,20000,,0.2,raw_absolute,row,raw_sensor,1.0,0.0,0.0,cyclic,Held-Out Raw Sensor CP,sensor_2,"[""sensor_0"", ""sensor_1""]"
"[""sensor_0"", ""sensor_1"", ""sensor_2""]",sensor_0,toy_spatial,42,,63.0,1.2815515655446008,,,0.7878,0.7878,,,,,4.29672908782959,20000,0,,0.0,20000,,0.2,none,,,,,,,Fused Posterior Predictive,,"[""sensor_0"", ""sensor_1"", ""sensor_2""]"
"[""sensor_0"", ""sensor_1"", ""sensor_2""]",sensor_0,toy_spatial,42,,64.0,1.3219788074493408,1.3219788074493408,1.3219788074493408,0.80345,0.80345,,,,,4.432003395557404,20000,20000,,,20000,,0.2,model_normalized,row,reference,1.0,0.0,1.0,cyclic,Oracle Split Conformal,,"[""sensor_0"", ""sensor_1"", ""sensor_2""]"
"[""sensor_0"", ""sensor_1"", ""sensor_2""]",sensor_0,toy_spatial,42,,64.0,4.337285041809082,4.337285041809082,4.337285041809082,0.80785,0.93085,0.80785,0.80785,,,8.67457008357048,20000,20000,,,20000,,0.2,raw_absolute,row,raw_sensor,1.0,0.0,0.0,cyclic,Held-Out Raw Sensor CP,sensor_0,"[""sensor_1"", ""sensor_2""]"
"[""sensor_0"", ""sensor_1"", ""sensor_2""]",sensor_0,toy_spatial,42,,64.0,7.296442985534668,7.296442985534668,7.296442985534668,0.7946,0.99945,0.7946,0.7946,,,14.592885972833631,20000,20000,,,20000,,0.2,raw_absolute,row,raw_sensor,1.0,0.0,0.0,cyclic,Held-Out Raw Sensor CP,sensor_1,"[""sensor_0"", ""sensor_2""]"
"[""sensor_0"", ""sensor_1"", ""sensor_2""]",sensor_0,toy_spatial,42,,64.0,9.659704208374023,9.659704208374023,9.659704208374023,0.8008,1.0,0.8008,0.8008,,,19.31940841274261,20000,20000,,,20000,,0.2,raw_absolute,row,raw_sensor,1.0,0.0,0.0,cyclic,Held-Out Raw Sensor CP,sensor_2,"[""sensor_0"", ""sensor_1""]"
"[""sensor_0"", ""sensor_1"", ""sensor_2""]",sensor_0,toy_spatial,42,,64.0,1.2815515655446008,,,0.78915,0.78915,,,,,4.296469211578369,20000,0,,0.0,20000,,0.2,none,,,,,,,Fused Posterior Predictive,,"[""sensor_0"", ""sensor_1"", ""sensor_2""]"
"[""sensor_0"", ""sensor_1"", ""sensor_2""]",sensor_0,toy_spatial,42,,65.0,1.3217204809188845,1.3217204809188845,1.3217204809188845,0.80315,0.80315,,,,,4.43174781498909,20000,20000,,,20000,,0.2,model_normalized,row,reference,1.0,0.0,1.0,cyclic,Oracle Split Conformal,,"[""sensor_0"", ""sensor_1"", ""sensor_2""]"
"[""sensor_0"", ""sensor_1"", ""sensor_2""]",sensor_0,toy_spatial,42,,65.0,4.284940719604492,4.284940719604492,4.284940719604492,0.79725,0.92625,0.79725,0.79725,,,8.569881442308425,20000,20000,,,20000,,0.2,raw_absolute,row,raw_sensor,1.0,0.0,0.0,cyclic,Held-Out Raw Sensor CP,sensor_0,"[""sensor_1"", ""sensor_2""]"
"[""sensor_0"", ""sensor_1"", ""sensor_2""]",sensor_0,toy_spatial,42,,65.0,7.340194702148437,7.340194702148437,7.340194702148437,0.8,0.9996,0.8,0.8,,,14.680389401006698,20000,20000,,,20000,,0.2,raw_absolute,row,raw_sensor,1.0,0.0,0.0,cyclic,Held-Out Raw Sensor CP,sensor_1,"[""sensor_0"", ""sensor_2""]"
"[""sensor_0"", ""sensor_1"", ""sensor_2""]",sensor_0,toy_spatial,42,,65.0,9.690523147583008,9.690523147583008,9.690523147583008,0.8032,1.0,0.8032,0.8032,,,19.38104629974365,20000,20000,,,20000,,0.2,raw_absolute,row,raw_sensor,1.0,0.0,0.0,cyclic,Held-Out Raw Sensor CP,sensor_2,"[""sensor_0"", ""sensor_1""]"
"[""sensor_0"", ""sensor_1"", ""sensor_2""]",sensor_0,toy_spatial,42,,65.0,1.2815515655446008,,,0.7882,0.7882,,,,,4.297060966491699,20000,0,,0.0,20000,,0.2,none,,,,,,,Fused Posterior Predictive,,"[""sensor_0"", ""sensor_1"", ""sensor_2""]"
"[""sensor_0"", ""sensor_1"", ""sensor_2""]",sensor_0,toy_spatial,42,,66.0,1.3195736408233645,1.3195736408233645,1.3195736408233645,0.80165,0.80165,,,,,4.42449207983017,20000,20000,,,20000,,0.2,model_normalized,row,reference,1.0,0.0,1.0,cyclic,Oracle Split Conformal,,"[""sensor_0"", ""sensor_1"", ""sensor_2""]"
"[""sensor_0"", ""sensor_1"", ""sensor_2""]",sensor_0,toy_spatial,42,,66.0,4.284444808959961,4.284444808959961,4.284444808959961,0.79705,0.92725,0.79705,0.79705,,,8.56888961634636,20000,20000,,,20000,,0.2,raw_absolute,row,raw_sensor,1.0,0.0,0.0,cyclic,Held-Out Raw Sensor CP,sensor_0,"[""sensor_1"", ""sensor_2""]"
"[""sensor_0"", ""sensor_1"", ""sensor_2""]",sensor_0,toy_spatial,42,,66.0,7.320773124694824,7.320773124694824,7.320773124694824,0.7974,0.9996,0.7974,0.7974,,,14.641546251106265,20000,20000,,,20000,,0.2,raw_absolute,row,raw_sensor,1.0,0.0,0.0,cyclic,Held-Out Raw Sensor CP,sensor_1,"[""sensor_0"", ""sensor_2""]"
"[""sensor_0"", ""sensor_1"", ""sensor_2""]",sensor_0,toy_spatial,42,,66.0,9.564386367797852,9.564386367797852,9.564386367797852,0.79275,1.0,0.79275,0.79275,,,19.128772738075256,20000,20000,,,20000,,0.2,raw_absolute,row,raw_sensor,1.0,0.0,0.0,cyclic,Held-Out Raw Sensor CP,sensor_2,"[""sensor_0"", ""sensor_1""]"
"[""sensor_0"", ""sensor_1"", ""sensor_2""]",sensor_0,toy_spatial,42,,66.0,1.2815515655446008,,,0.7888,0.7888,,,,,4.2970051765441895,20000,0,,0.0,20000,,0.2,none,,,,,,,Fused Posterior Predictive,,"[""sensor_0"", ""sensor_1"", ""sensor_2""]"
"[""sensor_0"", ""sensor_1"", ""sensor_2""]",sensor_0,toy_spatial,42,,67.0,1.3184980154037476,1.3184980154037476,1.3184980154037476,0.80085,0.80085,,,,,4.420849883651734,20000,20000,,,20000,,0.2,model_normalized,row,reference,1.0,0.0,1.0,cyclic,Oracle Split Conformal,,"[""sensor_0"", ""sensor_1"", ""sensor_2""]"
"[""sensor_0"", ""sensor_1"", ""sensor_2""]",sensor_0,toy_spatial,42,,67.0,4.3031158447265625,4.3031158447265625,4.3031158447265625,0.8012,0.93165,0.8012,0.8012,,,8.606231689691544,20000,20000,,,20000,,0.2,raw_absolute,row,raw_sensor,1.0,0.0,0.0,cyclic,Held-Out Raw Sensor CP,sensor_0,"[""sensor_1"", ""sensor_2""]"
"[""sensor_0"", ""sensor_1"", ""sensor_2""]",sensor_0,toy_spatial,42,,67.0,7.35957145690918,7.35957145690918,7.35957145690918,0.8022,0.99975,0.8022,0.8022,,,14.719142913675308,20000,20000,,,20000,,0.2,raw_absolute,row,raw_sensor,1.0,0.0,0.0,cyclic,Held-Out Raw Sensor CP,sensor_1,"[""sensor_0"", ""sensor_2""]"
"[""sensor_0"", ""sensor_1"", ""sensor_2""]",sensor_0,toy_spatial,42,,67.0,9.623892784118652,9.623892784118652,9.623892784118652,0.7977,1.0,0.7977,0.7977,,,19.247785562038423,20000,20000,,,20000,,0.2,raw_absolute,row,raw_sensor,1.0,0.0,0.0,cyclic,Held-Out Raw Sensor CP,sensor_2,"[""sensor_0"", ""sensor_1""]"
"[""sensor_0"", ""sensor_1"", ""sensor_2""]",sensor_0,toy_spatial,42,,67.0,1.2815515655446008,,,0.78675,0.78675,,,,,4.296970367431641,20000,0,,0.0,20000,,0.2,none,,,,,,,Fused Posterior Predictive,,"[""sensor_0"", ""sensor_1"", ""sensor_2""]"
"[""sensor_0"", ""sensor_1"", ""sensor_2""]",sensor_0,toy_spatial,42,,68.0,1.315664529800415,1.315664529800415,1.315664529800415,0.79815,0.79815,,,,,4.409977905917168,20000,20000,,,20000,,0.2,model_normalized,row,reference,1.0,0.0,1.0,cyclic,Oracle Split Conformal,,"[""sensor_0"", ""sensor_1"", ""sensor_2""]"
"[""sensor_0"", ""sensor_1"", ""sensor_2""]",sensor_0,toy_spatial,42,,68.0,4.281822204589844,4.281822204589844,4.281822204589844,0.79665,0.92665,0.79665,0.79665,,,8.56364440908432,20000,20000,,,20000,,0.2,raw_absolute,row,raw_sensor,1.0,0.0,0.0,cyclic,Held-Out Raw Sensor CP,sensor_0,"[""sensor_1"", ""sensor_2""]"
"[""sensor_0"", ""sensor_1"", ""sensor_2""]",sensor_0,toy_spatial,42,,68.0,7.335384368896484,7.335384368896484,7.335384368896484,0.7992,0.9994,0.7992,0.7992,,,14.670768737268448,20000,20000,,,20000,,0.2,raw_absolute,row,raw_sensor,1.0,0.0,0.0,cyclic,Held-Out Raw Sensor CP,sensor_1,"[""sensor_0"", ""sensor_2""]"
"[""sensor_0"", ""sensor_1"", ""sensor_2""]",sensor_0,toy_spatial,42,,68.0,9.598575592041016,9.598575592041016,9.598575592041016,0.7955,1.0,0.7955,0.7955,,,19.197151180934902,20000,20000,,,20000,,0.2,raw_absolute,row,raw_sensor,1.0,0.0,0.0,cyclic,Held-Out Raw Sensor CP,sensor_2,"[""sensor_0"", ""sensor_1""]"
"[""sensor_0"", ""sensor_1"", ""sensor_2""]",sensor_0,toy_spatial,42,,68.0,1.2815515655446008,,,0.7859,0.7859,,,,,4.295634746551514,20000,0,,0.0,20000,,0.2,none,,,,,,,Fused Posterior Predictive,,"[""sensor_0"", ""sensor_1"", ""sensor_2""]"
"[""sensor_0"", ""sensor_1"", ""sensor_2""]",sensor_0,toy_spatial,42,,69.0,1.3169716596603394,1.3169716596603394,1.3169716596603394,0.7994,0.7994,,,,,4.415011921215058,20000,20000,,,20000,,0.2,model_normalized,row,reference,1.0,0.0,1.0,cyclic,Oracle Split Conformal,,"[""sensor_0"", ""sensor_1"", ""sensor_2""]"
"[""sensor_0"", ""sensor_1"", ""sensor_2""]",sensor_0,toy_spatial,42,,69.0,4.339344024658203,4.339344024658203,4.339344024658203,0.8082,0.9323,0.8082,0.8082,,,8.678688049411774,20000,20000,,,20000,,0.2,raw_absolute,row,raw_sensor,1.0,0.0,0.0,cyclic,Held-Out Raw Sensor CP,sensor_0,"[""sensor_1"", ""sensor_2""]"
"[""sensor_0"", ""sensor_1"", ""sensor_2""]",sensor_0,toy_spatial,42,,69.0,7.355796813964844,7.355796813964844,7.355796813964844,0.80175,0.9995,0.80175,0.80175,,,14.71159362821579,20000,20000,,,20000,,0.2,raw_absolute,row,raw_sensor,1.0,0.0,0.0,cyclic,Held-Out Raw Sensor CP,sensor_1,"[""sensor_0"", ""sensor_2""]"
"[""sensor_0"", ""sensor_1"", ""sensor_2""]",sensor_0,toy_spatial,42,,69.0,9.68373680114746,9.68373680114746,9.68373680114746,0.8029,1.0,0.8029,0.8029,,,19.36747360134125,20000,20000,,,20000,,0.2,raw_absolute,row,raw_sensor,1.0,0.0,0.0,cyclic,Held-Out Raw Sensor CP,sensor_2,"[""sensor_0"", ""sensor_1""]"
"[""sensor_0"", ""sensor_1"", ""sensor_2""]",sensor_0,toy_spatial,42,,69.0,1.2815515655446008,,,0.78625,0.78625,,,,,4.296269416809082,20000,0,,0.0,20000,,0.2,none,,,,,,,Fused Posterior Predictive,,"[""sensor_0"", ""sensor_1"", ""sensor_2""]"
"[""sensor_0"", ""sensor_1"", ""sensor_2""]",sensor_0,toy_spatial,42,,70.0,1.3216184377670288,1.3216184377670288,1.3216184377670288,0.803,0.803,,,,,4.43160329990387,20000,20000,,,20000,,0.2,model_normalized,row,reference,1.0,0.0,1.0,cyclic,Oracle Split Conformal,,"[""sensor_0"", ""sensor_1"", ""sensor_2""]"
"[""sensor_0"", ""sensor_1"", ""sensor_2""]",sensor_0,toy_spatial,42,,70.0,4.307452201843262,4.307452201843262,4.307452201843262,0.8021,0.9272,0.8021,0.8021,,,8.61490440878868,20000,20000,,,20000,,0.2,raw_absolute,row,raw_sensor,1.0,0.0,0.0,cyclic,Held-Out Raw Sensor CP,sensor_0,"[""sensor_1"", ""sensor_2""]"
"[""sensor_0"", ""sensor_1"", ""sensor_2""]",sensor_0,toy_spatial,42,,70.0,7.28736686706543,7.28736686706543,7.28736686706543,0.79335,0.9998,0.79335,0.79335,,,14.574733734846117,20000,20000,,,20000,,0.2,raw_absolute,row,raw_sensor,1.0,0.0,0.0,cyclic,Held-Out Raw Sensor CP,sensor_1,"[""sensor_0"", ""sensor_2""]"
"[""sensor_0"", ""sensor_1"", ""sensor_2""]",sensor_0,toy_spatial,42,,70.0,9.648231506347656,9.648231506347656,9.648231506347656,0.7998,1.0,0.7998,0.7998,,,19.29646301164627,20000,20000,,,20000,,0.2,raw_absolute,row,raw_sensor,1.0,0.0,0.0,cyclic,Held-Out Raw Sensor CP,sensor_2,"[""sensor_0"", ""sensor_1""]"
"[""sensor_0"", ""sensor_1"", ""sensor_2""]",sensor_0,toy_spatial,42,,70.0,1.2815515655446008,,,0.78855,0.78855,,,,,4.297252655029297,20000,0,,0.0,20000,,0.2,none,,,,,,,Fused Posterior Predictive,,"[""sensor_0"", ""sensor_1"", ""sensor_2""]"
"[""sensor_0"", ""sensor_1"", ""sensor_2""]",sensor_0,toy_spatial,42,,71.0,1.3061659336090088,1.3061659336090088,1.3061659336090088,0.7921,0.7921,,,,,4.379168506407738,20000,20000,,,20000,,0.2,model_normalized,row,reference,1.0,0.0,1.0,cyclic,Oracle Split Conformal,,"[""sensor_0"", ""sensor_1"", ""sensor_2""]"
"[""sensor_0"", ""sensor_1"", ""sensor_2""]",sensor_0,toy_spatial,42,,71.0,4.307616233825684,4.307616233825684,4.307616233825684,0.8022,0.931,0.8022,0.8022,,,8.615232468748093,20000,20000,,,20000,,0.2,raw_absolute,row,raw_sensor,1.0,0.0,0.0,cyclic,Held-Out Raw Sensor CP,sensor_0,"[""sensor_1"", ""sensor_2""]"
"[""sensor_0"", ""sensor_1"", ""sensor_2""]",sensor_0,toy_spatial,42,,71.0,7.339427947998047,7.339427947998047,7.339427947998047,0.79985,0.99945,0.79985,0.79985,,,14.678855893850326,20000,20000,,,20000,,0.2,raw_absolute,row,raw_sensor,1.0,0.0,0.0,cyclic,Held-Out Raw Sensor CP,sensor_1,"[""sensor_0"", ""sensor_2""]"
"[""sensor_0"", ""sensor_1"", ""sensor_2""]",sensor_0,toy_spatial,42,,71.0,9.584556579589844,9.584556579589844,9.584556579589844,0.79495,1.0,0.79495,0.79495,,,19.16911315870285,20000,20000,,,20000,,0.2,raw_absolute,row,raw_sensor,1.0,0.0,0.0,cyclic,Held-Out Raw Sensor CP,sensor_2,"[""sensor_0"", ""sensor_1""]"
"[""sensor_0"", ""sensor_1"", ""sensor_2""]",sensor_0,toy_spatial,42,,71.0,1.2815515655446008,,,0.78405,0.78405,,,,,4.29664421081543,20000,0,,0.0,20000,,0.2,none,,,,,,,Fused Posterior Predictive,,"[""sensor_0"", ""sensor_1"", ""sensor_2""]"
"[""sensor_0"", ""sensor_1"", ""sensor_2""]",sensor_0,toy_spatial,42,,72.0,1.314685940742493,1.314685940742493,1.314685940742493,0.79745,0.79745,,,,,4.408042839670181,20000,20000,,,20000,,0.2,model_normalized,row,reference,1.0,0.0,1.0,cyclic,Oracle Split Conformal,,"[""sensor_0"", ""sensor_1"", ""sensor_2""]"
"[""sensor_0"", ""sensor_1"", ""sensor_2""]",sensor_0,toy_spatial,42,,72.0,4.285429000854492,4.285429000854492,4.285429000854492,0.79745,0.9293,0.79745,0.79745,,,8.570858002758026,20000,20000,,,20000,,0.2,raw_absolute,row,raw_sensor,1.0,0.0,0.0,cyclic,Held-Out Raw Sensor CP,sensor_0,"[""sensor_1"", ""sensor_2""]"
"[""sensor_0"", ""sensor_1"", ""sensor_2""]",sensor_0,toy_spatial,42,,72.0,7.352256774902344,7.352256774902344,7.352256774902344,0.80135,0.9995,0.80135,0.80135,,,14.704513545131684,20000,20000,,,20000,,0.2,raw_absolute,row,raw_sensor,1.0,0.0,0.0,cyclic,Held-Out Raw Sensor CP,sensor_1,"[""sensor_0"", ""sensor_2""]"
"[""sensor_0"", ""sensor_1"", ""sensor_2""]",sensor_0,toy_spatial,42,,72.0,9.557947158813477,9.557947158813477,9.557947158813477,0.79225,1.0,0.79225,0.79225,,,19.115894316482542,20000,20000,,,20000,,0.2,raw_absolute,row,raw_sensor,1.0,0.0,0.0,cyclic,Held-Out Raw Sensor CP,sensor_2,"[""sensor_0"", ""sensor_1""]"
"[""sensor_0"", ""sensor_1"", ""sensor_2""]",sensor_0,toy_spatial,42,,72.0,1.2815515655446008,,,0.78555,0.78555,,,,,4.296946048736572,20000,0,,0.0,20000,,0.2,none,,,,,,,Fused Posterior Predictive,,"[""sensor_0"", ""sensor_1"", ""sensor_2""]"
"[""sensor_0"", ""sensor_1"", ""sensor_2""]",sensor_0,toy_spatial,42,,73.0,1.3203721046447754,1.3203721046447754,1.3203721046447754,0.8024,0.8024,,,,,4.426964043259621,20000,20000,,,20000,,0.2,model_normalized,row,reference,1.0,0.0,1.0,cyclic,Oracle Split Conformal,,"[""sensor_0"", ""sensor_1"", ""sensor_2""]"
"[""sensor_0"", ""sensor_1"", ""sensor_2""]",sensor_0,toy_spatial,42,,73.0,4.299139976501465,4.299139976501465,4.299139976501465,0.8001,0.9289,0.8001,0.8001,,,8.598279941797257,20000,20000,,,20000,,0.2,raw_absolute,row,raw_sensor,1.0,0.0,0.0,cyclic,Held-Out Raw Sensor CP,sensor_0,"[""sensor_1"", ""sensor_2""]"
"[""sensor_0"", ""sensor_1"", ""sensor_2""]",sensor_0,toy_spatial,42,,73.0,7.33730411529541,7.33730411529541,7.33730411529541,0.79955,0.9993,0.79955,0.79955,,,14.674608229970932,20000,20000,,,20000,,0.2,raw_absolute,row,raw_sensor,1.0,0.0,0.0,cyclic,Held-Out Raw Sensor CP,sensor_1,"[""sensor_0"", ""sensor_2""]"
"[""sensor_0"", ""sensor_1"", ""sensor_2""]",sensor_0,toy_spatial,42,,73.0,9.688116073608398,9.688116073608398,9.688116073608398,0.803,1.0,0.803,0.803,,,19.37623214159012,20000,20000,,,20000,,0.2,raw_absolute,row,raw_sensor,1.0,0.0,0.0,cyclic,Held-Out Raw Sensor CP,sensor_2,"[""sensor_0"", ""sensor_1""]"
"[""sensor_0"", ""sensor_1"", ""sensor_2""]",sensor_0,toy_spatial,42,,73.0,1.2815515655446008,,,0.7876,0.7876,,,,,4.296806335449219,20000,0,,0.0,20000,,0.2,none,,,,,,,Fused Posterior Predictive,,"[""sensor_0"", ""sensor_1"", ""sensor_2""]"
"[""sensor_0"", ""sensor_1"", ""sensor_2""]",sensor_0,toy_spatial,42,,74.0,1.3144469261169434,1.3144469261169434,1.3144469261169434,0.79735,0.79735,,,,,4.406267570757866,20000,20000,,,20000,,0.2,model_normalized,row,reference,1.0,0.0,1.0,cyclic,Oracle Split Conformal,,"[""sensor_0"", ""sensor_1"", ""sensor_2""]"
"[""sensor_0"", ""sensor_1"", ""sensor_2""]",sensor_0,toy_spatial,42,,74.0,4.300327301025391,4.300327301025391,4.300327301025391,0.8004,0.9296,0.8004,0.8004,,,8.600654604434967,20000,20000,,,20000,,0.2,raw_absolute,row,raw_sensor,1.0,0.0,0.0,cyclic,Held-Out Raw Sensor CP,sensor_0,"[""sensor_1"", ""sensor_2""]"
"[""sensor_0"", ""sensor_1"", ""sensor_2""]",sensor_0,toy_spatial,42,,74.0,7.36953067779541,7.36953067779541,7.36953067779541,0.8039,0.9995,0.8039,0.8039,,,14.7390613550663,20000,20000,,,20000,,0.2,raw_absolute,row,raw_sensor,1.0,0.0,0.0,cyclic,Held-Out Raw Sensor CP,sensor_1,"[""sensor_0"", ""sensor_2""]"
"[""sensor_0"", ""sensor_1"", ""sensor_2""]",sensor_0,toy_spatial,42,,74.0,9.703857421875,9.703857421875,9.703857421875,0.8043,1.0,0.8043,0.8043,,,19.4077148431778,20000,20000,,,20000,,0.2,raw_absolute,row,raw_sensor,1.0,0.0,0.0,cyclic,Held-Out Raw Sensor CP,sensor_2,"[""sensor_0"", ""sensor_1""]"
"[""sensor_0"", ""sensor_1"", ""sensor_2""]",sensor_0,toy_spatial,42,,74.0,1.2815515655446008,,,0.7863,0.7863,,,,,4.29599666595459,20000,0,,0.0,20000,,0.2,none,,,,,,,Fused Posterior Predictive,,"[""sensor_0"", ""sensor_1"", ""sensor_2""]"
"[""sensor_0"", ""sensor_1"", ""sensor_2""]",sensor_0,toy_spatial,42,,75.0,1.325553297996521,1.325553297996521,1.325553297996521,0.80555,0.80555,,,,,4.444356774830818,20000,20000,,,20000,,0.2,model_normalized,row,reference,1.0,0.0,1.0,cyclic,Oracle Split Conformal,,"[""sensor_0"", ""sensor_1"", ""sensor_2""]"
"[""sensor_0"", ""sensor_1"", ""sensor_2""]",sensor_0,toy_spatial,42,,75.0,4.287104606628418,4.287104606628418,4.287104606628418,0.7975,0.9266,0.7975,0.7975,,,8.574209216022492,20000,20000,,,20000,,0.2,raw_absolute,row,raw_sensor,1.0,0.0,0.0,cyclic,Held-Out Raw Sensor CP,sensor_0,"[""sensor_1"", ""sensor_2""]"
"[""sensor_0"", ""sensor_1"", ""sensor_2""]",sensor_0,toy_spatial,42,,75.0,7.376201629638672,7.376201629638672,7.376201629638672,0.80455,0.9995,0.80455,0.80455,,,14.75240325961113,20000,20000,,,20000,,0.2,raw_absolute,row,raw_sensor,1.0,0.0,0.0,cyclic,Held-Out Raw Sensor CP,sensor_1,"[""sensor_0"", ""sensor_2""]"
"[""sensor_0"", ""sensor_1"", ""sensor_2""]",sensor_0,toy_spatial,42,,75.0,9.575851440429688,9.575851440429688,9.575851440429688,0.79425,1.0,0.79425,0.79425,,,19.151702876853943,20000,20000,,,20000,,0.2,raw_absolute,row,raw_sensor,1.0,0.0,0.0,cyclic,Held-Out Raw Sensor CP,sensor_2,"[""sensor_0"", ""sensor_1""]"
"[""sensor_0"", ""sensor_1"", ""sensor_2""]",sensor_0,toy_spatial,42,,75.0,1.2815515655446008,,,0.78945,0.78945,,,,,4.296826362609863,20000,0,,0.0,20000,,0.2,none,,,,,,,Fused Posterior Predictive,,"[""sensor_0"", ""sensor_1"", ""sensor_2""]"
"[""sensor_0"", ""sensor_1"", ""sensor_2""]",sensor_0,toy_spatial,42,,76.0,1.3122074604034424,1.3122074604034424,1.3122074604034424,0.79615,0.79615,,,,,4.399917540669441,20000,20000,,,20000,,0.2,model_normalized,row,reference,1.0,0.0,1.0,cyclic,Oracle Split Conformal,,"[""sensor_0"", ""sensor_1"", ""sensor_2""]"
"[""sensor_0"", ""sensor_1"", ""sensor_2""]",sensor_0,toy_spatial,42,,76.0,4.293608665466309,4.293608665466309,4.293608665466309,0.7991,0.9279,0.7991,0.7991,,,8.58721733059883,20000,20000,,,20000,,0.2,raw_absolute,row,raw_sensor,1.0,0.0,0.0,cyclic,Held-Out Raw Sensor CP,sensor_0,"[""sensor_1"", ""sensor_2""]"
"[""sensor_0"", ""sensor_1"", ""sensor_2""]",sensor_0,toy_spatial,42,,76.0,7.325972557067871,7.325972557067871,7.325972557067871,0.7977,0.9995,0.7977,0.7977,,,14.651945118427276,20000,20000,,,20000,,0.2,raw_absolute,row,raw_sensor,1.0,0.0,0.0,cyclic,Held-Out Raw Sensor CP,sensor_1,"[""sensor_0"", ""sensor_2""]"
"[""sensor_0"", ""sensor_1"", ""sensor_2""]",sensor_0,toy_spatial,42,,76.0,9.615541458129885,9.615541458129885,9.615541458129885,0.797,1.0,0.797,0.797,,,19.231082917785645,20000,20000,,,20000,,0.2,raw_absolute,row,raw_sensor,1.0,0.0,0.0,cyclic,Held-Out Raw Sensor CP,sensor_2,"[""sensor_0"", ""sensor_1""]"
"[""sensor_0"", ""sensor_1"", ""sensor_2""]",sensor_0,toy_spatial,42,,76.0,1.2815515655446008,,,0.7853,0.7853,,,,,4.297126770019531,20000,0,,0.0,20000,,0.2,none,,,,,,,Fused Posterior Predictive,,"[""sensor_0"", ""sensor_1"", ""sensor_2""]"
"[""sensor_0"", ""sensor_1"", ""sensor_2""]",sensor_0,toy_spatial,42,,77.0,1.310335397720337,1.310335397720337,1.310335397720337,0.7951,0.7951,,,,,4.392876144909859,20000,20000,,,20000,,0.2,model_normalized,row,reference,1.0,0.0,1.0,cyclic,Oracle Split Conformal,,"[""sensor_0"", ""sensor_1"", ""sensor_2""]"
"[""sensor_0"", ""sensor_1"", ""sensor_2""]",sensor_0,toy_spatial,42,,77.0,4.291383743286133,4.291383743286133,4.291383743286133,0.79875,0.9273,0.79875,0.79875,,,8.582767484855651,20000,20000,,,20000,,0.2,raw_absolute,row,raw_sensor,1.0,0.0,0.0,cyclic,Held-Out Raw Sensor CP,sensor_0,"[""sensor_1"", ""sensor_2""]"
"[""sensor_0"", ""sensor_1"", ""sensor_2""]",sensor_0,toy_spatial,42,,77.0,7.357365608215332,7.357365608215332,7.357365608215332,0.80195,0.9996,0.80195,0.80195,,,14.71473121304512,20000,20000,,,20000,,0.2,raw_absolute,row,raw_sensor,1.0,0.0,0.0,cyclic,Held-Out Raw Sensor CP,sensor_1,"[""sensor_0"", ""sensor_2""]"
"[""sensor_0"", ""sensor_1"", ""sensor_2""]",sensor_0,toy_spatial,42,,77.0,9.625640869140623,9.625640869140623,9.625640869140623,0.798,1.0,0.798,0.798,,,19.25128173837662,20000,20000,,,20000,,0.2,raw_absolute,row,raw_sensor,1.0,0.0,0.0,cyclic,Held-Out Raw Sensor CP,sensor_2,"[""sensor_0"", ""sensor_1""]"
"[""sensor_0"", ""sensor_1"", ""sensor_2""]",sensor_0,toy_spatial,42,,77.0,1.2815515655446008,,,0.7841,0.7841,,,,,4.296379089355469,20000,0,,0.0,20000,,0.2,none,,,,,,,Fused Posterior Predictive,,"[""sensor_0"", ""sensor_1"", ""sensor_2""]"
"[""sensor_0"", ""sensor_1"", ""sensor_2""]",sensor_0,toy_spatial,42,,78.0,1.316790223121643,1.316790223121643,1.316790223121643,0.7992,0.7992,,,,,4.414891299891472,20000,20000,,,20000,,0.2,model_normalized,row,reference,1.0,0.0,1.0,cyclic,Oracle Split Conformal,,"[""sensor_0"", ""sensor_1"", ""sensor_2""]"
"[""sensor_0"", ""sensor_1"", ""sensor_2""]",sensor_0,toy_spatial,42,,78.0,4.279684066772461,4.279684066772461,4.279684066772461,0.79625,0.92955,0.79625,0.79625,,,8.559368131494523,20000,20000,,,20000,,0.2,raw_absolute,row,raw_sensor,1.0,0.0,0.0,cyclic,Held-Out Raw Sensor CP,sensor_0,"[""sensor_1"", ""sensor_2""]"
"[""sensor_0"", ""sensor_1"", ""sensor_2""]",sensor_0,toy_spatial,42,,78.0,7.357706069946289,7.357706069946289,7.357706069946289,0.802,0.9997,0.802,0.802,,,14.715412139892578,20000,20000,,,20000,,0.2,raw_absolute,row,raw_sensor,1.0,0.0,0.0,cyclic,Held-Out Raw Sensor CP,sensor_1,"[""sensor_0"", ""sensor_2""]"
"[""sensor_0"", ""sensor_1"", ""sensor_2""]",sensor_0,toy_spatial,42,,78.0,9.679112434387209,9.679112434387209,9.679112434387209,0.8024,1.0,0.8024,0.8024,,,19.35822484331131,20000,20000,,,20000,,0.2,raw_absolute,row,raw_sensor,1.0,0.0,0.0,cyclic,Held-Out Raw Sensor CP,sensor_2,"[""sensor_0"", ""sensor_1""]"
"[""sensor_0"", ""sensor_1"", ""sensor_2""]",sensor_0,toy_spatial,42,,78.0,1.2815515655446008,,,0.7867,0.7867,,,,,4.296744346618652,20000,0,,0.0,20000,,0.2,none,,,,,,,Fused Posterior Predictive,,"[""sensor_0"", ""sensor_1"", ""sensor_2""]"
"[""sensor_0"", ""sensor_1"", ""sensor_2""]",sensor_0,toy_spatial,42,,79.0,1.3104827404022217,1.3104827404022217,1.3104827404022217,0.79525,0.79525,,,,,4.39371876642704,20000,20000,,,20000,,0.2,model_normalized,row,reference,1.0,0.0,1.0,cyclic,Oracle Split Conformal,,"[""sensor_0"", ""sensor_1"", ""sensor_2""]"
"[""sensor_0"", ""sensor_1"", ""sensor_2""]",sensor_0,toy_spatial,42,,79.0,4.274042129516602,4.274042129516602,4.274042129516602,0.795,0.9236,0.795,0.795,,,8.548084259223938,20000,20000,,,20000,,0.2,raw_absolute,row,raw_sensor,1.0,0.0,0.0,cyclic,Held-Out Raw Sensor CP,sensor_0,"[""sensor_1"", ""sensor_2""]"
"[""sensor_0"", ""sensor_1"", ""sensor_2""]",sensor_0,toy_spatial,42,,79.0,7.385402679443359,7.385402679443359,7.385402679443359,0.80525,0.99965,0.80525,0.80525,,,14.77080536122322,20000,20000,,,20000,,0.2,raw_absolute,row,raw_sensor,1.0,0.0,0.0,cyclic,Held-Out Raw Sensor CP,sensor_1,"[""sensor_0"", ""sensor_2""]"
"[""sensor_0"", ""sensor_1"", ""sensor_2""]",sensor_0,toy_spatial,42,,79.0,9.657615661621094,9.657615661621094,9.657615661621094,0.80055,1.0,0.80055,0.80055,,,19.315231323719026,20000,20000,,,20000,,0.2,raw_absolute,row,raw_sensor,1.0,0.0,0.0,cyclic,Held-Out Raw Sensor CP,sensor_2,"[""sensor_0"", ""sensor_1""]"
"[""sensor_0"", ""sensor_1"", ""sensor_2""]",sensor_0,toy_spatial,42,,79.0,1.2815515655446008,,,0.78475,0.78475,,,,,4.296720027923584,20000,0,,0.0,20000,,0.2,none,,,,,,,Fused Posterior Predictive,,"[""sensor_0"", ""sensor_1"", ""sensor_2""]"
"[""sensor_0"", ""sensor_1"", ""sensor_2""]",sensor_0,toy_spatial,42,,80.0,1.318448543548584,1.318448543548584,1.318448543548584,0.8008,0.8008,,,,,4.421047327113151,20000,20000,,,20000,,0.2,model_normalized,row,reference,1.0,0.0,1.0,cyclic,Oracle Split Conformal,,"[""sensor_0"", ""sensor_1"", ""sensor_2""]"
"[""sensor_0"", ""sensor_1"", ""sensor_2""]",sensor_0,toy_spatial,42,,80.0,4.302217483520508,4.302217483520508,4.302217483520508,0.80085,0.9291,0.80085,0.80085,,,8.604434963846206,20000,20000,,,20000,,0.2,raw_absolute,row,raw_sensor,1.0,0.0,0.0,cyclic,Held-Out Raw Sensor CP,sensor_0,"[""sensor_1"", ""sensor_2""]"
"[""sensor_0"", ""sensor_1"", ""sensor_2""]",sensor_0,toy_spatial,42,,80.0,7.364559173583984,7.364559173583984,7.364559173583984,0.80315,0.99955,0.80315,0.80315,,,14.729118346071242,20000,20000,,,20000,,0.2,raw_absolute,row,raw_sensor,1.0,0.0,0.0,cyclic,Held-Out Raw Sensor CP,sensor_1,"[""sensor_0"", ""sensor_2""]"
"[""sensor_0"", ""sensor_1"", ""sensor_2""]",sensor_0,toy_spatial,42,,80.0,9.60011100769043,9.60011100769043,9.60011100769043,0.7958,1.0,0.7958,0.7958,,,19.20022201423645,20000,20000,,,20000,,0.2,raw_absolute,row,raw_sensor,1.0,0.0,0.0,cyclic,Held-Out Raw Sensor CP,sensor_2,"[""sensor_0"", ""sensor_1""]"
"[""sensor_0"", ""sensor_1"", ""sensor_2""]",sensor_0,toy_spatial,42,,80.0,1.2815515655446008,,,0.78635,0.78635,,,,,4.297323703765869,20000,0,,0.0,20000,,0.2,none,,,,,,,Fused Posterior Predictive,,"[""sensor_0"", ""sensor_1"", ""sensor_2""]"
"[""sensor_0"", ""sensor_1"", ""sensor_2""]",sensor_0,toy_spatial,42,,81.0,1.3188354969024658,1.3188354969024658,1.3188354969024658,0.80115,0.80115,,,,,4.421665518808365,20000,20000,,,20000,,0.2,model_normalized,row,reference,1.0,0.0,1.0,cyclic,Oracle Split Conformal,,"[""sensor_0"", ""sensor_1"", ""sensor_2""]"
"[""sensor_0"", ""sensor_1"", ""sensor_2""]",sensor_0,toy_spatial,42,,81.0,4.300084114074707,4.300084114074707,4.300084114074707,0.80035,0.9295,0.80035,0.80035,,,8.600168219137192,20000,20000,,,20000,,0.2,raw_absolute,row,raw_sensor,1.0,0.0,0.0,cyclic,Held-Out Raw Sensor CP,sensor_0,"[""sensor_1"", ""sensor_2""]"
"[""sensor_0"", ""sensor_1"", ""sensor_2""]",sensor_0,toy_spatial,42,,81.0,7.345582962036133,7.345582962036133,7.345582962036133,0.8008,0.99975,0.8008,0.8008,,,14.691165922164917,20000,20000,,,20000,,0.2,raw_absolute,row,raw_sensor,1.0,0.0,0.0,cyclic,Held-Out Raw Sensor CP,sensor_1,"[""sensor_0"", ""sensor_2""]"
"[""sensor_0"", ""sensor_1"", ""sensor_2""]",sensor_0,toy_spatial,42,,81.0,9.638803482055664,9.638803482055664,9.638803482055664,0.799,1.0,0.799,0.799,,,19.277606965923308,20000,20000,,,20000,,0.2,raw_absolute,row,raw_sensor,1.0,0.0,0.0,cyclic,Held-Out Raw Sensor CP,sensor_2,"[""sensor_0"", ""sensor_1""]"
"[""sensor_0"", ""sensor_1"", ""sensor_2""]",sensor_0,toy_spatial,42,,81.0,1.2815515655446008,,,0.78695,0.78695,,,,,4.296663761138916,20000,0,,0.0,20000,,0.2,none,,,,,,,Fused Posterior Predictive,,"[""sensor_0"", ""sensor_1"", ""sensor_2""]"
"[""sensor_0"", ""sensor_1"", ""sensor_2""]",sensor_0,toy_spatial,42,,82.0,1.3203721046447754,1.3203721046447754,1.3203721046447754,0.8024,0.8024,,,,,4.426684784626961,20000,20000,,,20000,,0.2,model_normalized,row,reference,1.0,0.0,1.0,cyclic,Oracle Split Conformal,,"[""sensor_0"", ""sensor_1"", ""sensor_2""]"
"[""sensor_0"", ""sensor_1"", ""sensor_2""]",sensor_0,toy_spatial,42,,82.0,4.294944763183594,4.294944763183594,4.294944763183594,0.79955,0.92995,0.79955,0.79955,,,8.589889527368545,20000,20000,,,20000,,0.2,raw_absolute,row,raw_sensor,1.0,0.0,0.0,cyclic,Held-Out Raw Sensor CP,sensor_0,"[""sensor_1"", ""sensor_2""]"
"[""sensor_0"", ""sensor_1"", ""sensor_2""]",sensor_0,toy_spatial,42,,82.0,7.292331695556641,7.292331695556641,7.292331695556641,0.79405,0.99955,0.79405,0.79405,,,14.584663389110563,20000,20000,,,20000,,0.2,raw_absolute,row,raw_sensor,1.0,0.0,0.0,cyclic,Held-Out Raw Sensor CP,sensor_1,"[""sensor_0"", ""sensor_2""]"
"[""sensor_0"", ""sensor_1"", ""sensor_2""]",sensor_0,toy_spatial,42,,82.0,9.728031158447266,9.728031158447266,9.728031158447266,0.80655,1.0,0.80655,0.80655,,,19.456062317943573,20000,20000,,,20000,,0.2,raw_absolute,row,raw_sensor,1.0,0.0,0.0,cyclic,Held-Out Raw Sensor CP,sensor_2,"[""sensor_0"", ""sensor_1""]"
"[""sensor_0"", ""sensor_1"", ""sensor_2""]",sensor_0,toy_spatial,42,,82.0,1.2815515655446008,,,0.78765,0.78765,,,,,4.296535015106201,20000,0,,0.0,20000,,0.2,none,,,,,,,Fused Posterior Predictive,,"[""sensor_0"", ""sensor_1"", ""sensor_2""]"
"[""sensor_0"", ""sensor_1"", ""sensor_2""]",sensor_0,toy_spatial,42,,83.0,1.3179723024368286,1.3179723024368286,1.3179723024368286,0.8003,0.8003,,,,,4.419494945192337,20000,20000,,,20000,,0.2,model_normalized,row,reference,1.0,0.0,1.0,cyclic,Oracle Split Conformal,,"[""sensor_0"", ""sensor_1"", ""sensor_2""]"
"[""sensor_0"", ""sensor_1"", ""sensor_2""]",sensor_0,toy_spatial,42,,83.0,4.287793159484863,4.287793159484863,4.287793159484863,0.79765,0.9275,0.79765,0.79765,,,8.575586312484742,20000,20000,,,20000,,0.2,raw_absolute,row,raw_sensor,1.0,0.0,0.0,cyclic,Held-Out Raw Sensor CP,sensor_0,"[""sensor_1"", ""sensor_2""]"
"[""sensor_0"", ""sensor_1"", ""sensor_2""]",sensor_0,toy_spatial,42,,83.0,7.37742805480957,7.37742805480957,7.37742805480957,0.8047,0.99955,0.8047,0.8047,,,14.75485611410141,20000,20000,,,20000,,0.2,raw_absolute,row,raw_sensor,1.0,0.0,0.0,cyclic,Held-Out Raw Sensor CP,sensor_1,"[""sensor_0"", ""sensor_2""]"
"[""sensor_0"", ""sensor_1"", ""sensor_2""]",sensor_0,toy_spatial,42,,83.0,9.65456199645996,9.65456199645996,9.65456199645996,0.80025,1.0,0.80025,0.80025,,,19.309123990631104,20000,20000,,,20000,,0.2,raw_absolute,row,raw_sensor,1.0,0.0,0.0,cyclic,Held-Out Raw Sensor CP,sensor_2,"[""sensor_0"", ""sensor_1""]"
"[""sensor_0"", ""sensor_1"", ""sensor_2""]",sensor_0,toy_spatial,42,,83.0,1.2815515655446008,,,0.7878,0.7878,,,,,4.297367095947266,20000,0,,0.0,20000,,0.2,none,,,,,,,Fused Posterior Predictive,,"[""sensor_0"", ""sensor_1"", ""sensor_2""]"
"[""sensor_0"", ""sensor_1"", ""sensor_2""]",sensor_0,toy_spatial,42,,84.0,1.3240574598312378,1.3240574598312378,1.3240574598312378,0.8046,0.8046,,,,,4.438823652529717,20000,20000,,,20000,,0.2,model_normalized,row,reference,1.0,0.0,1.0,cyclic,Oracle Split Conformal,,"[""sensor_0"", ""sensor_1"", ""sensor_2""]"
"[""sensor_0"", ""sensor_1"", ""sensor_2""]",sensor_0,toy_spatial,42,,84.0,4.2684173583984375,4.2684173583984375,4.2684173583984375,0.79375,0.9272,0.79375,0.79375,,,8.536834717273711,20000,20000,,,20000,,0.2,raw_absolute,row,raw_sensor,1.0,0.0,0.0,cyclic,Held-Out Raw Sensor CP,sensor_0,"[""sensor_1"", ""sensor_2""]"
"[""sensor_0"", ""sensor_1"", ""sensor_2""]",sensor_0,toy_spatial,42,,84.0,7.279322624206543,7.279322624206543,7.279322624206543,0.7919,0.99945,0.7919,0.7919,,,14.558645259332655,20000,20000,,,20000,,0.2,raw_absolute,row,raw_sensor,1.0,0.0,0.0,cyclic,Held-Out Raw Sensor CP,sensor_1,"[""sensor_0"", ""sensor_2""]"
"[""sensor_0"", ""sensor_1"", ""sensor_2""]",sensor_0,toy_spatial,42,,84.0,9.71730136871338,9.71730136871338,9.71730136871338,0.80545,1.0,0.80545,0.80545,,,19.434602703380584,20000,20000,,,20000,,0.2,raw_absolute,row,raw_sensor,1.0,0.0,0.0,cyclic,Held-Out Raw Sensor CP,sensor_2,"[""sensor_0"", ""sensor_1""]"
"[""sensor_0"", ""sensor_1"", ""sensor_2""]",sensor_0,toy_spatial,42,,84.0,1.2815515655446008,,,0.78915,0.78915,,,,,4.296325206756592,20000,0,,0.0,20000,,0.2,none,,,,,,,Fused Posterior Predictive,,"[""sensor_0"", ""sensor_1"", ""sensor_2""]"
"[""sensor_0"", ""sensor_1"", ""sensor_2""]",sensor_0,toy_spatial,42,,85.0,1.3233245611190796,1.3233245611190796,1.3233245611190796,0.80415,0.80415,,,,,4.437660556077957,20000,20000,,,20000,,0.2,model_normalized,row,reference,1.0,0.0,1.0,cyclic,Oracle Split Conformal,,"[""sensor_0"", ""sensor_1"", ""sensor_2""]"
"[""sensor_0"", ""sensor_1"", ""sensor_2""]",sensor_0,toy_spatial,42,,85.0,4.317532539367676,4.317532539367676,4.317532539367676,0.80365,0.9299,0.80365,0.80365,,,8.635065077543258,20000,20000,,,20000,,0.2,raw_absolute,row,raw_sensor,1.0,0.0,0.0,cyclic,Held-Out Raw Sensor CP,sensor_0,"[""sensor_1"", ""sensor_2""]"
"[""sensor_0"", ""sensor_1"", ""sensor_2""]",sensor_0,toy_spatial,42,,85.0,7.3612060546875,7.3612060546875,7.3612060546875,0.8024,0.9998,0.8024,0.8024,,,14.722412107419968,20000,20000,,,20000,,0.2,raw_absolute,row,raw_sensor,1.0,0.0,0.0,cyclic,Held-Out Raw Sensor CP,sensor_1,"[""sensor_0"", ""sensor_2""]"
"[""sensor_0"", ""sensor_1"", ""sensor_2""]",sensor_0,toy_spatial,42,,85.0,9.707582473754885,9.707582473754885,9.707582473754885,0.8047,1.0,0.8047,0.8047,,,19.415164952850343,20000,20000,,,20000,,0.2,raw_absolute,row,raw_sensor,1.0,0.0,0.0,cyclic,Held-Out Raw Sensor CP,sensor_2,"[""sensor_0"", ""sensor_1""]"
"[""sensor_0"", ""sensor_1"", ""sensor_2""]",sensor_0,toy_spatial,42,,85.0,1.2815515655446008,,,0.78935,0.78935,,,,,4.29757833480835,20000,0,,0.0,20000,,0.2,none,,,,,,,Fused Posterior Predictive,,"[""sensor_0"", ""sensor_1"", ""sensor_2""]"
"[""sensor_0"", ""sensor_1"", ""sensor_2""]",sensor_0,toy_spatial,42,,86.0,1.310112476348877,1.310112476348877,1.310112476348877,0.79495,0.79495,,,,,4.392144849419593,20000,20000,,,20000,,0.2,model_normalized,row,reference,1.0,0.0,1.0,cyclic,Oracle Split Conformal,,"[""sensor_0"", ""sensor_1"", ""sensor_2""]"
"[""sensor_0"", ""sensor_1"", ""sensor_2""]",sensor_0,toy_spatial,42,,86.0,4.279453277587891,4.279453277587891,4.279453277587891,0.7961,0.9254,0.7961,0.7961,,,8.558906553316117,20000,20000,,,20000,,0.2,raw_absolute,row,raw_sensor,1.0,0.0,0.0,cyclic,Held-Out Raw Sensor CP,sensor_0,"[""sensor_1"", ""sensor_2""]"
"[""sensor_0"", ""sensor_1"", ""sensor_2""]",sensor_0,toy_spatial,42,,86.0,7.3403167724609375,7.3403167724609375,7.3403167724609375,0.80005,0.9994,0.80005,0.80005,,,14.68063354153633,20000,20000,,,20000,,0.2,raw_absolute,row,raw_sensor,1.0,0.0,0.0,cyclic,Held-Out Raw Sensor CP,sensor_1,"[""sensor_0"", ""sensor_2""]"
"[""sensor_0"", ""sensor_1"", ""sensor_2""]",sensor_0,toy_spatial,42,,86.0,9.689176559448242,9.689176559448242,9.689176559448242,0.80305,1.0,0.80305,0.80305,,,19.378353117084504,20000,20000,,,20000,,0.2,raw_absolute,row,raw_sensor,1.0,0.0,0.0,cyclic,Held-Out Raw Sensor CP,sensor_2,"[""sensor_0"", ""sensor_1""]"
"[""sensor_0"", ""sensor_1"", ""sensor_2""]",sensor_0,toy_spatial,42,,86.0,1.2815515655446008,,,0.7846,0.7846,,,,,4.296394348144531,20000,0,,0.0,20000,,0.2,none,,,,,,,Fused Posterior Predictive,,"[""sensor_0"", ""sensor_1"", ""sensor_2""]"
"[""sensor_0"", ""sensor_1"", ""sensor_2""]",sensor_0,toy_spatial,42,,87.0,1.315826416015625,1.315826416015625,1.315826416015625,0.79825,0.79825,,,,,4.411484193181992,20000,20000,,,20000,,0.2,model_normalized,row,reference,1.0,0.0,1.0,cyclic,Oracle Split Conformal,,"[""sensor_0"", ""sensor_1"", ""sensor_2""]"
"[""sensor_0"", ""sensor_1"", ""sensor_2""]",sensor_0,toy_spatial,42,,87.0,4.280704498291016,4.280704498291016,4.280704498291016,0.79645,0.92555,0.79645,0.79645,,,8.561408997058868,20000,20000,,,20000,,0.2,raw_absolute,row,raw_sensor,1.0,0.0,0.0,cyclic,Held-Out Raw Sensor CP,sensor_0,"[""sensor_1"", ""sensor_2""]"
"[""sensor_0"", ""sensor_1"", ""sensor_2""]",sensor_0,toy_spatial,42,,87.0,7.326395034790039,7.326395034790039,7.326395034790039,0.79785,0.9998,0.79785,0.79785,,,14.652790073108672,20000,20000,,,20000,,0.2,raw_absolute,row,raw_sensor,1.0,0.0,0.0,cyclic,Held-Out Raw Sensor CP,sensor_1,"[""sensor_0"", ""sensor_2""]"
"[""sensor_0"", ""sensor_1"", ""sensor_2""]",sensor_0,toy_spatial,42,,87.0,9.682727813720703,9.682727813720703,9.682727813720703,0.80275,1.0,0.80275,0.80275,,,19.36545562543869,20000,20000,,,20000,,0.2,raw_absolute,row,raw_sensor,1.0,0.0,0.0,cyclic,Held-Out Raw Sensor CP,sensor_2,"[""sensor_0"", ""sensor_1""]"
"[""sensor_0"", ""sensor_1"", ""sensor_2""]",sensor_0,toy_spatial,42,,87.0,1.2815515655446008,,,0.7859,0.7859,,,,,4.296573638916016,20000,0,,0.0,20000,,0.2,none,,,,,,,Fused Posterior Predictive,,"[""sensor_0"", ""sensor_1"", ""sensor_2""]"
"[""sensor_0"", ""sensor_1"", ""sensor_2""]",sensor_0,toy_spatial,42,,88.0,1.3212740421295166,1.3212740421295166,1.3212740421295166,0.8029,0.8029,,,,,4.430319004034996,20000,20000,,,20000,,0.2,model_normalized,row,reference,1.0,0.0,1.0,cyclic,Oracle Split Conformal,,"[""sensor_0"", ""sensor_1"", ""sensor_2""]"
"[""sensor_0"", ""sensor_1"", ""sensor_2""]",sensor_0,toy_spatial,42,,88.0,4.297092437744141,4.297092437744141,4.297092437744141,0.7999,0.9313,0.7999,0.7999,,,8.59418487534523,20000,20000,,,20000,,0.2,raw_absolute,row,raw_sensor,1.0,0.0,0.0,cyclic,Held-Out Raw Sensor CP,sensor_0,"[""sensor_1"", ""sensor_2""]"
"[""sensor_0"", ""sensor_1"", ""sensor_2""]",sensor_0,toy_spatial,42,,88.0,7.340194702148437,7.340194702148437,7.340194702148437,0.8,0.9996,0.8,0.8,,,14.680389401006698,20000,20000,,,20000,,0.2,raw_absolute,row,raw_sensor,1.0,0.0,0.0,cyclic,Held-Out Raw Sensor CP,sensor_1,"[""sensor_0"", ""sensor_2""]"
"[""sensor_0"", ""sensor_1"", ""sensor_2""]",sensor_0,toy_spatial,42,,88.0,9.594207763671877,9.594207763671877,9.594207763671877,0.79535,1.0,0.79535,0.79535,,,19.188415524673463,20000,20000,,,20000,,0.2,raw_absolute,row,raw_sensor,1.0,0.0,0.0,cyclic,Held-Out Raw Sensor CP,sensor_2,"[""sensor_0"", ""sensor_1""]"
"[""sensor_0"", ""sensor_1"", ""sensor_2""]",sensor_0,toy_spatial,42,,88.0,1.2815515655446008,,,0.78685,0.78685,,,,,4.297126770019531,20000,0,,0.0,20000,,0.2,none,,,,,,,Fused Posterior Predictive,,"[""sensor_0"", ""sensor_1"", ""sensor_2""]"
"[""sensor_0"", ""sensor_1"", ""sensor_2""]",sensor_0,toy_spatial,42,,89.0,1.318279504776001,1.318279504776001,1.318279504776001,0.80065,0.80065,,,,,4.419744278836251,20000,20000,,,20000,,0.2,model_normalized,row,reference,1.0,0.0,1.0,cyclic,Oracle Split Conformal,,"[""sensor_0"", ""sensor_1"", ""sensor_2""]"
"[""sensor_0"", ""sensor_1"", ""sensor_2""]",sensor_0,toy_spatial,42,,89.0,4.295528411865234,4.295528411865234,4.295528411865234,0.7996,0.92535,0.7996,0.7996,,,8.591056824541091,20000,20000,,,20000,,0.2,raw_absolute,row,raw_sensor,1.0,0.0,0.0,cyclic,Held-Out Raw Sensor CP,sensor_0,"[""sensor_1"", ""sensor_2""]"
"[""sensor_0"", ""sensor_1"", ""sensor_2""]",sensor_0,toy_spatial,42,,89.0,7.37544059753418,7.37544059753418,7.37544059753418,0.8045,0.9994,0.8045,0.8045,,,14.750881196641922,20000,20000,,,20000,,0.2,raw_absolute,row,raw_sensor,1.0,0.0,0.0,cyclic,Held-Out Raw Sensor CP,sensor_1,"[""sensor_0"", ""sensor_2""]"
"[""sensor_0"", ""sensor_1"", ""sensor_2""]",sensor_0,toy_spatial,42,,89.0,9.644765853881836,9.644765853881836,9.644765853881836,0.7994,1.0,0.7994,0.7994,,,19.289531703567505,20000,20000,,,20000,,0.2,raw_absolute,row,raw_sensor,1.0,0.0,0.0,cyclic,Held-Out Raw Sensor CP,sensor_2,"[""sensor_0"", ""sensor_1""]"
"[""sensor_0"", ""sensor_1"", ""sensor_2""]",sensor_0,toy_spatial,42,,89.0,1.2815515655446008,,,0.78745,0.78745,,,,,4.296607971191406,20000,0,,0.0,20000,,0.2,none,,,,,,,Fused Posterior Predictive,,"[""sensor_0"", ""sensor_1"", ""sensor_2""]"
"[""sensor_0"", ""sensor_1"", ""sensor_2""]",sensor_0,toy_spatial,42,,90.0,1.322696089744568,1.322696089744568,1.322696089744568,0.80375,0.80375,,,,,4.435155277371407,20000,20000,,,20000,,0.2,model_normalized,row,reference,1.0,0.0,1.0,cyclic,Oracle Split Conformal,,"[""sensor_0"", ""sensor_1"", ""sensor_2""]"
"[""sensor_0"", ""sensor_1"", ""sensor_2""]",sensor_0,toy_spatial,42,,90.0,4.307452201843262,4.307452201843262,4.307452201843262,0.8021,0.9291,0.8021,0.8021,,,8.614904399442672,20000,20000,,,20000,,0.2,raw_absolute,row,raw_sensor,1.0,0.0,0.0,cyclic,Held-Out Raw Sensor CP,sensor_0,"[""sensor_1"", ""sensor_2""]"
"[""sensor_0"", ""sensor_1"", ""sensor_2""]",sensor_0,toy_spatial,42,,90.0,7.388710021972656,7.388710021972656,7.388710021972656,0.8056,0.99945,0.8056,0.8056,,,14.777420042276384,20000,20000,,,20000,,0.2,raw_absolute,row,raw_sensor,1.0,0.0,0.0,cyclic,Held-Out Raw Sensor CP,sensor_1,"[""sensor_0"", ""sensor_2""]"
"[""sensor_0"", ""sensor_1"", ""sensor_2""]",sensor_0,toy_spatial,42,,90.0,9.688116073608398,9.688116073608398,9.688116073608398,0.803,1.0,0.803,0.803,,,19.37623214302063,20000,20000,,,20000,,0.2,raw_absolute,row,raw_sensor,1.0,0.0,0.0,cyclic,Held-Out Raw Sensor CP,sensor_2,"[""sensor_0"", ""sensor_1""]"
"[""sensor_0"", ""sensor_1"", ""sensor_2""]",sensor_0,toy_spatial,42,,90.0,1.2815515655446008,,,0.7892,0.7892,,,,,4.2971930503845215,20000,0,,0.0,20000,,0.2,none,,,,,,,Fused Posterior Predictive,,"[""sensor_0"", ""sensor_1"", ""sensor_2""]"
"[""sensor_0"", ""sensor_1"", ""sensor_2""]",sensor_0,toy_spatial,42,,91.0,1.317455530166626,1.317455530166626,1.317455530166626,0.79985,0.79985,,,,,4.416733372783661,20000,20000,,,20000,,0.2,model_normalized,row,reference,1.0,0.0,1.0,cyclic,Oracle Split Conformal,,"[""sensor_0"", ""sensor_1"", ""sensor_2""]"
"[""sensor_0"", ""sensor_1"", ""sensor_2""]",sensor_0,toy_spatial,42,,91.0,4.289200305938721,4.289200305938721,4.289200305938721,0.798,0.92925,0.798,0.798,,,8.57840018105507,20000,20000,,,20000,,0.2,raw_absolute,row,raw_sensor,1.0,0.0,0.0,cyclic,Held-Out Raw Sensor CP,sensor_0,"[""sensor_1"", ""sensor_2""]"
"[""sensor_0"", ""sensor_1"", ""sensor_2""]",sensor_0,toy_spatial,42,,91.0,7.338359832763672,7.338359832763672,7.338359832763672,0.7997,0.9997,0.7997,0.7997,,,14.6767196665287,20000,20000,,,20000,,0.2,raw_absolute,row,raw_sensor,1.0,0.0,0.0,cyclic,Held-Out Raw Sensor CP,sensor_1,"[""sensor_0"", ""sensor_2""]"
"[""sensor_0"", ""sensor_1"", ""sensor_2""]",sensor_0,toy_spatial,42,,91.0,9.725265502929688,9.725265502929688,9.725265502929688,0.80605,1.0,0.80605,0.80605,,,19.45053099975586,20000,20000,,,20000,,0.2,raw_absolute,row,raw_sensor,1.0,0.0,0.0,cyclic,Held-Out Raw Sensor CP,sensor_2,"[""sensor_0"", ""sensor_1""]"
"[""sensor_0"", ""sensor_1"", ""sensor_2""]",sensor_0,toy_spatial,42,,91.0,1.2815515655446008,,,0.78645,0.78645,,,,,4.296366691589356,20000,0,,0.0,20000,,0.2,none,,,,,,,Fused Posterior Predictive,,"[""sensor_0"", ""sensor_1"", ""sensor_2""]"
"[""sensor_0"", ""sensor_1"", ""sensor_2""]",sensor_0,toy_spatial,42,,92.0,1.3151510953903198,1.3151510953903198,1.3151510953903198,0.7978,0.7978,,,,,4.408560802030563,20000,20000,,,20000,,0.2,model_normalized,row,reference,1.0,0.0,1.0,cyclic,Oracle Split Conformal,,"[""sensor_0"", ""sensor_1"", ""sensor_2""]"
"[""sensor_0"", ""sensor_1"", ""sensor_2""]",sensor_0,toy_spatial,42,,92.0,4.266490936279297,4.266490936279297,4.266490936279297,0.79345,0.92415,0.79345,0.79345,,,8.532981871032716,20000,20000,,,20000,,0.2,raw_absolute,row,raw_sensor,1.0,0.0,0.0,cyclic,Held-Out Raw Sensor CP,sensor_0,"[""sensor_1"", ""sensor_2""]"
"[""sensor_0"", ""sensor_1"", ""sensor_2""]",sensor_0,toy_spatial,42,,92.0,7.332192420959473,7.332192420959473,7.332192420959473,0.7987,0.9995,0.7987,0.7987,,,14.664384838485718,20000,20000,,,20000,,0.2,raw_absolute,row,raw_sensor,1.0,0.0,0.0,cyclic,Held-Out Raw Sensor CP,sensor_1,"[""sensor_0"", ""sensor_2""]"
"[""sensor_0"", ""sensor_1"", ""sensor_2""]",sensor_0,toy_spatial,42,,92.0,9.679112434387209,9.679112434387209,9.679112434387209,0.8024,1.0,0.8024,0.8024,,,19.35822485675812,20000,20000,,,20000,,0.2,raw_absolute,row,raw_sensor,1.0,0.0,0.0,cyclic,Held-Out Raw Sensor CP,sensor_2,"[""sensor_0"", ""sensor_1""]"
"[""sensor_0"", ""sensor_1"", ""sensor_2""]",sensor_0,toy_spatial,42,,92.0,1.2815515655446008,,,0.7857,0.7857,,,,,4.295930862426758,20000,0,,0.0,20000,,0.2,none,,,,,,,Fused Posterior Predictive,,"[""sensor_0"", ""sensor_1"", ""sensor_2""]"
"[""sensor_0"", ""sensor_1"", ""sensor_2""]",sensor_0,toy_spatial,42,,93.0,1.3212722539901731,1.3212722539901731,1.3212722539901731,0.80285,0.80285,,,,,4.430099396729469,20000,20000,,,20000,,0.2,model_normalized,row,reference,1.0,0.0,1.0,cyclic,Oracle Split Conformal,,"[""sensor_0"", ""sensor_1"", ""sensor_2""]"
"[""sensor_0"", ""sensor_1"", ""sensor_2""]",sensor_0,toy_spatial,42,,93.0,4.315874576568604,4.315874576568604,4.315874576568604,0.80345,0.9281,0.80345,0.80345,,,8.631748715639114,20000,20000,,,20000,,0.2,raw_absolute,row,raw_sensor,1.0,0.0,0.0,cyclic,Held-Out Raw Sensor CP,sensor_0,"[""sensor_1"", ""sensor_2""]"
"[""sensor_0"", ""sensor_1"", ""sensor_2""]",sensor_0,toy_spatial,42,,93.0,7.433653831481934,7.433653831481934,7.433653831481934,0.8106,0.99965,0.8106,0.8106,,,14.867307667779922,20000,20000,,,20000,,0.2,raw_absolute,row,raw_sensor,1.0,0.0,0.0,cyclic,Held-Out Raw Sensor CP,sensor_1,"[""sensor_0"", ""sensor_2""]"
"[""sensor_0"", ""sensor_1"", ""sensor_2""]",sensor_0,toy_spatial,42,,93.0,9.731264114379885,9.731264114379885,9.731264114379885,0.80695,1.0,0.80695,0.80695,,,19.462528232955933,20000,20000,,,20000,,0.2,raw_absolute,row,raw_sensor,1.0,0.0,0.0,cyclic,Held-Out Raw Sensor CP,sensor_2,"[""sensor_0"", ""sensor_1""]"
"[""sensor_0"", ""sensor_1"", ""sensor_2""]",sensor_0,toy_spatial,42,,93.0,1.2815515655446008,,,0.78925,0.78925,,,,,4.296919822692871,20000,0,,0.0,20000,,0.2,none,,,,,,,Fused Posterior Predictive,,"[""sensor_0"", ""sensor_1"", ""sensor_2""]"
"[""sensor_0"", ""sensor_1"", ""sensor_2""]",sensor_0,toy_spatial,42,,94.0,1.317420482635498,1.317420482635498,1.317420482635498,0.7998,0.7998,,,,,4.416933108997345,20000,20000,,,20000,,0.2,model_normalized,row,reference,1.0,0.0,1.0,cyclic,Oracle Split Conformal,,"[""sensor_0"", ""sensor_1"", ""sensor_2""]"
"[""sensor_0"", ""sensor_1"", ""sensor_2""]",sensor_0,toy_spatial,42,,94.0,4.329031944274902,4.329031944274902,4.329031944274902,0.80615,0.93335,0.80615,0.80615,,,8.658063892698287,20000,20000,,,20000,,0.2,raw_absolute,row,raw_sensor,1.0,0.0,0.0,cyclic,Held-Out Raw Sensor CP,sensor_0,"[""sensor_1"", ""sensor_2""]"
"[""sensor_0"", ""sensor_1"", ""sensor_2""]",sensor_0,toy_spatial,42,,94.0,7.339365005493164,7.339365005493164,7.339365005493164,0.7998,0.9995,0.7998,0.7998,,,14.678730018138886,20000,20000,,,20000,,0.2,raw_absolute,row,raw_sensor,1.0,0.0,0.0,cyclic,Held-Out Raw Sensor CP,sensor_1,"[""sensor_0"", ""sensor_2""]"
"[""sensor_0"", ""sensor_1"", ""sensor_2""]",sensor_0,toy_spatial,42,,94.0,9.669492721557615,9.669492721557615,9.669492721557615,0.80155,1.0,0.80155,0.80155,,,19.33898543758392,20000,20000,,,20000,,0.2,raw_absolute,row,raw_sensor,1.0,0.0,0.0,cyclic,Held-Out Raw Sensor CP,sensor_2,"[""sensor_0"", ""sensor_1""]"
"[""sensor_0"", ""sensor_1"", ""sensor_2""]",sensor_0,toy_spatial,42,,94.0,1.2815515655446008,,,0.78725,0.78725,,,,,4.296675205230713,20000,0,,0.0,20000,,0.2,none,,,,,,,Fused Posterior Predictive,,"[""sensor_0"", ""sensor_1"", ""sensor_2""]"
"[""sensor_0"", ""sensor_1"", ""sensor_2""]",sensor_0,toy_spatial,42,,95.0,1.3232450485229492,1.3232450485229492,1.3232450485229492,0.8041,0.8041,,,,,4.436327313160897,20000,20000,,,20000,,0.2,model_normalized,row,reference,1.0,0.0,1.0,cyclic,Oracle Split Conformal,,"[""sensor_0"", ""sensor_1"", ""sensor_2""]"
"[""sensor_0"", ""sensor_1"", ""sensor_2""]",sensor_0,toy_spatial,42,,95.0,4.302217483520508,4.302217483520508,4.302217483520508,0.80085,0.9296,0.80085,0.80085,,,8.60443496246338,20000,20000,,,20000,,0.2,raw_absolute,row,raw_sensor,1.0,0.0,0.0,cyclic,Held-Out Raw Sensor CP,sensor_0,"[""sensor_1"", ""sensor_2""]"
"[""sensor_0"", ""sensor_1"", ""sensor_2""]",sensor_0,toy_spatial,42,,95.0,7.35957145690918,7.35957145690918,7.35957145690918,0.8022,0.9996,0.8022,0.8022,,,14.719142912435531,20000,20000,,,20000,,0.2,raw_absolute,row,raw_sensor,1.0,0.0,0.0,cyclic,Held-Out Raw Sensor CP,sensor_1,"[""sensor_0"", ""sensor_2""]"
"[""sensor_0"", ""sensor_1"", ""sensor_2""]",sensor_0,toy_spatial,42,,95.0,9.683202743530272,9.683202743530272,9.683202743530272,0.80285,1.0,0.80285,0.80285,,,19.36640548534393,20000,20000,,,20000,,0.2,raw_absolute,row,raw_sensor,1.0,0.0,0.0,cyclic,Held-Out Raw Sensor CP,sensor_2,"[""sensor_0"", ""sensor_1""]"
"[""sensor_0"", ""sensor_1"", ""sensor_2""]",sensor_0,toy_spatial,42,,95.0,1.2815515655446008,,,0.7901,0.7901,,,,,4.296545505523682,20000,0,,0.0,20000,,0.2,none,,,,,,,Fused Posterior Predictive,,"[""sensor_0"", ""sensor_1"", ""sensor_2""]"
"[""sensor_0"", ""sensor_1"", ""sensor_2""]",sensor_0,toy_spatial,42,,96.0,1.3172945976257324,1.3172945976257324,1.3172945976257324,0.7997,0.7997,,,,,4.41682057864666,20000,20000,,,20000,,0.2,model_normalized,row,reference,1.0,0.0,1.0,cyclic,Oracle Split Conformal,,"[""sensor_0"", ""sensor_1"", ""sensor_2""]"
"[""sensor_0"", ""sensor_1"", ""sensor_2""]",sensor_0,toy_spatial,42,,96.0,4.290737152099609,4.290737152099609,4.290737152099609,0.79855,0.9281,0.79855,0.79855,,,8.581474307489396,20000,20000,,,20000,,0.2,raw_absolute,row,raw_sensor,1.0,0.0,0.0,cyclic,Held-Out Raw Sensor CP,sensor_0,"[""sensor_1"", ""sensor_2""]"
"[""sensor_0"", ""sensor_1"", ""sensor_2""]",sensor_0,toy_spatial,42,,96.0,7.328252792358398,7.328252792358398,7.328252792358398,0.79815,0.99945,0.79815,0.79815,,,14.65650558795929,20000,20000,,,20000,,0.2,raw_absolute,row,raw_sensor,1.0,0.0,0.0,cyclic,Held-Out Raw Sensor CP,sensor_1,"[""sensor_0"", ""sensor_2""]"
"[""sensor_0"", ""sensor_1"", ""sensor_2""]",sensor_0,toy_spatial,42,,96.0,9.76289176940918,9.76289176940918,9.76289176940918,0.81005,1.0,0.81005,0.81005,,,19.525783534812927,20000,20000,,,20000,,0.2,raw_absolute,row,raw_sensor,1.0,0.0,0.0,cyclic,Held-Out Raw Sensor CP,sensor_2,"[""sensor_0"", ""sensor_1""]"
"[""sensor_0"", ""sensor_1"", ""sensor_2""]",sensor_0,toy_spatial,42,,96.0,1.2815515655446008,,,0.78645,0.78645,,,,,4.296976089477539,20000,0,,0.0,20000,,0.2,none,,,,,,,Fused Posterior Predictive,,"[""sensor_0"", ""sensor_1"", ""sensor_2""]"
"[""sensor_0"", ""sensor_1"", ""sensor_2""]",sensor_0,toy_spatial,42,,97.0,1.3345048427581787,1.3345048427581787,1.3345048427581787,0.81075,0.81075,,,,,4.474846019482612,20000,20000,,,20000,,0.2,model_normalized,row,reference,1.0,0.0,1.0,cyclic,Oracle Split Conformal,,"[""sensor_0"", ""sensor_1"", ""sensor_2""]"
"[""sensor_0"", ""sensor_1"", ""sensor_2""]",sensor_0,toy_spatial,42,,97.0,4.3302764892578125,4.3302764892578125,4.3302764892578125,0.8065,0.9346,0.8065,0.8065,,,8.660552979373932,20000,20000,,,20000,,0.2,raw_absolute,row,raw_sensor,1.0,0.0,0.0,cyclic,Held-Out Raw Sensor CP,sensor_0,"[""sensor_1"", ""sensor_2""]"
"[""sensor_0"", ""sensor_1"", ""sensor_2""]",sensor_0,toy_spatial,42,,97.0,7.366340637207031,7.366340637207031,7.366340637207031,0.8035,0.9995,0.8035,0.8035,,,14.73268127231598,20000,20000,,,20000,,0.2,raw_absolute,row,raw_sensor,1.0,0.0,0.0,cyclic,Held-Out Raw Sensor CP,sensor_1,"[""sensor_0"", ""sensor_2""]"
"[""sensor_0"", ""sensor_1"", ""sensor_2""]",sensor_0,toy_spatial,42,,97.0,9.675325393676758,9.675325393676758,9.675325393676758,0.80215,1.0,0.80215,0.80215,,,19.35065079193115,20000,20000,,,20000,,0.2,raw_absolute,row,raw_sensor,1.0,0.0,0.0,cyclic,Held-Out Raw Sensor CP,sensor_2,"[""sensor_0"", ""sensor_1""]"
"[""sensor_0"", ""sensor_1"", ""sensor_2""]",sensor_0,toy_spatial,42,,97.0,1.2815515655446008,,,0.79295,0.79295,,,,,4.297284126281738,20000,0,,0.0,20000,,0.2,none,,,,,,,Fused Posterior Predictive,,"[""sensor_0"", ""sensor_1"", ""sensor_2""]"
"[""sensor_0"", ""sensor_1"", ""sensor_2""]",sensor_0,toy_spatial,42,,98.0,1.3217819929122925,1.3217819929122925,1.3217819929122925,0.8032,0.8032,,,,,4.431417695355416,20000,20000,,,20000,,0.2,model_normalized,row,reference,1.0,0.0,1.0,cyclic,Oracle Split Conformal,,"[""sensor_0"", ""sensor_1"", ""sensor_2""]"
"[""sensor_0"", ""sensor_1"", ""sensor_2""]",sensor_0,toy_spatial,42,,98.0,4.2684173583984375,4.2684173583984375,4.2684173583984375,0.79375,0.92575,0.79375,0.79375,,,8.536834715986252,20000,20000,,,20000,,0.2,raw_absolute,row,raw_sensor,1.0,0.0,0.0,cyclic,Held-Out Raw Sensor CP,sensor_0,"[""sensor_1"", ""sensor_2""]"
"[""sensor_0"", ""sensor_1"", ""sensor_2""]",sensor_0,toy_spatial,42,,98.0,7.355796813964844,7.355796813964844,7.355796813964844,0.80175,0.9995,0.80175,0.80175,,,14.71159362206459,20000,20000,,,20000,,0.2,raw_absolute,row,raw_sensor,1.0,0.0,0.0,cyclic,Held-Out Raw Sensor CP,sensor_1,"[""sensor_0"", ""sensor_2""]"
"[""sensor_0"", ""sensor_1"", ""sensor_2""]",sensor_0,toy_spatial,42,,98.0,9.721345901489258,9.721345901489258,9.721345901489258,0.8057,1.0,0.8057,0.8057,,,19.442691806316372,20000,20000,,,20000,,0.2,raw_absolute,row,raw_sensor,1.0,0.0,0.0,cyclic,Held-Out Raw Sensor CP,sensor_2,"[""sensor_0"", ""sensor_1""]"
"[""sensor_0"", ""sensor_1"", ""sensor_2""]",sensor_0,toy_spatial,42,,98.0,1.2815515655446008,,,0.78795,0.78795,,,,,4.296541213989258,20000,0,,0.0,20000,,0.2,none,,,,,,,Fused Posterior Predictive,,"[""sensor_0"", ""sensor_1"", ""sensor_2""]"
"[""sensor_0"", ""sensor_1"", ""sensor_2""]",sensor_0,toy_spatial,42,,99.0,1.3165764808654783,1.3165764808654783,1.3165764808654783,0.799,0.799,,,,,4.414292443060875,20000,20000,,,20000,,0.2,model_normalized,row,reference,1.0,0.0,1.0,cyclic,Oracle Split Conformal,,"[""sensor_0"", ""sensor_1"", ""sensor_2""]"
"[""sensor_0"", ""sensor_1"", ""sensor_2""]",sensor_0,toy_spatial,42,,99.0,4.291383743286133,4.291383743286133,4.291383743286133,0.79875,0.92845,0.79875,0.79875,,,8.58276748609543,20000,20000,,,20000,,0.2,raw_absolute,row,raw_sensor,1.0,0.0,0.0,cyclic,Held-Out Raw Sensor CP,sensor_0,"[""sensor_1"", ""sensor_2""]"
"[""sensor_0"", ""sensor_1"", ""sensor_2""]",sensor_0,toy_spatial,42,,99.0,7.330350875854492,7.330350875854492,7.330350875854492,0.7985,0.9994,0.7985,0.7985,,,14.660701750278474,20000,20000,,,20000,,0.2,raw_absolute,row,raw_sensor,1.0,0.0,0.0,cyclic,Held-Out Raw Sensor CP,sensor_1,"[""sensor_0"", ""sensor_2""]"
"[""sensor_0"", ""sensor_1"", ""sensor_2""]",sensor_0,toy_spatial,42,,99.0,9.63315200805664,9.63315200805664,9.63315200805664,0.7986,1.0,0.7986,0.7986,,,19.266304016017912,20000,20000,,,20000,,0.2,raw_absolute,row,raw_sensor,1.0,0.0,0.0,cyclic,Held-Out Raw Sensor CP,sensor_2,"[""sensor_0"", ""sensor_1""]"
"[""sensor_0"", ""sensor_1"", ""sensor_2""]",sensor_0,toy_spatial,42,,99.0,1.2815515655446008,,,0.7865,0.7865,,,,,4.296859264373779,20000,0,,0.0,20000,,0.2,none,,,,,,,Fused Posterior Predictive,,"[""sensor_0"", ""sensor_1"", ""sensor_2""]"
"[""OPCN3PM25"", ""5325CAT"", ""5325CST""]",5325CAT,seneurcity,0,20200513T15,,0.8516205856294343,0.5254717469215393,1.942397236824036,0.751810282404055,0.751810282404055,,,0.1488095238095238,,12.481109976250568,5577,1584,168.0,51.0,5524,168.0,0.2,model_normalized,per_location,reference,6.0,48.0,1.0,nob,Oracle Split Conformal,,"[""OPCN3PM25"", ""5325CAT"", ""5325CST""]"
"[""OPCN3PM25"", ""5325CAT"", ""5325CST""]",5325CAT,seneurcity,0,20200513T15,,14.44160640600956,7.7546892166137695,23.07862091064453,0.7052860246198407,0.9846125995655324,0.7052860246198407,0.7052860246198407,0.5476190476190477,0.3452380952380952,25.26682659718198,5577,5516,168.0,168.0,5524,168.0,0.2,raw_absolute,per_location,raw_sensor,4.0,0.0,0.0,nob,Held-Out Raw Sensor CP,OPCN3PM25,"[""5325CAT"", ""5325CST""]"
"[""OPCN3PM25"", ""5325CAT"", ""5325CST""]",5325CAT,seneurcity,0,20200513T15,,14.838007695747145,2.877754211425781,22.246065139770508,0.7626719768283853,0.9312092686459088,0.7626719768283853,0.7626719768283853,0.25,0.4702380952380952,25.170697783923167,5577,1584,168.0,51.0,5524,168.0,0.2,raw_absolute,per_location,raw_sensor,6.0,48.0,0.0,nob,Held-Out Raw Sensor CP,5325CAT,"[""OPCN3PM25"", ""5325CST""]"
"[""OPCN3PM25"", ""5325CAT"", ""5325CST""]",5325CAT,seneurcity,0,20200513T15,,17.336980191144075,2.951784372329712,26.96570587158203,0.7362418537291817,0.9491310644460536,0.7362418537291817,0.7362418537291817,0.2857142857142857,0.4464285714285714,28.816528500119126,5577,1584,168.0,51.0,5524,168.0,0.2,raw_absolute,per_location,raw_sensor,6.0,48.0,0.0,nob,Held-Out Raw Sensor CP,5325CST,"[""OPCN3PM25"", ""5325CAT""]"
"[""OPCN3PM25"", ""5325CAT"", ""5325CST""]",5325CAT,seneurcity,0,20200513T15,,1.2815515655446008,,,0.3095238095238095,0.912925416364953,,,0.3095238095238095,,19.51278305053711,5577,0,168.0,0.0,5524,168.0,0.2,none,,,,,,,Fused Posterior Predictive,,"[""OPCN3PM25"", ""5325CAT"", ""5325CST""]"
"[""OPCN3PM25"", ""5325CAT"", ""5325CST""]",5325CAT,seneurcity,0,20200520T15,,1.7822555448069717,1.1187366247177124,3.3492894172668457,0.9934545454545456,0.9934545454545456,,,0.8095238095238095,,18.559921011144464,5523,1584,168.0,51.0,5500,168.0,0.2,model_normalized,per_location,reference,6.0,48.0,1.0,nob,Oracle Split Conformal,,"[""OPCN3PM25"", ""5325CAT"", ""5325CST""]"
"[""OPCN3PM25"", ""5325CAT"", ""5325CST""]",5325CAT,seneurcity,0,20200520T15,,17.756393028028082,8.660569190979004,26.72740936279297,0.986,0.996,0.986,0.986,0.8690476190476191,0.7678571428571429,27.45322598405318,5523,5523,168.0,168.0,5500,168.0,0.2,raw_absolute,per_location,raw_sensor,4.0,0.0,0.0,nob,Held-Out Raw Sensor CP,OPCN3PM25,"[""5325CAT"", ""5325CST""]"
"[""OPCN3PM25"", ""5325CAT"", ""5325CST""]",5325CAT,seneurcity,0,20200520T15,,19.266570351340555,5.149429321289063,27.048416137695312,0.9970909090909092,0.9943636363636364,0.9970909090909092,0.9970909090909092,0.8154761904761905,0.9107142857142856,27.348232627521863,5523,1584,168.0,51.0,5500,168.0,0.2,raw_absolute,per_location,raw_sensor,6.0,48.0,0.0,nob,Held-Out Raw Sensor CP,5325CAT,"[""OPCN3PM25"", ""5325CST""]"
"[""OPCN3PM25"", ""5325CAT"", ""5325CST""]",5325CAT,seneurcity,0,20200520T15,,25.502510446490664,3.646113395690918,38.215293884277344,0.9958181818181818,0.9938181818181818,0.9958181818181818,0.9958181818181818,0.7976190476190477,0.8690476190476191,34.65007510167902,5523,1584,168.0,51.0,5500,168.0,0.2,raw_absolute,per_location,raw_sensor,6.0,48.0,0.0,nob,Held-Out Raw Sensor CP,5325CST,"[""OPCN3PM25"", ""5325CAT""]"
"[""OPCN3PM25"", ""5325CAT"", ""5325CST""]",5325CAT,seneurcity,0,20200520T15,,1.2815515655446008,,,0.3630952380952381,0.9727272727272728,,,0.3630952380952381,,12.584588050842283,5523,0,168.0,0.0,5500,168.0,0.2,none,,,,,,,Fused Posterior Predictive,,"[""OPCN3PM25"", ""5325CAT"", ""5325CST""]"
"[""OPCN3PM25"", ""5325CAT"", ""5325CST""]",5325CAT,seneurcity,0,20200527T15,,0.7490090456875887,0.4201390743255615,1.7785216569900513,0.7926409280406018,0.7926409280406018,,,0.4285714285714285,,7.384029495579967,5512,1584,168.0,52.0,5517,168.0,0.2,model_normalized,per_location,reference,6.0,48.0,1.0,nob,Oracle Split Conformal,,"[""OPCN3PM25"", ""5325CAT"", ""5325CST""]"
"[""OPCN3PM25"", ""5325CAT"", ""5325CST""]",5325CAT,seneurcity,0,20200527T15,,9.531423836043388,2.9644529819488525,13.754981994628906,0.6409280406017763,0.9559543230016312,0.6409280406017763,0.6409280406017763,0.0654761904761904,0.1369047619047619,17.284808317517726,5512,5512,168.0,168.0,5517,168.0,0.2,raw_absolute,per_location,raw_sensor,4.0,0.0,0.0,nob,Held-Out Raw Sensor CP,OPCN3PM25,"[""5325CAT"", ""5325CST""]"
"[""OPCN3PM25"", ""5325CAT"", ""5325CST""]",5325CAT,seneurcity,0,20200527T15,,9.619884238098606,2.9562008380889893,16.230690002441406,0.893057821279681,0.9680986043139388,0.893057821279681,0.893057821279681,0.1845238095238095,0.3333333333333333,17.418869254682857,5512,1584,168.0,52.0,5517,168.0,0.2,raw_absolute,per_location,raw_sensor,6.0,48.0,0.0,nob,Held-Out Raw Sensor CP,5325CAT,"[""OPCN3PM25"", ""5325CST""]"
"[""OPCN3PM25"", ""5325CAT"", ""5325CST""]",5325CAT,seneurcity,0,20200527T15,,9.020880619684856,3.525568723678589,21.34190368652344,0.869131774515135,0.9784303063259018,0.869131774515135,0.869131774515135,0.4821428571428571,0.3333333333333333,16.776484943979003,5512,1584,168.0,52.0,5517,168.0,0.2,raw_absolute,per_location,raw_sensor,6.0,48.0,0.0,nob,Held-Out Raw Sensor CP,5325CST,"[""OPCN3PM25"", ""5325CAT""]"
"[""OPCN3PM25"", ""5325CAT"", ""5325CST""]",5325CAT,seneurcity,0,20200527T15,,1.2815515655446008,,,0.3392857142857143,0.8758383179264093,,,0.3392857142857143,,13.558417320251465,5512,0,168.0,0.0,5517,168.0,0.2,none,,,,,,,Fused Posterior Predictive,,"[""OPCN3PM25"", ""5325CAT"", ""5325CST""]"
"[""OPCN3PM25"", ""5325CAT"", ""5325CST""]",5325CAT,seneurcity,0,20200909T15,,1.307306631044908,0.9043586254119872,1.969091892242432,0.9528508771929824,0.9528508771929824,,,0.7619047619047619,,11.825400237582231,1825,528,168.0,49.0,1824,168.0,0.2,model_normalized,per_location,reference,6.0,48.0,1.0,nob,Oracle Split Conformal,,"[""OPCN3PM25"", ""5325CAT"", ""5325CST""]"
"[""OPCN3PM25"", ""5325CAT"", ""5325CST""]",5325CAT,seneurcity,0,20200909T15,,11.056086453524502,7.264847755432129,18.08697509765625,0.9484649122807016,0.9917763157894736,0.9484649122807016,0.9484649122807016,0.9107142857142856,0.8214285714285714,18.161113447264626,1825,1825,168.0,168.0,1824,168.0,0.2,raw_absolute,per_location,raw_sensor,4.0,0.0,0.0,nob,Held-Out Raw Sensor CP,OPCN3PM25,"[""5325CAT"", ""5325CST""]"
"[""OPCN3PM25"", ""5325CAT"", ""5325CST""]",5325CAT,seneurcity,0,20200909T15,,9.308552742004396,6.6793317794799805,11.808212280273438,0.9468201754385964,0.992872807017544,0.9468201754385964,0.9468201754385964,0.9642857142857144,0.8571428571428571,16.092122514519776,1825,528,168.0,49.0,1824,168.0,0.2,raw_absolute,per_location,raw_sensor,6.0,48.0,0.0,nob,Held-Out Raw Sensor CP,5325CAT,"[""OPCN3PM25"", ""5325CST""]"
"[""OPCN3PM25"", ""5325CAT"", ""5325CST""]",5325CAT,seneurcity,0,20200909T15,,9.274001468311656,6.694990158081055,12.085368156433104,0.944627192982456,0.9978070175438596,0.944627192982456,0.944627192982456,0.9761904761904762,0.8392857142857143,16.116655997016974,1825,528,168.0,49.0,1824,168.0,0.2,raw_absolute,per_location,raw_sensor,6.0,48.0,0.0,nob,Held-Out Raw Sensor CP,5325CST,"[""OPCN3PM25"", ""5325CAT""]"
"[""OPCN3PM25"", ""5325CAT"", ""5325CST""]",5325CAT,seneurcity,0,20200909T15,,1.2815515655446008,,,0.7678571428571429,0.9544956140350878,,,0.7678571428571429,,11.674909591674805,1825,0,168.0,0.0,1824,168.0,0.2,none,,,,,,,Fused Posterior Predictive,,"[""OPCN3PM25"", ""5325CAT"", ""5325CST""]"
"[""OPCN3PM25"", ""5325CAT"", ""5325CST""]",5325CAT,seneurcity,0,20200916T15,,1.0249006152153015,0.548266589641571,1.6514146327972412,0.8393051031487514,0.8393051031487514,,,0.3809523809523809,,14.270171504585026,1818,528,168.0,59.0,1842,168.0,0.2,model_normalized,per_location,reference,6.0,48.0,1.0,nob,Oracle Split Conformal,,"[""OPCN3PM25"", ""5325CAT"", ""5325CST""]"
"[""OPCN3PM25"", ""5325CAT"", ""5325CST""]",5325CAT,seneurcity,0,20200916T15,,5.63010497526689,4.055262565612793,7.305523872375488,0.6264929424538545,0.8273615635179153,0.6264929424538545,0.6264929424538545,0.3333333333333333,0.3452380952380952,10.89219659987542,1818,1818,168.0,168.0,1842,168.0,0.2,raw_absolute,per_location,raw_sensor,4.0,0.0,0.0,nob,Held-Out Raw Sensor CP,OPCN3PM25,"[""5325CAT"", ""5325CST""]"
"[""OPCN3PM25"", ""5325CAT"", ""5325CST""]",5325CAT,seneurcity,0,20200916T15,,3.737745675173673,1.238194465637207,17.007911682128906,0.3626492942453854,0.4391965255157437,0.3626492942453854,0.3626492942453854,0.0535714285714285,0.1488095238095238,6.827973939567384,1818,528,168.0,59.0,1842,168.0,0.2,raw_absolute,per_location,raw_sensor,6.0,48.0,0.0,nob,Held-Out Raw Sensor CP,5325CAT,"[""OPCN3PM25"", ""5325CST""]"
"[""OPCN3PM25"", ""5325CAT"", ""5325CST""]",5325CAT,seneurcity,0,20200916T15,,4.362560272216797,1.4809207916259766,19.65401840209961,0.4201954397394137,0.5146579804560261,0.4201954397394137,0.4201954397394137,0.0833333333333333,0.1666666666666666,7.851375555241406,1818,528,168.0,59.0,1842,168.0,0.2,raw_absolute,per_location,raw_sensor,6.0,48.0,0.0,nob,Held-Out Raw Sensor CP,5325CST,"[""OPCN3PM25"", ""5325CAT""]"
"[""OPCN3PM25"", ""5325CAT"", ""5325CST""]",5325CAT,seneurcity,0,20200916T15,,1.2815515655446008,,,0.75,0.9489685124864278,,,0.75,,18.20749855041504,1818,0,168.0,0.0,1842,168.0,0.2,none,,,,,,,Fused Posterior Predictive,,"[""OPCN3PM25"", ""5325CAT"", ""5325CST""]"
"[""OPCN3PM25"", ""5325CAT"", ""5325CST""]",5325CAT,seneurcity,0,20200923T15,,0.8676894794810902,0.6352364420890808,1.2967501878738403,0.5831521739130435,0.5831521739130435,,,0.2738095238095238,,12.920366784541503,1844,528,168.0,48.0,1840,168.0,0.2,model_normalized,per_location,reference,6.0,48.0,1.0,nob,Oracle Split Conformal,,"[""OPCN3PM25"", ""5325CAT"", ""5325CST""]"
"[""OPCN3PM25"", ""5325CAT"", ""5325CST""]",5325CAT,seneurcity,0,20200923T15,,6.896767919713801,4.755023002624512,9.44743537902832,0.5918478260869565,0.7663043478260869,0.5918478260869565,0.5918478260869565,0.4523809523809524,0.3630952380952381,12.817563919917395,1844,1844,168.0,168.0,1840,168.0,0.2,raw_absolute,per_location,raw_sensor,4.0,0.0,0.0,nob,Held-Out Raw Sensor CP,OPCN3PM25,"[""5325CAT"", ""5325CST""]"
"[""OPCN3PM25"", ""5325CAT"", ""5325CST""]",5325CAT,seneurcity,0,20200923T15,,17.924729694019664,13.41458511352539,22.820711135864254,0.7271739130434782,0.8760869565217392,0.7271739130434782,0.7271739130434782,0.7380952380952381,0.6011904761904762,26.950097324537197,1844,528,168.0,48.0,1840,168.0,0.2,raw_absolute,per_location,raw_sensor,6.0,48.0,0.0,nob,Held-Out Raw Sensor CP,5325CAT,"[""OPCN3PM25"", ""5325CST""]"
"[""OPCN3PM25"", ""5325CAT"", ""5325CST""]",5325CAT,seneurcity,0,20200923T15,,19.600492997602984,12.950920104980469,29.48336410522461,0.716304347826087,0.866304347826087,0.716304347826087,0.716304347826087,0.7380952380952381,0.6130952380952381,28.87998150172441,1844,528,168.0,48.0,1840,168.0,0.2,raw_absolute,per_location,raw_sensor,6.0,48.0,0.0,nob,Held-Out Raw Sensor CP,5325CST,"[""OPCN3PM25"", ""5325CAT""]"
"[""OPCN3PM25"", ""5325CAT"", ""5325CST""]",5325CAT,seneurcity,0,20200923T15,,1.2815515655446008,,,0.5416666666666666,0.825,,,0.5416666666666666,,19.95685577392578,1844,0,168.0,0.0,1840,168.0,0.2,none,,,,,,,Fused Posterior Predictive,,"[""OPCN3PM25"", ""5325CAT"", ""5325CST""]"
"[""OPCN3PM25"", ""5325CAT"", ""5325CST""]",5325CAT,seneurcity,0,20201223T15,,1.086257221798102,0.4133125841617584,2.130057573318481,0.8577821979114868,0.8577821979114868,,,0.5476190476190477,,9.862052716974269,1972,576,168.0,51.0,2011,168.0,0.2,model_normalized,per_location,reference,6.0,48.0,1.0,nob,Oracle Split Conformal,,"[""OPCN3PM25"", ""5325CAT"", ""5325CST""]"
"[""OPCN3PM25"", ""5325CAT"", ""5325CST""]",5325CAT,seneurcity,0,20201223T15,,28.866352160771687,11.247735023498535,56.4807243347168,0.9905519641969168,0.9940328194927897,0.9905519641969168,0.9905519641969168,0.9285714285714286,0.8988095238095238,37.94394107697201,1972,1972,168.0,168.0,2011,168.0,0.2,raw_absolute,per_location,raw_sensor,4.0,0.0,0.0,nob,Held-Out Raw Sensor CP,OPCN3PM25,"[""5325CAT"", ""5325CST""]"
"[""OPCN3PM25"", ""5325CAT"", ""5325CST""]",5325CAT,seneurcity,0,20201223T15,,5.557217836380005,1.911081314086914,15.253005981445312,0.7633018398806564,0.9467926404773744,0.7633018398806564,0.7633018398806564,0.7797619047619048,0.3809523809523809,10.33141725529254,1972,576,168.0,51.0,2011,168.0,0.2,raw_absolute,per_location,raw_sensor,6.0,48.0,0.0,nob,Held-Out Raw Sensor CP,5325CAT,"[""OPCN3PM25"", ""5325CST""]"
"[""OPCN3PM25"", ""5325CAT"", ""5325CST""]",5325CAT,seneurcity,0,20201223T15,,5.045275648434957,1.4040045738220217,15.7912015914917,0.746892093485828,0.912481352560915,0.746892093485828,0.746892093485828,0.5952380952380952,0.2857142857142857,9.384539505665956,1972,576,168.0,51.0,2011,168.0,0.2,raw_absolute,per_location,raw_sensor,6.0,48.0,0.0,nob,Held-Out Raw Sensor CP,5325CST,"[""OPCN3PM25"", ""5325CAT""]"
"[""OPCN3PM25"", ""5325CAT"", ""5325CST""]",5325CAT,seneurcity,0,20201223T15,,1.2815515655446008,,,0.6011904761904762,0.9099950273495774,,,0.6011904761904762,,11.282379150390623,1972,0,168.0,0.0,2011,168.0,0.2,none,,,,,,,Fused Posterior Predictive,,"[""OPCN3PM25"", ""5325CAT"", ""5325CST""]"
"[""OPCN3PM25"", ""5325CAT"", ""5325CST""]",5325CAT,seneurcity,0,20201230T15,,1.4912778586149216,0.8176996111869812,4.215829849243164,0.96274217585693,0.96274217585693,,,0.7083333333333334,,19.085171735114976,1980,576,168.0,48.0,2013,168.0,0.2,model_normalized,per_location,reference,6.0,48.0,1.0,nob,Oracle Split Conformal,,"[""OPCN3PM25"", ""5325CAT"", ""5325CST""]"
"[""OPCN3PM25"", ""5325CAT"", ""5325CST""]",5325CAT,seneurcity,0,20201230T15,,10.36776351928711,7.806114196777344,17.184335708618164,0.7948335817188277,0.9756582215598608,0.7948335817188277,0.7948335817188277,0.8095238095238095,0.4642857142857143,17.819554752931626,1980,1980,168.0,168.0,2013,168.0,0.2,raw_absolute,per_location,raw_sensor,4.0,0.0,0.0,nob,Held-Out Raw Sensor CP,OPCN3PM25,"[""5325CAT"", ""5325CST""]"
"[""OPCN3PM25"", ""5325CAT"", ""5325CST""]",5325CAT,seneurcity,0,20201230T15,,6.025265018145244,3.750493049621582,15.830217361450195,0.591157476403378,0.9677098857426726,0.591157476403378,0.591157476403378,0.8511904761904762,0.4047619047619047,11.02891495946741,1980,576,168.0,48.0,2013,168.0,0.2,raw_absolute,per_location,raw_sensor,6.0,48.0,0.0,nob,Held-Out Raw Sensor CP,5325CAT,"[""OPCN3PM25"", ""5325CST""]"
"[""OPCN3PM25"", ""5325CAT"", ""5325CST""]",5325CAT,seneurcity,0,20201230T15,,5.555046121279399,2.863715171813965,18.920631408691406,0.6343765524093393,0.8966716343765524,0.6343765524093393,0.6343765524093393,0.6011904761904762,0.4345238095238095,10.18374288869745,1980,576,168.0,48.0,2013,168.0,0.2,raw_absolute,per_location,raw_sensor,6.0,48.0,0.0,nob,Held-Out Raw Sensor CP,5325CST,"[""OPCN3PM25"", ""5325CAT""]"
"[""OPCN3PM25"", ""5325CAT"", ""5325CST""]",5325CAT,seneurcity,0,20201230T15,,1.2815515655446008,,,0.7321428571428571,0.9706905116741182,,,0.7321428571428571,,14.36479949951172,1980,0,168.0,0.0,2013,168.0,0.2,none,,,,,,,Fused Posterior Predictive,,"[""OPCN3PM25"", ""5325CAT"", ""5325CST""]"
"[""OPCN3PM25"", ""5325CAT"", ""5325CST""]",5325CAT,seneurcity,0,20210106T15,,1.3218435446421306,0.8561494946479797,1.937076568603516,0.9616151545363908,0.9616151545363908,,,0.6726190476190477,,34.81484418637969,2008,576,168.0,48.0,2006,168.0,0.2,model_normalized,per_location,reference,6.0,48.0,1.0,nob,Oracle Split Conformal,,"[""OPCN3PM25"", ""5325CAT"", ""5325CST""]"
"[""OPCN3PM25"", ""5325CAT"", ""5325CST""]",5325CAT,seneurcity,0,20210106T15,,10.424763997395834,8.104195594787598,17.77261734008789,0.3998005982053838,0.6186440677966102,0.3998005982053838,0.3998005982053838,0.0595238095238095,0.0178571428571428,20.7836716072866,2008,2008,168.0,168.0,2006,168.0,0.2,raw_absolute,per_location,raw_sensor,4.0,0.0,0.0,nob,Held-Out Raw Sensor CP,OPCN3PM25,"[""5325CAT"", ""5325CST""]"
"[""OPCN3PM25"", ""5325CAT"", ""5325CST""]",5325CAT,seneurcity,0,20210106T15,,14.233885685602823,8.971771240234375,19.149566650390625,0.7497507477567298,0.93419740777667,0.7497507477567298,0.7497507477567298,0.6428571428571429,0.2202380952380952,26.931726962476525,2008,576,168.0,48.0,2006,168.0,0.2,raw_absolute,per_location,raw_sensor,6.0,48.0,0.0,nob,Held-Out Raw Sensor CP,5325CAT,"[""OPCN3PM25"", ""5325CST""]"
"[""OPCN3PM25"", ""5325CAT"", ""5325CST""]",5325CAT,seneurcity,0,20210106T15,,16.682350635528564,10.577617645263672,24.70780372619629,0.7163509471585244,0.9506480558325024,0.7163509471585244,0.7163509471585244,0.6964285714285714,0.3630952380952381,31.81016873505156,2008,576,168.0,48.0,2006,168.0,0.2,raw_absolute,per_location,raw_sensor,6.0,48.0,0.0,nob,Held-Out Raw Sensor CP,5325CST,"[""OPCN3PM25"", ""5325CAT""]"
"[""OPCN3PM25"", ""5325CAT"", ""5325CST""]",5325CAT,seneurcity,0,20210106T15,,1.2815515655446008,,,0.5714285714285714,0.9247258225324028,,,0.5714285714285714,,32.834129333496094,2008,0,168.0,0.0,2006,168.0,0.2,none,,,,,,,Fused Posterior Predictive,,"[""OPCN3PM25"", ""5325CAT"", ""5325CST""]"
"[""OPCN3PM25"", ""5325CAT"", ""5325CST""]",5325CAT,seneurcity,1,20200513T15,,0.7568127946420149,0.321850061416626,1.881180047988892,0.8139029688631426,0.8139029688631426,,,0.1845238095238095,,14.65452372298389,5577,1584,168.0,51.0,5524,168.0,0.2,model_normalized,per_location,reference,6.0,48.0,1.0,nob,Oracle Split Conformal,,"[""OPCN3PM25"", ""5325CAT"", ""5325CST""]"
"[""OPCN3PM25"", ""5325CAT"", ""5325CST""]",5325CAT,seneurcity,1,20200513T15,,14.488270152698863,7.9276885986328125,23.179595947265625,0.6205648081100652,0.9849746560463432,0.6205648081100652,0.6205648081100652,0.5476190476190477,0.3095238095238095,25.52826699703004,5577,5516,168.0,168.0,5524,168.0,0.2,raw_absolute,per_location,raw_sensor,4.0,0.0,0.0,nob,Held-Out Raw Sensor CP,OPCN3PM25,"[""5325CAT"", ""5325CST""]"
"[""OPCN3PM25"", ""5325CAT"", ""5325CST""]",5325CAT,seneurcity,1,20200513T15,,15.949151747154469,2.9593958854675293,23.011058807373047,0.9619840695148444,0.9764663287472846,0.9619840695148444,0.9619840695148444,0.3154761904761904,0.5297619047619048,27.65198809361648,5577,1584,168.0,51.0,5524,168.0,0.2,raw_absolute,per_location,raw_sensor,6.0,48.0,0.0,nob,Held-Out Raw Sensor CP,5325CAT,"[""OPCN3PM25"", ""5325CST""]"
"[""OPCN3PM25"", ""5325CAT"", ""5325CST""]",5325CAT,seneurcity,1,20200513T15,,19.725185762752183,3.086867094039917,30.315717697143555,0.8539102099927589,0.9793627805937726,0.8539102099927589,0.8539102099927589,0.3928571428571428,0.5119047619047619,33.13898644958347,5577,1584,168.0,51.0,5524,168.0,0.2,raw_absolute,per_location,raw_sensor,6.0,48.0,0.0,nob,Held-Out Raw Sensor CP,5325CST,"[""OPCN3PM25"", ""5325CAT""]"
"[""OPCN3PM25"", ""5325CAT"", ""5325CST""]",5325CAT,seneurcity,1,20200513T15,,1.2815515655446008,,,0.7142857142857143,0.9473207820419984,,,0.7142857142857143,,25.830366134643555,5577,0,168.0,0.0,5524,168.0,0.2,none,,,,,,,Fused Posterior Predictive,,"[""OPCN3PM25"", ""5325CAT"", ""5325CST""]"
"[""OPCN3PM25"", ""5325CAT"", ""5325CST""]",5325CAT,seneurcity,1,20200520T15,,1.5558289325598516,1.0149390697479248,2.984853029251098,0.9881818181818182,0.9881818181818182,,,0.7023809523809523,,17.850440259153192,5523,1584,168.0,51.0,5500,168.0,0.2,model_normalized,per_location,reference,6.0,48.0,1.0,nob,Oracle Split Conformal,,"[""OPCN3PM25"", ""5325CAT"", ""5325CST""]"
"[""OPCN3PM25"", ""5325CAT"", ""5325CST""]",5325CAT,seneurcity,1,20200520T15,,18.36573320446593,9.018353462219238,28.07433319091797,0.974,0.9950909090909092,0.974,0.974,0.8452380952380952,0.7083333333333334,28.66361705450578,5523,5523,168.0,168.0,5500,168.0,0.2,raw_absolute,per_location,raw_sensor,4.0,0.0,0.0,nob,Held-Out Raw Sensor CP,OPCN3PM25,"[""5325CAT"", ""5325CST""]"
"[""OPCN3PM25"", ""5325CAT"", ""5325CST""]",5325CAT,seneurcity,1,20200520T15,,8.800409432613488,5.841233730316162,18.504064559936523,0.9550909090909092,0.9927272727272728,0.9550909090909092,0.9550909090909092,0.7797619047619048,0.625,15.737675861011851,5523,1584,168.0,51.0,5500,168.0,0.2,raw_absolute,per_location,raw_sensor,6.0,48.0,0.0,nob,Held-Out Raw Sensor CP,5325CAT,"[""OPCN3PM25"", ""5325CST""]"
"[""OPCN3PM25"", ""5325CAT"", ""5325CST""]",5325CAT,seneurcity,1,20200520T15,,14.625396150531191,8.51736068725586,28.10824584960937,0.9932727272727272,0.9974545454545456,0.9932727272727272,0.9932727272727272,0.9226190476190476,0.8035714285714286,24.06409541060708,5523,1584,168.0,51.0,5500,168.0,0.2,raw_absolute,per_location,raw_sensor,6.0,48.0,0.0,nob,Held-Out Raw Sensor CP,5325CST,"[""OPCN3PM25"", ""5325CAT""]"
"[""OPCN3PM25"", ""5325CAT"", ""5325CST""]",5325CAT,seneurcity,1,20200520T15,,1.2815515655446008,,,0.4761904761904761,0.9752727272727272,,,0.4761904761904761,,14.33301830291748,5523,0,168.0,0.0,5500,168.0,0.2,none,,,,,,,Fused Posterior Predictive,,"[""OPCN3PM25"", ""5325CAT"", ""5325CST""]"
"[""OPCN3PM25"", ""5325CAT"", ""5325CST""]",5325CAT,seneurcity,1,20200527T15,,0.6728558413910143,0.4395261406898498,1.5671871900558472,0.6983868044226935,0.6983868044226935,,,0.1726190476190476,,9.536674320276436,5512,1584,168.0,52.0,5517,168.0,0.2,model_normalized,per_location,reference,6.0,48.0,1.0,nob,Oracle Split Conformal,,"[""OPCN3PM25"", ""5325CAT"", ""5325CST""]"
"[""OPCN3PM25"", ""5325CAT"", ""5325CST""]",5325CAT,seneurcity,1,20200527T15,,10.446843002781725,3.1160120964050293,16.418516159057617,0.6059452601051296,0.9189777052746058,0.6059452601051296,0.6059452601051296,0.0714285714285714,0.1130952380952381,19.20156091145897,5512,5512,168.0,168.0,5517,168.0,0.2,raw_absolute,per_location,raw_sensor,4.0,0.0,0.0,nob,Held-Out Raw Sensor CP,OPCN3PM25,"[""5325CAT"", ""5325CST""]"
"[""OPCN3PM25"", ""5325CAT"", ""5325CST""]",5325CAT,seneurcity,1,20200527T15,,5.465103987491492,2.871059894561768,10.82602882385254,0.5914446257023744,0.731194489758927,0.5914446257023744,0.5914446257023744,0.0476190476190476,0.1011904761904761,10.769918789309568,5512,1584,168.0,52.0,5517,168.0,0.2,raw_absolute,per_location,raw_sensor,6.0,48.0,0.0,nob,Held-Out Raw Sensor CP,5325CAT,"[""OPCN3PM25"", ""5325CST""]"
"[""OPCN3PM25"", ""5325CAT"", ""5325CST""]",5325CAT,seneurcity,1,20200527T15,,4.726530523011179,2.4360837936401367,13.960317611694336,0.4225122349102773,0.4714518760195758,0.4225122349102773,0.4225122349102773,0.0059523809523809,0.0654761904761904,9.29715023495396,5512,1584,168.0,52.0,5517,168.0,0.2,raw_absolute,per_location,raw_sensor,6.0,48.0,0.0,nob,Held-Out Raw Sensor CP,5325CST,"[""OPCN3PM25"", ""5325CAT""]"
"[""OPCN3PM25"", ""5325CAT"", ""5325CST""]",5325CAT,seneurcity,1,20200527T15,,1.2815515655446008,,,0.4702380952380952,0.8903389523291644,,,0.4702380952380952,,19.386579513549805,5512,0,168.0,0.0,5517,168.0,0.2,none,,,,,,,Fused Posterior Predictive,,"[""OPCN3PM25"", ""5325CAT"", ""5325CST""]"
"[""OPCN3PM25"", ""5325CAT"", ""5325CST""]",5325CAT,seneurcity,1,20200909T15,,1.5404687252911655,1.0768436193466189,2.244551181793213,0.9643640350877192,0.9643640350877192,,,0.7857142857142857,,13.99842934754857,1825,528,168.0,49.0,1824,168.0,0.2,model_normalized,per_location,reference,6.0,48.0,1.0,nob,Oracle Split Conformal,,"[""OPCN3PM25"", ""5325CAT"", ""5325CST""]"
"[""OPCN3PM25"", ""5325CAT"", ""5325CST""]",5325CAT,seneurcity,1,20200909T15,,10.667420604012229,7.082620143890381,17.78494644165039,0.9418859649122808,0.9901315789473684,0.9418859649122808,0.9418859649122808,0.8928571428571429,0.7976190476190477,17.872478871491918,1825,1825,168.0,168.0,1824,168.0,0.2,raw_absolute,per_location,raw_sensor,4.0,0.0,0.0,nob,Held-Out Raw Sensor CP,OPCN3PM25,"[""5325CAT"", ""5325CST""]"
"[""OPCN3PM25"", ""5325CAT"", ""5325CST""]",5325CAT,seneurcity,1,20200909T15,,8.323708620938389,5.080545425415039,11.16120147705078,0.949561403508772,0.9731359649122808,0.949561403508772,0.949561403508772,0.8809523809523809,0.8690476190476191,15.006918591626905,1825,528,168.0,49.0,1824,168.0,0.2,raw_absolute,per_location,raw_sensor,6.0,48.0,0.0,nob,Held-Out Raw Sensor CP,5325CAT,"[""OPCN3PM25"", ""5325CST""]"
"[""OPCN3PM25"", ""5325CAT"", ""5325CST""]",5325CAT,seneurcity,1,20200909T15,,8.464245536110617,5.233238220214844,11.459702491760254,0.9468201754385964,0.9791666666666666,0.9468201754385964,0.9468201754385964,0.8988095238095238,0.8511904761904762,15.229655077844336,1825,528,168.0,49.0,1824,168.0,0.2,raw_absolute,per_location,raw_sensor,6.0,48.0,0.0,nob,Held-Out Raw Sensor CP,5325CST,"[""OPCN3PM25"", ""5325CAT""]"
"[""OPCN3PM25"", ""5325CAT"", ""5325CST""]",5325CAT,seneurcity,1,20200909T15,,1.2815515655446008,,,0.6904761904761905,0.9237938596491228,,,0.6904761904761905,,11.44920825958252,1825,0,168.0,0.0,1824,168.0,0.2,none,,,,,,,Fused Posterior Predictive,,"[""OPCN3PM25"", ""5325CAT"", ""5325CST""]"
"[""OPCN3PM25"", ""5325CAT"", ""5325CST""]",5325CAT,seneurcity,1,20200916T15,,1.00834520296617,0.625502347946167,1.961890459060669,0.8762214983713354,0.8762214983713354,,,0.4642857142857143,,14.563264007094627,1818,528,168.0,59.0,1842,168.0,0.2,model_normalized,per_location,reference,6.0,48.0,1.0,nob,Oracle Split Conformal,,"[""OPCN3PM25"", ""5325CAT"", ""5325CST""]"
"[""OPCN3PM25"", ""5325CAT"", ""5325CST""]",5325CAT,seneurcity,1,20200916T15,,5.889012206684459,4.137063026428223,7.663898468017578,0.6156351791530945,0.8713355048859935,0.6156351791530945,0.6156351791530945,0.4642857142857143,0.3511904761904761,11.397400511204223,1818,1818,168.0,168.0,1842,168.0,0.2,raw_absolute,per_location,raw_sensor,4.0,0.0,0.0,nob,Held-Out Raw Sensor CP,OPCN3PM25,"[""5325CAT"", ""5325CST""]"
"[""OPCN3PM25"", ""5325CAT"", ""5325CST""]",5325CAT,seneurcity,1,20200916T15,,2.7571955269033257,1.0207655429840088,13.009416580200195,0.3756786102062975,0.4125950054288816,0.3756786102062975,0.3756786102062975,0.0416666666666666,0.1071428571428571,5.292468335030522,1818,528,168.0,59.0,1842,168.0,0.2,raw_absolute,per_location,raw_sensor,6.0,48.0,0.0,nob,Held-Out Raw Sensor CP,5325CAT,"[""OPCN3PM25"", ""5325CST""]"
"[""OPCN3PM25"", ""5325CAT"", ""5325CST""]",5325CAT,seneurcity,1,20200916T15,,3.083795113997026,1.0671005249023438,16.447996139526367,0.3816503800217155,0.4163952225841477,0.3816503800217155,0.3816503800217155,0.0297619047619047,0.1369047619047619,5.744275137604125,1818,528,168.0,59.0,1842,168.0,0.2,raw_absolute,per_location,raw_sensor,6.0,48.0,0.0,nob,Held-Out Raw Sensor CP,5325CST,"[""OPCN3PM25"", ""5325CAT""]"
"[""OPCN3PM25"", ""5325CAT"", ""5325CST""]",5325CAT,seneurcity,1,20200916T15,,1.2815515655446008,,,0.8035714285714286,0.9549402823018458,,,0.8035714285714286,,18.575462341308597,1818,0,168.0,0.0,1842,168.0,0.2,none,,,,,,,Fused Posterior Predictive,,"[""OPCN3PM25"", ""5325CAT"", ""5325CST""]"
"[""OPCN3PM25"", ""5325CAT"", ""5325CST""]",5325CAT,seneurcity,1,20200923T15,,0.8149293877861716,0.334611713886261,1.470138669013977,0.6994565217391304,0.6994565217391304,,,0.238095238095238,,13.001044061164492,1844,528,168.0,48.0,1840,168.0,0.2,model_normalized,per_location,reference,6.0,48.0,1.0,nob,Oracle Split Conformal,,"[""OPCN3PM25"", ""5325CAT"", ""5325CST""]"
"[""OPCN3PM25"", ""5325CAT"", ""5325CST""]",5325CAT,seneurcity,1,20200923T15,,7.948703289031982,6.694522857666016,9.66929817199707,0.5559782608695653,0.8396739130434783,0.5559782608695653,0.5559782608695653,0.5773809523809523,0.3511904761904761,14.763506905669752,1844,1844,168.0,168.0,1840,168.0,0.2,raw_absolute,per_location,raw_sensor,4.0,0.0,0.0,nob,Held-Out Raw Sensor CP,OPCN3PM25,"[""5325CAT"", ""5325CST""]"
"[""OPCN3PM25"", ""5325CAT"", ""5325CST""]",5325CAT,seneurcity,1,20200923T15,,14.540763594887473,7.093219757080078,22.336231231689453,0.7570652173913044,0.8858695652173914,0.7570652173913044,0.7570652173913044,0.7321428571428571,0.6130952380952381,24.020388601655544,1844,528,168.0,48.0,1840,168.0,0.2,raw_absolute,per_location,raw_sensor,6.0,48.0,0.0,nob,Held-Out Raw Sensor CP,5325CAT,"[""OPCN3PM25"", ""5325CST""]"
"[""OPCN3PM25"", ""5325CAT"", ""5325CST""]",5325CAT,seneurcity,1,20200923T15,,16.450173031200062,7.265920639038086,29.425615310668945,0.7130434782608696,0.8673913043478261,0.7130434782608696,0.7130434782608696,0.7261904761904762,0.5892857142857143,26.088636468804403,1844,528,168.0,48.0,1840,168.0,0.2,raw_absolute,per_location,raw_sensor,6.0,48.0,0.0,nob,Held-Out Raw Sensor CP,5325CST,"[""OPCN3PM25"", ""5325CAT""]"
"[""OPCN3PM25"", ""5325CAT"", ""5325CST""]",5325CAT,seneurcity,1,20200923T15,,1.2815515655446008,,,0.7321428571428571,0.9021739130434784,,,0.7321428571428571,,20.90184783935547,1844,0,168.0,0.0,1840,168.0,0.2,none,,,,,,,Fused Posterior Predictive,,"[""OPCN3PM25"", ""5325CAT"", ""5325CST""]"
"[""OPCN3PM25"", ""5325CAT"", ""5325CST""]",5325CAT,seneurcity,1,20201223T15,,1.3906238277753191,0.7312197089195251,2.258913993835449,0.8493286921929388,0.8493286921929388,,,0.4702380952380952,,14.25920467069794,1972,576,168.0,51.0,2011,168.0,0.2,model_normalized,per_location,reference,6.0,48.0,1.0,nob,Oracle Split Conformal,,"[""OPCN3PM25"", ""5325CAT"", ""5325CST""]"
"[""OPCN3PM25"", ""5325CAT"", ""5325CST""]",5325CAT,seneurcity,1,20201223T15,,28.086615721384685,17.981163024902344,53.09925842285156,0.9920437593237196,0.9970164097463948,0.9920437593237196,0.9920437593237196,0.9642857142857144,0.9107142857142856,38.651258367142944,1972,1972,168.0,168.0,2011,168.0,0.2,raw_absolute,per_location,raw_sensor,4.0,0.0,0.0,nob,Held-Out Raw Sensor CP,OPCN3PM25,"[""5325CAT"", ""5325CST""]"
"[""OPCN3PM25"", ""5325CAT"", ""5325CST""]",5325CAT,seneurcity,1,20201223T15,,4.723809639612834,2.205307483673096,13.958205223083496,0.7294878170064645,0.69418199900547,0.7294878170064645,0.7294878170064645,0.3333333333333333,0.3095238095238095,8.924268524543614,1972,576,168.0,51.0,2011,168.0,0.2,raw_absolute,per_location,raw_sensor,6.0,48.0,0.0,nob,Held-Out Raw Sensor CP,5325CAT,"[""OPCN3PM25"", ""5325CST""]"
"[""OPCN3PM25"", ""5325CAT"", ""5325CST""]",5325CAT,seneurcity,1,20201223T15,,5.001654148101807,2.241117477416992,15.714496612548828,0.7374440576827449,0.7175534559920438,0.7374440576827449,0.7374440576827449,0.3630952380952381,0.3273809523809524,9.316131747699623,1972,576,168.0,51.0,2011,168.0,0.2,raw_absolute,per_location,raw_sensor,6.0,48.0,0.0,nob,Held-Out Raw Sensor CP,5325CST,"[""OPCN3PM25"", ""5325CAT""]"
"[""OPCN3PM25"", ""5325CAT"", ""5325CST""]",5325CAT,seneurcity,1,20201223T15,,1.2815515655446008,,,0.4702380952380952,0.8373943311785181,,,0.4702380952380952,,12.55403995513916,1972,0,168.0,0.0,2011,168.0,0.2,none,,,,,,,Fused Posterior Predictive,,"[""OPCN3PM25"", ""5325CAT"", ""5325CST""]"
"[""OPCN3PM25"", ""5325CAT"", ""5325CST""]",5325CAT,seneurcity,1,20201230T15,,1.6621719151735306,0.9418206810951232,3.880338191986084,0.8753104818678589,0.8753104818678589,,,0.5297619047619048,,22.209771135850623,1980,576,168.0,48.0,2013,168.0,0.2,model_normalized,per_location,reference,6.0,48.0,1.0,nob,Oracle Split Conformal,,"[""OPCN3PM25"", ""5325CAT"", ""5325CST""]"
"[""OPCN3PM25"", ""5325CAT"", ""5325CST""]",5325CAT,seneurcity,1,20201230T15,,10.308299899101256,7.2968668937683105,13.019413948059082,0.7372081470442127,0.8708395429706905,0.7372081470442127,0.7372081470442127,0.5892857142857143,0.369047619047619,18.176226078190734,1980,1980,168.0,168.0,2013,168.0,0.2,raw_absolute,per_location,raw_sensor,4.0,0.0,0.0,nob,Held-Out Raw Sensor CP,OPCN3PM25,"[""5325CAT"", ""5325CST""]"
"[""OPCN3PM25"", ""5325CAT"", ""5325CST""]",5325CAT,seneurcity,1,20201230T15,,6.47262175877889,4.158930778503418,16.466812133789062,0.7208147044212618,0.7963238946845504,0.7208147044212618,0.7208147044212618,0.4821428571428571,0.5297619047619048,11.999757931354443,1980,576,168.0,48.0,2013,168.0,0.2,raw_absolute,per_location,raw_sensor,6.0,48.0,0.0,nob,Held-Out Raw Sensor CP,5325CAT,"[""OPCN3PM25"", ""5325CST""]"
"[""OPCN3PM25"", ""5325CAT"", ""5325CST""]",5325CAT,seneurcity,1,20201230T15,,6.890800555547078,4.43280029296875,21.011905670166016,0.7113760556383507,0.8057625434674615,0.7113760556383507,0.7113760556383507,0.4821428571428571,0.5416666666666666,12.50742864940395,1980,576,168.0,48.0,2013,168.0,0.2,raw_absolute,per_location,raw_sensor,6.0,48.0,0.0,nob,Held-Out Raw Sensor CP,5325CST,"[""OPCN3PM25"", ""5325CAT""]"
"[""OPCN3PM25"", ""5325CAT"", ""5325CST""]",5325CAT,seneurcity,1,20201230T15,,1.2815515655446008,,,0.2916666666666667,0.7983109786388475,,,0.2916666666666667,,15.16153621673584,1980,0,168.0,0.0,2013,168.0,0.2,none,,,,,,,Fused Posterior Predictive,,"[""OPCN3PM25"", ""5325CAT"", ""5325CST""]"
"[""OPCN3PM25"", ""5325CAT"", ""5325CST""]",5325CAT,seneurcity,1,20210106T15,,1.6470657587051392,1.0884318351745603,2.2811617851257324,0.821036889332004,0.821036889332004,,,0.5178571428571429,,46.57876164249979,2008,576,168.0,48.0,2006,168.0,0.2,model_normalized,per_location,reference,6.0,48.0,1.0,nob,Oracle Split Conformal,,"[""OPCN3PM25"", ""5325CAT"", ""5325CST""]"
"[""OPCN3PM25"", ""5325CAT"", ""5325CST""]",5325CAT,seneurcity,1,20210106T15,,10.670775254567465,8.64432144165039,15.980834007263184,0.288135593220339,0.3948155533399801,0.288135593220339,0.288135593220339,0.0238095238095238,0.0119047619047619,21.306556038937327,2008,2008,168.0,168.0,2006,168.0,0.2,raw_absolute,per_location,raw_sensor,4.0,0.0,0.0,nob,Held-Out Raw Sensor CP,OPCN3PM25,"[""5325CAT"", ""5325CST""]"
"[""OPCN3PM25"", ""5325CAT"", ""5325CST""]",5325CAT,seneurcity,1,20210106T15,,13.428108135859173,7.837123870849609,19.687360763549805,0.8599202392821536,0.7183449651046859,0.8599202392821536,0.8599202392821536,0.1904761904761904,0.3988095238095238,26.55659502691191,2008,576,168.0,48.0,2006,168.0,0.2,raw_absolute,per_location,raw_sensor,6.0,48.0,0.0,nob,Held-Out Raw Sensor CP,5325CAT,"[""OPCN3PM25"", ""5325CST""]"
"[""OPCN3PM25"", ""5325CAT"", ""5325CST""]",5325CAT,seneurcity,1,20210106T15,,18.11691792805989,8.591032028198242,24.295507431030277,0.8369890329012961,0.8639082751744765,0.8369890329012961,0.8369890329012961,0.3035714285714285,0.5714285714285714,34.8473136541494,2008,576,168.0,48.0,2006,168.0,0.2,raw_absolute,per_location,raw_sensor,6.0,48.0,0.0,nob,Held-Out Raw Sensor CP,5325CST,"[""OPCN3PM25"", ""5325CAT""]"
"[""OPCN3PM25"", ""5325CAT"", ""5325CST""]",5325CAT,seneurcity,1,20210106T15,,1.2815515655446008,,,0.2202380952380952,0.6071784646061814,,,0.2202380952380952,,34.40400695800781,2008,0,168.0,0.0,2006,168.0,0.2,none,,,,,,,Fused Posterior Predictive,,"[""OPCN3PM25"", ""5325CAT"", ""5325CST""]"
"[""OPCN3PM25"", ""5325CAT"", ""5325CST""]",5325CAT,seneurcity,42,20200513T15,,0.8834645459146211,0.3716010749340057,1.871643304824829,0.8443157132512672,0.8443157132512672,,,0.2916666666666667,,16.21878789485062,5577,1584,168.0,51.0,5524,168.0,0.2,model_normalized,per_location,reference,6.0,48.0,1.0,nob,Oracle Split Conformal,,"[""OPCN3PM25"", ""5325CAT"", ""5325CST""]"
"[""OPCN3PM25"", ""5325CAT"", ""5325CST""]",5325CAT,seneurcity,42,20200513T15,,14.82582863894376,7.586274147033691,24.033710479736328,0.6379435191889935,0.9844315713251268,0.6379435191889935,0.6379435191889935,0.5357142857142857,0.3095238095238095,25.978610591384317,5577,5516,168.0,168.0,5524,168.0,0.2,raw_absolute,per_location,raw_sensor,4.0,0.0,0.0,nob,Held-Out Raw Sensor CP,OPCN3PM25,"[""5325CAT"", ""5325CST""]"
"[""OPCN3PM25"", ""5325CAT"", ""5325CST""]",5325CAT,seneurcity,42,20200513T15,,15.449940479162969,3.038171768188477,23.113285064697266,0.9339246922519912,0.9761042722664736,0.9339246922519912,0.9339246922519912,0.3511904761904761,0.5238095238095238,26.832411282050444,5577,1584,168.0,51.0,5524,168.0,0.2,raw_absolute,per_location,raw_sensor,6.0,48.0,0.0,nob,Held-Out Raw Sensor CP,5325CAT,"[""OPCN3PM25"", ""5325CST""]"
"[""OPCN3PM25"", ""5325CAT"", ""5325CST""]",5325CAT,seneurcity,42,20200513T15,,18.958526300661493,3.1594574451446533,28.187152862548828,0.8289283128167995,0.9775524981897176,0.8289283128167995,0.8289283128167995,0.3869047619047619,0.5297619047619048,31.99715246228875,5577,1584,168.0,51.0,5524,168.0,0.2,raw_absolute,per_location,raw_sensor,6.0,48.0,0.0,nob,Held-Out Raw Sensor CP,5325CST,"[""OPCN3PM25"", ""5325CAT""]"
"[""OPCN3PM25"", ""5325CAT"", ""5325CST""]",5325CAT,seneurcity,42,20200513T15,,1.2815515655446008,,,0.7202380952380952,0.9337436640115858,,,0.7202380952380952,,24.12547492980957,5577,0,168.0,0.0,5524,168.0,0.2,none,,,,,,,Fused Posterior Predictive,,"[""OPCN3PM25"", ""5325CAT"", ""5325CST""]"
"[""OPCN3PM25"", ""5325CAT"", ""5325CST""]",5325CAT,seneurcity,42,20200520T15,,1.5955027919827085,1.1999638080596924,3.154691457748413,0.9894545454545456,0.9894545454545456,,,0.7321428571428571,,17.079405588973653,5523,1584,168.0,51.0,5500,168.0,0.2,model_normalized,per_location,reference,6.0,48.0,1.0,nob,Oracle Split Conformal,,"[""OPCN3PM25"", ""5325CAT"", ""5325CST""]"
"[""OPCN3PM25"", ""5325CAT"", ""5325CST""]",5325CAT,seneurcity,42,20200520T15,,19.297301321318656,9.516242980957031,28.16493034362793,0.9905454545454544,0.9961818181818182,0.9905454545454544,0.9905454545454544,0.875,0.7797619047619048,29.6873750965812,5523,5523,168.0,168.0,5500,168.0,0.2,raw_absolute,per_location,raw_sensor,4.0,0.0,0.0,nob,Held-Out Raw Sensor CP,OPCN3PM25,"[""5325CAT"", ""5325CST""]"
"[""OPCN3PM25"", ""5325CAT"", ""5325CST""]",5325CAT,seneurcity,42,20200520T15,,17.207532420302883,5.258764266967773,25.78383445739746,0.9970909090909092,0.9961818181818182,0.9970909090909092,0.9970909090909092,0.875,0.9047619047619048,26.08049785683372,5523,1584,168.0,51.0,5500,168.0,0.2,raw_absolute,per_location,raw_sensor,6.0,48.0,0.0,nob,Held-Out Raw Sensor CP,5325CAT,"[""OPCN3PM25"", ""5325CST""]"
"[""OPCN3PM25"", ""5325CAT"", ""5325CST""]",5325CAT,seneurcity,42,20200520T15,,24.11225071820346,4.745415210723877,37.37781524658203,0.9963636363636365,0.998,0.9963636363636365,0.9963636363636365,0.9345238095238096,0.8869047619047619,33.889655374526974,5523,1584,168.0,51.0,5500,168.0,0.2,raw_absolute,per_location,raw_sensor,6.0,48.0,0.0,nob,Held-Out Raw Sensor CP,5325CST,"[""OPCN3PM25"", ""5325CAT""]"
"[""OPCN3PM25"", ""5325CAT"", ""5325CST""]",5325CAT,seneurcity,42,20200520T15,,1.2815515655446008,,,0.4107142857142857,0.9730909090909092,,,0.4107142857142857,,13.282695770263672,5523,0,168.0,0.0,5500,168.0,0.2,none,,,,,,,Fused Posterior Predictive,,"[""OPCN3PM25"", ""5325CAT"", ""5325CST""]"
"[""OPCN3PM25"", ""5325CAT"", ""5325CST""]",5325CAT,seneurcity,42,20200527T15,,0.6926039303794052,0.4844990968704223,1.5780905485153198,0.7663585281856081,0.7663585281856081,,,0.2261904761904762,,7.575464802352721,5512,1584,168.0,52.0,5517,168.0,0.2,model_normalized,per_location,reference,6.0,48.0,1.0,nob,Oracle Split Conformal,,"[""OPCN3PM25"", ""5325CAT"", ""5325CST""]"
"[""OPCN3PM25"", ""5325CAT"", ""5325CST""]",5325CAT,seneurcity,42,20200527T15,,10.651678822257304,2.9646239280700684,18.035463333129883,0.6699293094072866,0.958673191952148,0.6699293094072866,0.6699293094072866,0.0654761904761904,0.1488095238095238,19.07532361125479,5512,5512,168.0,168.0,5517,168.0,0.2,raw_absolute,per_location,raw_sensor,4.0,0.0,0.0,nob,Held-Out Raw Sensor CP,OPCN3PM25,"[""5325CAT"", ""5325CST""]"
"[""OPCN3PM25"", ""5325CAT"", ""5325CST""]",5325CAT,seneurcity,42,20200527T15,,4.941088098468202,2.5167675018310547,12.271443367004396,0.5972448794634765,0.8983143012506797,0.5972448794634765,0.5972448794634765,0.238095238095238,0.1130952380952381,9.68644381744913,5512,1584,168.0,52.0,5517,168.0,0.2,raw_absolute,per_location,raw_sensor,6.0,48.0,0.0,nob,Held-Out Raw Sensor CP,5325CAT,"[""OPCN3PM25"", ""5325CST""]"
"[""OPCN3PM25"", ""5325CAT"", ""5325CST""]",5325CAT,seneurcity,42,20200527T15,,4.95495834495082,2.0982236862182617,14.031293869018556,0.6057640021750952,0.8747507703462026,0.6057640021750952,0.6057640021750952,0.1011904761904761,0.0833333333333333,9.63380831040311,5512,1584,168.0,52.0,5517,168.0,0.2,raw_absolute,per_location,raw_sensor,6.0,48.0,0.0,nob,Held-Out Raw Sensor CP,5325CST,"[""OPCN3PM25"", ""5325CAT""]"
"[""OPCN3PM25"", ""5325CAT"", ""5325CST""]",5325CAT,seneurcity,42,20200527T15,,1.2815515655446008,,,0.375,0.8948704005800254,,,0.375,,14.726720809936523,5512,0,168.0,0.0,5517,168.0,0.2,none,,,,,,,Fused Posterior Predictive,,"[""OPCN3PM25"", ""5325CAT"", ""5325CST""]"
"[""OPCN3PM25"", ""5325CAT"", ""5325CST""]",5325CAT,seneurcity,42,20200909T15,,1.3500562526962974,0.8359554409980774,2.002967357635498,0.9429824561403508,0.9429824561403508,,,0.7321428571428571,,11.475614607987696,1825,528,168.0,49.0,1824,168.0,0.2,model_normalized,per_location,reference,6.0,48.0,1.0,nob,Oracle Split Conformal,,"[""OPCN3PM25"", ""5325CAT"", ""5325CST""]"
"[""OPCN3PM25"", ""5325CAT"", ""5325CST""]",5325CAT,seneurcity,42,20200909T15,,10.849866953763096,7.098061561584473,17.919477462768555,0.9544956140350878,0.9923245614035088,0.9544956140350878,0.9544956140350878,0.9166666666666666,0.8154761904761905,17.932127564099797,1825,1825,168.0,168.0,1824,168.0,0.2,raw_absolute,per_location,raw_sensor,4.0,0.0,0.0,nob,Held-Out Raw Sensor CP,OPCN3PM25,"[""5325CAT"", ""5325CST""]"
"[""OPCN3PM25"", ""5325CAT"", ""5325CST""]",5325CAT,seneurcity,42,20200909T15,,8.57998345114968,6.476892471313477,12.004162788391112,0.9424342105263158,0.9851973684210528,0.9424342105263158,0.9424342105263158,0.9464285714285714,0.8511904761904762,15.320603875214594,1825,528,168.0,49.0,1824,168.0,0.2,raw_absolute,per_location,raw_sensor,6.0,48.0,0.0,nob,Held-Out Raw Sensor CP,5325CAT,"[""OPCN3PM25"", ""5325CST""]"
"[""OPCN3PM25"", ""5325CAT"", ""5325CST""]",5325CAT,seneurcity,42,20200909T15,,8.653901967135342,6.438090324401856,12.413251876831056,0.9369517543859648,0.9884868421052632,0.9369517543859648,0.9369517543859648,0.9642857142857144,0.8214285714285714,15.461145578769216,1825,528,168.0,49.0,1824,168.0,0.2,raw_absolute,per_location,raw_sensor,6.0,48.0,0.0,nob,Held-Out Raw Sensor CP,5325CST,"[""OPCN3PM25"", ""5325CAT""]"
"[""OPCN3PM25"", ""5325CAT"", ""5325CST""]",5325CAT,seneurcity,42,20200909T15,,1.2815515655446008,,,0.7559523809523809,0.9391447368421052,,,0.7559523809523809,,10.85201644897461,1825,0,168.0,0.0,1824,168.0,0.2,none,,,,,,,Fused Posterior Predictive,,"[""OPCN3PM25"", ""5325CAT"", ""5325CST""]"
"[""OPCN3PM25"", ""5325CAT"", ""5325CST""]",5325CAT,seneurcity,42,20200916T15,,0.9628091021017596,0.5843441486358643,1.467623949050903,0.9093376764386536,0.9093376764386536,,,0.5952380952380952,,12.81527642499611,1818,528,168.0,59.0,1842,168.0,0.2,model_normalized,per_location,reference,6.0,48.0,1.0,nob,Oracle Split Conformal,,"[""OPCN3PM25"", ""5325CAT"", ""5325CST""]"
"[""OPCN3PM25"", ""5325CAT"", ""5325CST""]",5325CAT,seneurcity,42,20200916T15,,5.791933796622536,4.4375529289245605,7.3869781494140625,0.6471226927252985,0.8572204125950055,0.6471226927252985,0.6471226927252985,0.4464285714285714,0.3511904761904761,11.19804020916859,1818,1818,168.0,168.0,1842,168.0,0.2,raw_absolute,per_location,raw_sensor,4.0,0.0,0.0,nob,Held-Out Raw Sensor CP,OPCN3PM25,"[""5325CAT"", ""5325CST""]"
"[""OPCN3PM25"", ""5325CAT"", ""5325CST""]",5325CAT,seneurcity,42,20200916T15,,3.406091169877486,1.1530447006225586,18.369953155517575,0.3306188925081433,0.4337676438653637,0.3306188925081433,0.3306188925081433,0.0297619047619047,0.1071428571428571,6.116288712954029,1818,528,168.0,59.0,1842,168.0,0.2,raw_absolute,per_location,raw_sensor,6.0,48.0,0.0,nob,Held-Out Raw Sensor CP,5325CAT,"[""OPCN3PM25"", ""5325CST""]"
"[""OPCN3PM25"", ""5325CAT"", ""5325CST""]",5325CAT,seneurcity,42,20200916T15,,3.67907773364674,1.1055643558502195,21.51585960388184,0.3474484256243214,0.4533116178067318,0.3474484256243214,0.3474484256243214,0.0238095238095238,0.1071428571428571,6.408751940623686,1818,528,168.0,59.0,1842,168.0,0.2,raw_absolute,per_location,raw_sensor,6.0,48.0,0.0,nob,Held-Out Raw Sensor CP,5325CST,"[""OPCN3PM25"", ""5325CAT""]"
"[""OPCN3PM25"", ""5325CAT"", ""5325CST""]",5325CAT,seneurcity,42,20200916T15,,1.2815515655446008,,,0.8630952380952381,0.967969598262758,,,0.8630952380952381,,17.48222541809082,1818,0,168.0,0.0,1842,168.0,0.2,none,,,,,,,Fused Posterior Predictive,,"[""OPCN3PM25"", ""5325CAT"", ""5325CST""]"
"[""OPCN3PM25"", ""5325CAT"", ""5325CST""]",5325CAT,seneurcity,42,20200923T15,,0.8006219863891602,0.5268095135688782,1.1676836013793943,0.7472826086956522,0.7472826086956522,,,0.3988095238095238,,11.380681226013795,1844,528,168.0,48.0,1840,168.0,0.2,model_normalized,per_location,reference,6.0,48.0,1.0,nob,Oracle Split Conformal,,"[""OPCN3PM25"", ""5325CAT"", ""5325CST""]"
"[""OPCN3PM25"", ""5325CAT"", ""5325CST""]",5325CAT,seneurcity,42,20200923T15,,6.81535174629905,5.416025161743164,9.637077331542969,0.5065217391304347,0.7951086956521739,0.5065217391304347,0.5065217391304347,0.4880952380952381,0.2738095238095238,12.770391219595204,1844,1844,168.0,168.0,1840,168.0,0.2,raw_absolute,per_location,raw_sensor,4.0,0.0,0.0,nob,Held-Out Raw Sensor CP,OPCN3PM25,"[""5325CAT"", ""5325CST""]"
"[""OPCN3PM25"", ""5325CAT"", ""5325CST""]",5325CAT,seneurcity,42,20200923T15,,17.465273336930707,12.688505172729492,23.50968742370605,0.7885869565217392,0.9103260869565216,0.7885869565217392,0.7885869565217392,0.7678571428571429,0.6369047619047619,27.45685078786767,1844,528,168.0,48.0,1840,168.0,0.2,raw_absolute,per_location,raw_sensor,6.0,48.0,0.0,nob,Held-Out Raw Sensor CP,5325CAT,"[""OPCN3PM25"", ""5325CST""]"
"[""OPCN3PM25"", ""5325CAT"", ""5325CST""]",5325CAT,seneurcity,42,20200923T15,,19.414879278703168,12.75425910949707,30.59195327758789,0.7391304347826086,0.8989130434782608,0.7391304347826086,0.7391304347826086,0.7619047619047619,0.625,29.69728767612706,1844,528,168.0,48.0,1840,168.0,0.2,raw_absolute,per_location,raw_sensor,6.0,48.0,0.0,nob,Held-Out Raw Sensor CP,5325CST,"[""OPCN3PM25"", ""5325CAT""]"
"[""OPCN3PM25"", ""5325CAT"", ""5325CST""]",5325CAT,seneurcity,42,20200923T15,,1.2815515655446008,,,0.7797619047619048,0.903804347826087,,,0.7797619047619048,,18.84515380859375,1844,0,168.0,0.0,1840,168.0,0.2,none,,,,,,,Fused Posterior Predictive,,"[""OPCN3PM25"", ""5325CAT"", ""5325CST""]"
"[""OPCN3PM25"", ""5325CAT"", ""5325CST""]",5325CAT,seneurcity,42,20201223T15,,1.489841267466545,0.8545454144477844,2.410407066345215,0.8811536548980606,0.8811536548980606,,,0.5238095238095238,,16.37495238919317,1972,576,168.0,51.0,2011,168.0,0.2,model_normalized,per_location,reference,6.0,48.0,1.0,nob,Oracle Split Conformal,,"[""OPCN3PM25"", ""5325CAT"", ""5325CST""]"
"[""OPCN3PM25"", ""5325CAT"", ""5325CST""]",5325CAT,seneurcity,42,20201223T15,,27.21297597885132,17.816164016723633,46.30644607543945,0.9865738438587768,0.9920437593237196,0.9865738438587768,0.9865738438587768,0.9047619047619048,0.8452380952380952,37.75249088729335,1972,1972,168.0,168.0,2011,168.0,0.2,raw_absolute,per_location,raw_sensor,4.0,0.0,0.0,nob,Held-Out Raw Sensor CP,OPCN3PM25,"[""5325CAT"", ""5325CST""]"
"[""OPCN3PM25"", ""5325CAT"", ""5325CST""]",5325CAT,seneurcity,42,20201223T15,,4.523417433102925,3.0150146484375,9.942258834838867,0.7409249129786176,0.6693187468920935,0.7409249129786176,0.7409249129786176,0.3630952380952381,0.375,8.744102646141489,1972,576,168.0,51.0,2011,168.0,0.2,raw_absolute,per_location,raw_sensor,6.0,48.0,0.0,nob,Held-Out Raw Sensor CP,5325CAT,"[""OPCN3PM25"", ""5325CST""]"
"[""OPCN3PM25"", ""5325CAT"", ""5325CST""]",5325CAT,seneurcity,42,20201223T15,,4.672719935576121,2.818722724914551,11.80161476135254,0.7374440576827449,0.669816011934361,0.7374440576827449,0.7374440576827449,0.3571428571428571,0.375,8.96292400597222,1972,576,168.0,51.0,2011,168.0,0.2,raw_absolute,per_location,raw_sensor,6.0,48.0,0.0,nob,Held-Out Raw Sensor CP,5325CST,"[""OPCN3PM25"", ""5325CAT""]"
"[""OPCN3PM25"", ""5325CAT"", ""5325CST""]",5325CAT,seneurcity,42,20201223T15,,1.2815515655446008,,,0.4761904761904761,0.8373943311785181,,,0.4761904761904761,,13.124493598937988,1972,0,168.0,0.0,2011,168.0,0.2,none,,,,,,,Fused Posterior Predictive,,"[""OPCN3PM25"", ""5325CAT"", ""5325CST""]"
"[""OPCN3PM25"", ""5325CAT"", ""5325CST""]",5325CAT,seneurcity,42,20201230T15,,1.7345431447029114,1.0461053848266602,4.1216559410095215,0.8415300546448088,0.8415300546448088,,,0.4583333333333333,,26.81661751690162,1980,576,168.0,48.0,2013,168.0,0.2,model_normalized,per_location,reference,6.0,48.0,1.0,nob,Oracle Split Conformal,,"[""OPCN3PM25"", ""5325CAT"", ""5325CST""]"
"[""OPCN3PM25"", ""5325CAT"", ""5325CST""]",5325CAT,seneurcity,42,20201230T15,,10.50630784034729,7.521426200866699,13.038192749023438,0.6756085444610035,0.7054148037754595,0.6756085444610035,0.6756085444610035,0.4404761904761904,0.3333333333333333,18.684397780830093,1980,1980,168.0,168.0,2013,168.0,0.2,raw_absolute,per_location,raw_sensor,4.0,0.0,0.0,nob,Held-Out Raw Sensor CP,OPCN3PM25,"[""5325CAT"", ""5325CST""]"
"[""OPCN3PM25"", ""5325CAT"", ""5325CST""]",5325CAT,seneurcity,42,20201230T15,,6.6203164259592695,4.32208251953125,14.51658058166504,0.7724788872329856,0.6641828117237953,0.7724788872329856,0.7724788872329856,0.369047619047619,0.4880952380952381,12.464704393925976,1980,576,168.0,48.0,2013,168.0,0.2,raw_absolute,per_location,raw_sensor,6.0,48.0,0.0,nob,Held-Out Raw Sensor CP,5325CAT,"[""OPCN3PM25"", ""5325CST""]"
"[""OPCN3PM25"", ""5325CAT"", ""5325CST""]",5325CAT,seneurcity,42,20201230T15,,7.150311311086019,4.674104690551758,19.170928955078125,0.7441629408842524,0.6900149031296572,0.7441629408842524,0.7441629408842524,0.3809523809523809,0.4880952380952381,13.188898827504946,1980,576,168.0,48.0,2013,168.0,0.2,raw_absolute,per_location,raw_sensor,6.0,48.0,0.0,nob,Held-Out Raw Sensor CP,5325CST,"[""OPCN3PM25"", ""5325CAT""]"
"[""OPCN3PM25"", ""5325CAT"", ""5325CST""]",5325CAT,seneurcity,42,20201230T15,,1.2815515655446008,,,0.1904761904761904,0.7029309488325882,,,0.1904761904761904,,17.380542755126953,1980,0,168.0,0.0,2013,168.0,0.2,none,,,,,,,Fused Posterior Predictive,,"[""OPCN3PM25"", ""5325CAT"", ""5325CST""]"
"[""OPCN3PM25"", ""5325CAT"", ""5325CST""]",5325CAT,seneurcity,42,20210106T15,,1.716207891702652,1.2582130432128906,2.078472137451172,0.944666001994018,0.944666001994018,,,0.6309523809523809,,52.076550854999546,2008,576,168.0,48.0,2006,168.0,0.2,model_normalized,per_location,reference,6.0,48.0,1.0,nob,Oracle Split Conformal,,"[""OPCN3PM25"", ""5325CAT"", ""5325CST""]"
"[""OPCN3PM25"", ""5325CAT"", ""5325CST""]",5325CAT,seneurcity,42,20210106T15,,10.967061281204224,9.120576858520508,15.542572975158691,0.3015952143569292,0.4102691924227318,0.3015952143569292,0.3015952143569292,0.0297619047619047,0.0119047619047619,21.890723297864582,2008,2008,168.0,168.0,2006,168.0,0.2,raw_absolute,per_location,raw_sensor,4.0,0.0,0.0,nob,Held-Out Raw Sensor CP,OPCN3PM25,"[""5325CAT"", ""5325CST""]"
"[""OPCN3PM25"", ""5325CAT"", ""5325CST""]",5325CAT,seneurcity,42,20210106T15,,10.141741355260214,3.9229116439819336,15.023195266723633,0.7477567298105683,0.5897308075772681,0.7477567298105683,0.7477567298105683,0.0773809523809523,0.125,20.26286551246377,2008,576,168.0,48.0,2006,168.0,0.2,raw_absolute,per_location,raw_sensor,6.0,48.0,0.0,nob,Held-Out Raw Sensor CP,5325CAT,"[""OPCN3PM25"", ""5325CST""]"
"[""OPCN3PM25"", ""5325CAT"", ""5325CST""]",5325CAT,seneurcity,42,20210106T15,,13.507750670115152,7.438755035400391,17.850196838378906,0.7507477567298105,0.7392821535393819,0.7507477567298105,0.7507477567298105,0.1369047619047619,0.3630952380952381,26.827389068641548,2008,576,168.0,48.0,2006,168.0,0.2,raw_absolute,per_location,raw_sensor,6.0,48.0,0.0,nob,Held-Out Raw Sensor CP,5325CST,"[""OPCN3PM25"", ""5325CAT""]"
"[""OPCN3PM25"", ""5325CAT"", ""5325CST""]",5325CAT,seneurcity,42,20210106T15,,1.2815515655446008,,,0.3154761904761904,0.6864406779661016,,,0.3154761904761904,,36.58409118652344,2008,0,168.0,0.0,2006,168.0,0.2,none,,,,,,,Fused Posterior Predictive,,"[""OPCN3PM25"", ""5325CAT"", ""5325CST""]"
"[""AirAssure1"", ""AirAssure2"", ""AirAssure3""]",AirAssure3,cairsense,0,20151201T23,,1.3555103540420532,1.3555103540420532,1.3555103540420532,0.9464285714285714,0.9464285714285714,,,0.9464285714285714,,13.9763300546578,168,72,168.0,72.0,168,168.0,0.2,model_normalized,per_location,reference,1.0,72.0,1.0,cyclic,Oracle Split Conformal,,"[""AirAssure1"", ""AirAssure2"", ""AirAssure3""]"
"[""AirAssure1"", ""AirAssure2"", ""AirAssure3""]",AirAssure3,cairsense,0,20151201T23,,5.743398666381836,5.743398666381836,5.743398666381836,0.5,0.9702380952380952,0.5,0.5,0.9702380952380952,0.5,10.20602361077354,168,72,168.0,72.0,168,168.0,0.2,raw_absolute,per_location,raw_sensor,1.0,72.0,0.0,cyclic,Held-Out Raw Sensor CP,AirAssure1,"[""AirAssure2"", ""AirAssure3""]"
"[""AirAssure1"", ""AirAssure2"", ""AirAssure3""]",AirAssure3,cairsense,0,20151201T23,,2.5066542625427246,2.5066542625427246,2.5066542625427246,0.5714285714285714,0.6428571428571429,0.5714285714285714,0.5714285714285714,0.6428571428571429,0.5714285714285714,4.960293820926121,168,72,168.0,72.0,168,168.0,0.2,raw_absolute,per_location,raw_sensor,1.0,72.0,0.0,cyclic,Held-Out Raw Sensor CP,AirAssure2,"[""AirAssure1"", ""AirAssure3""]"
"[""AirAssure1"", ""AirAssure2"", ""AirAssure3""]",AirAssure3,cairsense,0,20151201T23,,1.376922607421875,1.376922607421875,1.376922607421875,0.4464285714285714,0.5178571428571429,0.4464285714285714,0.4464285714285714,0.5178571428571429,0.4464285714285714,2.753845219101225,168,72,168.0,72.0,168,168.0,0.2,raw_absolute,per_location,raw_sensor,1.0,72.0,0.0,cyclic,Held-Out Raw Sensor CP,AirAssure3,"[""AirAssure1"", ""AirAssure2""]"
"[""AirAssure1"", ""AirAssure2"", ""AirAssure3""]",AirAssure3,cairsense,0,20151201T23,,1.2815515655446008,,,0.9404761904761904,0.9404761904761904,,,0.9404761904761904,,13.086153030395508,168,0,168.0,0.0,168,168.0,0.2,none,,,,,,,Fused Posterior Predictive,,"[""AirAssure1"", ""AirAssure2"", ""AirAssure3""]"
"[""AirAssure1"", ""AirAssure2"", ""AirAssure3""]",AirAssure3,cairsense,0,20151208T23,,0.6481143236160278,0.6481143236160278,0.6481143236160278,0.7337662337662337,0.7337662337662337,,,0.7337662337662337,,5.797972384211305,168,72,168.0,72.0,154,154.0,0.2,model_normalized,per_location,reference,1.0,72.0,1.0,cyclic,Oracle Split Conformal,,"[""AirAssure1"", ""AirAssure2"", ""AirAssure3""]"
"[""AirAssure1"", ""AirAssure2"", ""AirAssure3""]",AirAssure3,cairsense,0,20151208T23,,15.509082794189451,15.509082794189451,15.509082794189451,0.9935064935064936,0.9935064935064936,0.9935064935064936,0.9935064935064936,0.9935064935064936,0.9935064935064936,22.512983557465787,168,72,168.0,72.0,154,154.0,0.2,raw_absolute,per_location,raw_sensor,1.0,72.0,0.0,cyclic,Held-Out Raw Sensor CP,AirAssure1,"[""AirAssure2"", ""AirAssure3""]"
"[""AirAssure1"", ""AirAssure2"", ""AirAssure3""]",AirAssure3,cairsense,0,20151208T23,,12.84294319152832,12.84294319152832,12.84294319152832,0.9935064935064936,0.961038961038961,0.9935064935064936,0.9935064935064936,0.961038961038961,0.9935064935064936,19.58548709324428,168,72,168.0,72.0,154,154.0,0.2,raw_absolute,per_location,raw_sensor,1.0,72.0,0.0,cyclic,Held-Out Raw Sensor CP,AirAssure2,"[""AirAssure1"", ""AirAssure3""]"
"[""AirAssure1"", ""AirAssure2"", ""AirAssure3""]",AirAssure3,cairsense,0,20151208T23,,11.013822555541992,11.013822555541992,11.013822555541992,0.948051948051948,0.922077922077922,0.948051948051948,0.948051948051948,0.922077922077922,0.948051948051948,17.4251005742457,168,72,168.0,72.0,154,154.0,0.2,raw_absolute,per_location,raw_sensor,1.0,72.0,0.0,cyclic,Held-Out Raw Sensor CP,AirAssure3,"[""AirAssure1"", ""AirAssure2""]"
"[""AirAssure1"", ""AirAssure2"", ""AirAssure3""]",AirAssure3,cairsense,0,20151208T23,,1.2815515655446008,,,0.974025974025974,0.974025974025974,,,0.974025974025974,,12.229509353637695,168,0,168.0,0.0,154,154.0,0.2,none,,,,,,,Fused Posterior Predictive,,"[""AirAssure1"", ""AirAssure2"", ""AirAssure3""]"
"[""AirAssure1"", ""AirAssure2"", ""AirAssure3""]",AirAssure3,cairsense,1,20151201T23,,1.2326478958129885,1.2326478958129885,1.2326478958129885,0.9583333333333334,0.9583333333333334,,,0.9583333333333334,,12.251994625443505,168,72,168.0,72.0,168,168.0,0.2,model_normalized,per_location,reference,1.0,72.0,1.0,cyclic,Oracle Split Conformal,,"[""AirAssure1"", ""AirAssure2"", ""AirAssure3""]"
"[""AirAssure1"", ""AirAssure2"", ""AirAssure3""]",AirAssure3,cairsense,1,20151201T23,,4.922911643981934,4.922911643981934,4.922911643981934,0.5119047619047619,0.9702380952380952,0.5119047619047619,0.5119047619047619,0.9702380952380952,0.5119047619047619,9.292999838079725,168,72,168.0,72.0,168,168.0,0.2,raw_absolute,per_location,raw_sensor,1.0,72.0,0.0,cyclic,Held-Out Raw Sensor CP,AirAssure1,"[""AirAssure2"", ""AirAssure3""]"
"[""AirAssure1"", ""AirAssure2"", ""AirAssure3""]",AirAssure3,cairsense,1,20151201T23,,1.8896222114562988,1.8896222114562988,1.8896222114562988,0.6130952380952381,0.7678571428571429,0.6130952380952381,0.6130952380952381,0.7678571428571429,0.6130952380952381,3.772045379593259,168,72,168.0,72.0,168,168.0,0.2,raw_absolute,per_location,raw_sensor,1.0,72.0,0.0,cyclic,Held-Out Raw Sensor CP,AirAssure2,"[""AirAssure1"", ""AirAssure3""]"
"[""AirAssure1"", ""AirAssure2"", ""AirAssure3""]",AirAssure3,cairsense,1,20151201T23,,2.230579137802124,2.230579137802124,2.230579137802124,0.625,0.7678571428571429,0.625,0.625,0.7678571428571429,0.625,4.457974853969756,168,72,168.0,72.0,168,168.0,0.2,raw_absolute,per_location,raw_sensor,1.0,72.0,0.0,cyclic,Held-Out Raw Sensor CP,AirAssure3,"[""AirAssure1"", ""AirAssure2""]"
"[""AirAssure1"", ""AirAssure2"", ""AirAssure3""]",AirAssure3,cairsense,1,20151201T23,,1.2815515655446008,,,0.9642857142857144,0.9642857142857144,,,0.9642857142857144,,12.802151679992676,168,0,168.0,0.0,168,168.0,0.2,none,,,,,,,Fused Posterior Predictive,,"[""AirAssure1"", ""AirAssure2"", ""AirAssure3""]"
"[""AirAssure1"", ""AirAssure2"", ""AirAssure3""]",AirAssure3,cairsense,1,20151208T23,,0.5987801551818848,0.5987801551818848,0.5987801551818848,0.6753246753246753,0.6753246753246753,,,0.6753246753246753,,5.1770042908656135,168,72,168.0,72.0,154,154.0,0.2,model_normalized,per_location,reference,1.0,72.0,1.0,cyclic,Oracle Split Conformal,,"[""AirAssure1"", ""AirAssure2"", ""AirAssure3""]"
"[""AirAssure1"", ""AirAssure2"", ""AirAssure3""]",AirAssure3,cairsense,1,20151208T23,,14.184280395507812,14.184280395507812,14.184280395507812,0.987012987012987,0.987012987012987,0.987012987012987,0.987012987012987,0.987012987012987,0.987012987012987,21.333513067914293,168,72,168.0,72.0,154,154.0,0.2,raw_absolute,per_location,raw_sensor,1.0,72.0,0.0,cyclic,Held-Out Raw Sensor CP,AirAssure1,"[""AirAssure2"", ""AirAssure3""]"
"[""AirAssure1"", ""AirAssure2"", ""AirAssure3""]",AirAssure3,cairsense,1,20151208T23,,10.801504135131836,10.801504135131836,10.801504135131836,0.9805194805194806,0.9415584415584416,0.9805194805194806,0.9805194805194806,0.9415584415584416,0.9805194805194806,17.481943514439966,168,72,168.0,72.0,154,154.0,0.2,raw_absolute,per_location,raw_sensor,1.0,72.0,0.0,cyclic,Held-Out Raw Sensor CP,AirAssure2,"[""AirAssure1"", ""AirAssure3""]"
"[""AirAssure1"", ""AirAssure2"", ""AirAssure3""]",AirAssure3,cairsense,1,20151208T23,,9.805015563964844,9.805015563964844,9.805015563964844,0.948051948051948,0.9090909090909092,0.948051948051948,0.948051948051948,0.9090909090909092,0.948051948051948,16.356930454055984,168,72,168.0,72.0,154,154.0,0.2,raw_absolute,per_location,raw_sensor,1.0,72.0,0.0,cyclic,Held-Out Raw Sensor CP,AirAssure3,"[""AirAssure1"", ""AirAssure2""]"
"[""AirAssure1"", ""AirAssure2"", ""AirAssure3""]",AirAssure3,cairsense,1,20151208T23,,1.2815515655446008,,,0.9675324675324676,0.9675324675324676,,,0.9675324675324676,,11.785768508911133,168,0,168.0,0.0,154,154.0,0.2,none,,,,,,,Fused Posterior Predictive,,"[""AirAssure1"", ""AirAssure2"", ""AirAssure3""]"
"[""AirAssure1"", ""AirAssure2"", ""AirAssure3""]",AirAssure3,cairsense,42,20151201T23,,1.3947443962097168,1.3947443962097168,1.3947443962097168,0.9523809523809524,0.9523809523809524,,,0.9523809523809524,,12.652228006294797,168,72,168.0,72.0,168,168.0,0.2,model_normalized,per_location,reference,1.0,72.0,1.0,cyclic,Oracle Split Conformal,,"[""AirAssure1"", ""AirAssure2"", ""AirAssure3""]"
"[""AirAssure1"", ""AirAssure2"", ""AirAssure3""]",AirAssure3,cairsense,42,20151201T23,,5.360702991485596,5.360702991485596,5.360702991485596,0.5238095238095238,0.9821428571428572,0.5238095238095238,0.5238095238095238,0.9821428571428572,0.5238095238095238,9.851021795045762,168,72,168.0,72.0,168,168.0,0.2,raw_absolute,per_location,raw_sensor,1.0,72.0,0.0,cyclic,Held-Out Raw Sensor CP,AirAssure1,"[""AirAssure2"", ""AirAssure3""]"
"[""AirAssure1"", ""AirAssure2"", ""AirAssure3""]",AirAssure3,cairsense,42,20151201T23,,1.9530701637268064,1.9530701637268064,1.9530701637268064,0.5833333333333334,0.7202380952380952,0.5833333333333334,0.5833333333333334,0.7202380952380952,0.5833333333333334,3.895776906183788,168,72,168.0,72.0,168,168.0,0.2,raw_absolute,per_location,raw_sensor,1.0,72.0,0.0,cyclic,Held-Out Raw Sensor CP,AirAssure2,"[""AirAssure1"", ""AirAssure3""]"
"[""AirAssure1"", ""AirAssure2"", ""AirAssure3""]",AirAssure3,cairsense,42,20151201T23,,1.6583993434906006,1.6583993434906006,1.6583993434906006,0.5119047619047619,0.6190476190476191,0.5119047619047619,0.5119047619047619,0.6190476190476191,0.5119047619047619,3.315537596032733,168,72,168.0,72.0,168,168.0,0.2,raw_absolute,per_location,raw_sensor,1.0,72.0,0.0,cyclic,Held-Out Raw Sensor CP,AirAssure3,"[""AirAssure1"", ""AirAssure2""]"
"[""AirAssure1"", ""AirAssure2"", ""AirAssure3""]",AirAssure3,cairsense,42,20151201T23,,1.2815515655446008,,,0.9285714285714286,0.9285714285714286,,,0.9285714285714286,,11.496233940124512,168,0,168.0,0.0,168,168.0,0.2,none,,,,,,,Fused Posterior Predictive,,"[""AirAssure1"", ""AirAssure2"", ""AirAssure3""]"
"[""AirAssure1"", ""AirAssure2"", ""AirAssure3""]",AirAssure3,cairsense,42,20151208T23,,0.7289019227027893,0.7289019227027893,0.7289019227027893,0.7792207792207793,0.7792207792207793,,,0.7792207792207793,,5.834410295858012,168,72,168.0,72.0,154,154.0,0.2,model_normalized,per_location,reference,1.0,72.0,1.0,cyclic,Oracle Split Conformal,,"[""AirAssure1"", ""AirAssure2"", ""AirAssure3""]"
"[""AirAssure1"", ""AirAssure2"", ""AirAssure3""]",AirAssure3,cairsense,42,20151208T23,,12.370777130126951,12.370777130126951,12.370777130126951,0.987012987012987,0.987012987012987,0.987012987012987,0.987012987012987,0.987012987012987,0.987012987012987,19.217899334895147,168,72,168.0,72.0,154,154.0,0.2,raw_absolute,per_location,raw_sensor,1.0,72.0,0.0,cyclic,Held-Out Raw Sensor CP,AirAssure1,"[""AirAssure2"", ""AirAssure3""]"
"[""AirAssure1"", ""AirAssure2"", ""AirAssure3""]",AirAssure3,cairsense,42,20151208T23,,9.372329711914062,9.372329711914062,9.372329711914062,0.9805194805194806,0.935064935064935,0.9805194805194806,0.9805194805194806,0.935064935064935,0.9805194805194806,15.589831166453177,168,72,168.0,72.0,154,154.0,0.2,raw_absolute,per_location,raw_sensor,1.0,72.0,0.0,cyclic,Held-Out Raw Sensor CP,AirAssure2,"[""AirAssure1"", ""AirAssure3""]"
"[""AirAssure1"", ""AirAssure2"", ""AirAssure3""]",AirAssure3,cairsense,42,20151208T23,,7.081960678100586,7.081960678100586,7.081960678100586,0.9155844155844156,0.8896103896103896,0.9155844155844156,0.9155844155844156,0.8896103896103896,0.9155844155844156,12.75366972638415,168,72,168.0,72.0,154,154.0,0.2,raw_absolute,per_location,raw_sensor,1.0,72.0,0.0,cyclic,Held-Out Raw Sensor CP,AirAssure3,"[""AirAssure1"", ""AirAssure2""]"
"[""AirAssure1"", ""AirAssure2"", ""AirAssure3""]",AirAssure3,cairsense,42,20151208T23,,1.2815515655446008,,,0.961038961038961,0.961038961038961,,,0.961038961038961,,10.729411125183104,168,0,168.0,0.0,154,154.0,0.2,none,,,,,,,Fused Posterior Predictive,,"[""AirAssure1"", ""AirAssure2"", ""AirAssure3""]"
