training_sensors,anchor_sensor,dataset,seed,origin,split,threshold,threshold_min,threshold_max,coverage_primary,coverage_reference_row,coverage_sensor_row,coverage_raw_sensor_row,coverage_reference_timestamp,coverage_sensor_timestamp,width,cal_rows,cal_rows_used,cal_timestamps,cal_timestamps_used,test_rows,test_timestamps,alpha,score_space,coverage_unit,calibration_target,block_size,window_timestamps,scale_power,scheme,method,held_out_sensor,fusion_sensors,raw_scale
"[""sensor_0"", ""sensor_1"", ""sensor_2""]",sensor_0,toy_spatial,0,,0.0,1.3295865058898926,1.3295865058898926,1.3295865058898926,0.80235,0.80235,,,,,4.468182761073113,20000,20000,,,20000,,0.2,model_normalized,row,reference,1.0,0.0,1.0,cyclic,Oracle Split Conformal,,"[""sensor_0"", ""sensor_1"", ""sensor_2""]",not_applicable
"[""sensor_0"", ""sensor_1"", ""sensor_2""]",sensor_0,toy_spatial,0,,0.0,1.8396487679118827,1.8396487679118827,1.8396487679118827,0.8006,0.93145,0.8006,0.8006,,,8.705676883614064,20000,20000,,,20000,,0.2,raw_normalized,row,raw_sensor,1.0,0.0,1.0,cyclic,Adaptive Held-Out Raw Sensor CP,sensor_0,"[""sensor_1"", ""sensor_2""]",posterior
"[""sensor_0"", ""sensor_1"", ""sensor_2""]",sensor_0,toy_spatial,0,,0.0,3.761788794675109,3.761788794675109,3.761788794675109,0.7926,0.9995,0.7926,0.7926,,,14.607624378740788,20000,20000,,,20000,,0.2,raw_normalized,row,raw_sensor,1.0,0.0,1.0,cyclic,Adaptive Held-Out Raw Sensor CP,sensor_1,"[""sensor_0"", ""sensor_2""]",posterior
"[""sensor_0"", ""sensor_1"", ""sensor_2""]",sensor_0,toy_spatial,0,,0.0,5.33325910439912,5.33325910439912,5.33325910439912,0.80065,1.0,0.80065,0.80065,,,19.35506340768337,20000,20000,,,20000,,0.2,raw_normalized,row,raw_sensor,1.0,0.0,1.0,cyclic,Adaptive Held-Out Raw Sensor CP,sensor_2,"[""sensor_0"", ""sensor_1""]",posterior
"[""sensor_0"", ""sensor_1"", ""sensor_2""]",sensor_0,toy_spatial,0,,0.0,1.2815515655446008,,,0.786,0.786,,,,,4.306757926940918,20000,0,,0.0,20000,,0.2,none,,,,,,,Fused Posterior Predictive,,"[""sensor_0"", ""sensor_1"", ""sensor_2""]",
"[""sensor_0"", ""sensor_1"", ""sensor_2""]",sensor_0,toy_spatial,0,,1.0,1.3276848793029783,1.3276848793029783,1.3276848793029783,0.80085,0.80085,,,,,4.461200562191009,20000,20000,,,20000,,0.2,model_normalized,row,reference,1.0,0.0,1.0,cyclic,Oracle Split Conformal,,"[""sensor_0"", ""sensor_1"", ""sensor_2""]",not_applicable
"[""sensor_0"", ""sensor_1"", ""sensor_2""]",sensor_0,toy_spatial,0,,1.0,1.831446228094934,1.831446228094934,1.831446228094934,0.7972,0.92965,0.7972,0.7972,,,8.665201716792584,20000,20000,,,20000,,0.2,raw_normalized,row,raw_sensor,1.0,0.0,1.0,cyclic,Adaptive Held-Out Raw Sensor CP,sensor_0,"[""sensor_1"", ""sensor_2""]",posterior
"[""sensor_0"", ""sensor_1"", ""sensor_2""]",sensor_0,toy_spatial,0,,1.0,3.812263833122557,3.812263833122557,3.812263833122557,0.8053,0.99955,0.8053,0.8053,,,14.80160920022726,20000,20000,,,20000,,0.2,raw_normalized,row,raw_sensor,1.0,0.0,1.0,cyclic,Adaptive Held-Out Raw Sensor CP,sensor_1,"[""sensor_0"", ""sensor_2""]",posterior
"[""sensor_0"", ""sensor_1"", ""sensor_2""]",sensor_0,toy_spatial,0,,1.0,5.339624294656247,5.339624294656247,5.339624294656247,0.80165,1.0,0.80165,0.80165,,,19.37572138364315,20000,20000,,,20000,,0.2,raw_normalized,row,raw_sensor,1.0,0.0,1.0,cyclic,Adaptive Held-Out Raw Sensor CP,sensor_2,"[""sensor_0"", ""sensor_1""]",posterior
"[""sensor_0"", ""sensor_1"", ""sensor_2""]",sensor_0,toy_spatial,0,,1.0,1.2815515655446008,,,0.7845,0.7845,,,,,4.306186676025391,20000,0,,0.0,20000,,0.2,none,,,,,,,Fused Posterior Predictive,,"[""sensor_0"", ""sensor_1"", ""sensor_2""]",
"[""sensor_0"", ""sensor_1"", ""sensor_2""]",sensor_0,toy_spatial,0,,2.0,1.329928636550903,1.329928636550903,1.329928636550903,0.8027,0.8027,,,,,4.469287479567528,20000,20000,,,20000,,0.2,model_normalized,row,reference,1.0,0.0,1.0,cyclic,Oracle Split Conformal,,"[""sensor_0"", ""sensor_1"", ""sensor_2""]",not_applicable
"[""sensor_0"", ""sensor_1"", ""sensor_2""]",sensor_0,toy_spatial,0,,2.0,1.8355490936392085,1.8355490936392085,1.8355490936392085,0.79915,0.92925,0.79915,0.79915,,,8.68631345152855,20000,20000,,,20000,,0.2,raw_normalized,row,raw_sensor,1.0,0.0,1.0,cyclic,Adaptive Held-Out Raw Sensor CP,sensor_0,"[""sensor_1"", ""sensor_2""]",posterior
"[""sensor_0"", ""sensor_1"", ""sensor_2""]",sensor_0,toy_spatial,0,,2.0,3.79123195638739,3.79123195638739,3.79123195638739,0.80025,0.9996,0.80025,0.80025,,,14.721240499651431,20000,20000,,,20000,,0.2,raw_normalized,row,raw_sensor,1.0,0.0,1.0,cyclic,Adaptive Held-Out Raw Sensor CP,sensor_1,"[""sensor_0"", ""sensor_2""]",posterior
"[""sensor_0"", ""sensor_1"", ""sensor_2""]",sensor_0,toy_spatial,0,,2.0,5.316934934709919,5.316934934709919,5.316934934709919,0.7981,1.0,0.7981,0.7981,,,19.29532564539909,20000,20000,,,20000,,0.2,raw_normalized,row,raw_sensor,1.0,0.0,1.0,cyclic,Adaptive Held-Out Raw Sensor CP,sensor_2,"[""sensor_0"", ""sensor_1""]",posterior
"[""sensor_0"", ""sensor_1"", ""sensor_2""]",sensor_0,toy_spatial,0,,2.0,1.2815515655446008,,,0.7868,0.7868,,,,,4.306714057922363,20000,0,,0.0,20000,,0.2,none,,,,,,,Fused Posterior Predictive,,"[""sensor_0"", ""sensor_1"", ""sensor_2""]",
"[""sensor_0"", ""sensor_1"", ""sensor_2""]",sensor_0,toy_spatial,0,,3.0,1.3219799995422363,1.3219799995422363,1.3219799995422363,0.79675,0.79675,,,,,4.442597685146332,20000,20000,,,20000,,0.2,model_normalized,row,reference,1.0,0.0,1.0,cyclic,Oracle Split Conformal,,"[""sensor_0"", ""sensor_1"", ""sensor_2""]",not_applicable
"[""sensor_0"", ""sensor_1"", ""sensor_2""]",sensor_0,toy_spatial,0,,3.0,1.8515051662883428,1.8515051662883428,1.8515051662883428,0.80655,0.93215,0.80655,0.80655,,,8.761881930303574,20000,20000,,,20000,,0.2,raw_normalized,row,raw_sensor,1.0,0.0,1.0,cyclic,Adaptive Held-Out Raw Sensor CP,sensor_0,"[""sensor_1"", ""sensor_2""]",posterior
"[""sensor_0"", ""sensor_1"", ""sensor_2""]",sensor_0,toy_spatial,0,,3.0,3.7954384178951135,3.7954384178951135,3.7954384178951135,0.80125,0.99955,0.80125,0.80125,,,14.737848261356351,20000,20000,,,20000,,0.2,raw_normalized,row,raw_sensor,1.0,0.0,1.0,cyclic,Adaptive Held-Out Raw Sensor CP,sensor_1,"[""sensor_0"", ""sensor_2""]",posterior
"[""sensor_0"", ""sensor_1"", ""sensor_2""]",sensor_0,toy_spatial,0,,3.0,5.313166027110168,5.313166027110168,5.313166027110168,0.7977,1.0,0.7977,0.7977,,,19.281919719314576,20000,20000,,,20000,,0.2,raw_normalized,row,raw_sensor,1.0,0.0,1.0,cyclic,Adaptive Held-Out Raw Sensor CP,sensor_2,"[""sensor_0"", ""sensor_1""]",posterior
"[""sensor_0"", ""sensor_1"", ""sensor_2""]",sensor_0,toy_spatial,0,,3.0,1.2815515655446008,,,0.78325,0.78325,,,,,4.306735515594482,20000,0,,0.0,20000,,0.2,none,,,,,,,Fused Posterior Predictive,,"[""sensor_0"", ""sensor_1"", ""sensor_2""]",
"[""sensor_0"", ""sensor_1"", ""sensor_2""]",sensor_0,toy_spatial,0,,4.0,1.3262776136398315,1.3262776136398315,1.3262776136398315,0.7994,0.7994,,,,,4.4561786444664,20000,20000,,,20000,,0.2,model_normalized,row,reference,1.0,0.0,1.0,cyclic,Oracle Split Conformal,,"[""sensor_0"", ""sensor_1"", ""sensor_2""]",not_applicable
"[""sensor_0"", ""sensor_1"", ""sensor_2""]",sensor_0,toy_spatial,0,,4.0,1.8203674101038176,1.8203674101038176,1.8203674101038176,0.7919,0.92405,0.7919,0.7919,,,8.612969247257709,20000,20000,,,20000,,0.2,raw_normalized,row,raw_sensor,1.0,0.0,1.0,cyclic,Adaptive Held-Out Raw Sensor CP,sensor_0,"[""sensor_1"", ""sensor_2""]",posterior
"[""sensor_0"", ""sensor_1"", ""sensor_2""]",sensor_0,toy_spatial,0,,4.0,3.7899148711304975,3.7899148711304975,3.7899148711304975,0.79975,0.99955,0.79975,0.79975,,,14.713391211879252,20000,20000,,,20000,,0.2,raw_normalized,row,raw_sensor,1.0,0.0,1.0,cyclic,Adaptive Held-Out Raw Sensor CP,sensor_1,"[""sensor_0"", ""sensor_2""]",posterior
"[""sensor_0"", ""sensor_1"", ""sensor_2""]",sensor_0,toy_spatial,0,,4.0,5.3108715013539,5.3108715013539,5.3108715013539,0.7971,1.0,0.7971,0.7971,,,19.2696238052845,20000,20000,,,20000,,0.2,raw_normalized,row,raw_sensor,1.0,0.0,1.0,cyclic,Adaptive Held-Out Raw Sensor CP,sensor_2,"[""sensor_0"", ""sensor_1""]",posterior
"[""sensor_0"", ""sensor_1"", ""sensor_2""]",sensor_0,toy_spatial,0,,4.0,1.2815515655446008,,,0.78455,0.78455,,,,,4.30590295791626,20000,0,,0.0,20000,,0.2,none,,,,,,,Fused Posterior Predictive,,"[""sensor_0"", ""sensor_1"", ""sensor_2""]",
"[""sensor_0"", ""sensor_1"", ""sensor_2""]",sensor_0,toy_spatial,0,,5.0,1.320424199104309,1.320424199104309,1.320424199104309,0.79555,0.79555,,,,,4.436928713107109,20000,20000,,,20000,,0.2,model_normalized,row,reference,1.0,0.0,1.0,cyclic,Oracle Split Conformal,,"[""sensor_0"", ""sensor_1"", ""sensor_2""]",not_applicable
"[""sensor_0"", ""sensor_1"", ""sensor_2""]",sensor_0,toy_spatial,0,,5.0,1.8472297387084948,1.8472297387084948,1.8472297387084948,0.80475,0.9312,0.80475,0.80475,,,8.741273319768906,20000,20000,,,20000,,0.2,raw_normalized,row,raw_sensor,1.0,0.0,1.0,cyclic,Adaptive Held-Out Raw Sensor CP,sensor_0,"[""sensor_1"", ""sensor_2""]",posterior
"[""sensor_0"", ""sensor_1"", ""sensor_2""]",sensor_0,toy_spatial,0,,5.0,3.8066046666928903,3.8066046666928903,3.8066046666928903,0.80375,0.9996,0.80375,0.80375,,,14.779405383300782,20000,20000,,,20000,,0.2,raw_normalized,row,raw_sensor,1.0,0.0,1.0,cyclic,Adaptive Held-Out Raw Sensor CP,sensor_1,"[""sensor_0"", ""sensor_2""]",posterior
"[""sensor_0"", ""sensor_1"", ""sensor_2""]",sensor_0,toy_spatial,0,,5.0,5.328174052811209,5.328174052811209,5.328174052811209,0.79965,1.0,0.79965,0.79965,,,19.333815327119822,20000,20000,,,20000,,0.2,raw_normalized,row,raw_sensor,1.0,0.0,1.0,cyclic,Adaptive Held-Out Raw Sensor CP,sensor_2,"[""sensor_0"", ""sensor_1""]",posterior
"[""sensor_0"", ""sensor_1"", ""sensor_2""]",sensor_0,toy_spatial,0,,5.0,1.2815515655446008,,,0.78225,0.78225,,,,,4.306307792663574,20000,0,,0.0,20000,,0.2,none,,,,,,,Fused Posterior Predictive,,"[""sensor_0"", ""sensor_1"", ""sensor_2""]",
"[""sensor_0"", ""sensor_1"", ""sensor_2""]",sensor_0,toy_spatial,0,,6.0,1.3322980403900146,1.3322980403900146,1.3322980403900146,0.80435,0.80435,,,,,4.477160811424255,20000,20000,,,20000,,0.2,model_normalized,row,reference,1.0,0.0,1.0,cyclic,Oracle Split Conformal,,"[""sensor_0"", ""sensor_1"", ""sensor_2""]",not_applicable
"[""sensor_0"", ""sensor_1"", ""sensor_2""]",sensor_0,toy_spatial,0,,6.0,1.8449699815112663,1.8449699815112663,1.8449699815112663,0.80365,0.9313,0.80365,0.80365,,,8.729699302554131,20000,20000,,,20000,,0.2,raw_normalized,row,raw_sensor,1.0,0.0,1.0,cyclic,Adaptive Held-Out Raw Sensor CP,sensor_0,"[""sensor_1"", ""sensor_2""]",posterior
"[""sensor_0"", ""sensor_1"", ""sensor_2""]",sensor_0,toy_spatial,0,,6.0,3.769171988733023,3.769171988733023,3.769171988733023,0.7944,0.9994,0.7944,0.7944,,,14.636314656066894,20000,20000,,,20000,,0.2,raw_normalized,row,raw_sensor,1.0,0.0,1.0,cyclic,Adaptive Held-Out Raw Sensor CP,sensor_1,"[""sensor_0"", ""sensor_2""]",posterior
"[""sensor_0"", ""sensor_1"", ""sensor_2""]",sensor_0,toy_spatial,0,,6.0,5.3280431535892285,5.3280431535892285,5.3280431535892285,0.7996,1.0,0.7996,0.7996,,,19.33571255607605,20000,20000,,,20000,,0.2,raw_normalized,row,raw_sensor,1.0,0.0,1.0,cyclic,Adaptive Held-Out Raw Sensor CP,sensor_2,"[""sensor_0"", ""sensor_1""]",posterior
"[""sensor_0"", ""sensor_1"", ""sensor_2""]",sensor_0,toy_spatial,0,,6.0,1.2815515655446008,,,0.7869,0.7869,,,,,4.306628704071045,20000,0,,0.0,20000,,0.2,none,,,,,,,Fused Posterior Predictive,,"[""sensor_0"", ""sensor_1"", ""sensor_2""]",
"[""sensor_0"", ""sensor_1"", ""sensor_2""]",sensor_0,toy_spatial,0,,7.0,1.3294111490249634,1.3294111490249634,1.3294111490249634,0.8021,0.8021,,,,,4.467511471176148,20000,20000,,,20000,,0.2,model_normalized,row,reference,1.0,0.0,1.0,cyclic,Oracle Split Conformal,,"[""sensor_0"", ""sensor_1"", ""sensor_2""]",not_applicable
"[""sensor_0"", ""sensor_1"", ""sensor_2""]",sensor_0,toy_spatial,0,,7.0,1.837297158628604,1.837297158628604,1.837297158628604,0.79975,0.9308,0.79975,0.79975,,,8.694434597885609,20000,20000,,,20000,,0.2,raw_normalized,row,raw_sensor,1.0,0.0,1.0,cyclic,Adaptive Held-Out Raw Sensor CP,sensor_0,"[""sensor_1"", ""sensor_2""]",posterior
"[""sensor_0"", ""sensor_1"", ""sensor_2""]",sensor_0,toy_spatial,0,,7.0,3.770585458177656,3.770585458177656,3.770585458177656,0.795,0.9995,0.795,0.795,,,14.64100641937256,20000,20000,,,20000,,0.2,raw_normalized,row,raw_sensor,1.0,0.0,1.0,cyclic,Adaptive Held-Out Raw Sensor CP,sensor_1,"[""sensor_0"", ""sensor_2""]",posterior
"[""sensor_0"", ""sensor_1"", ""sensor_2""]",sensor_0,toy_spatial,0,,7.0,5.391451731694997,5.391451731694997,5.391451731694997,0.80835,1.0,0.80835,0.80835,,,19.56556758468151,20000,20000,,,20000,,0.2,raw_normalized,row,raw_sensor,1.0,0.0,1.0,cyclic,Adaptive Held-Out Raw Sensor CP,sensor_2,"[""sensor_0"", ""sensor_1""]",posterior
"[""sensor_0"", ""sensor_1"", ""sensor_2""]",sensor_0,toy_spatial,0,,7.0,1.2815515655446008,,,0.78625,0.78625,,,,,4.306678295135498,20000,0,,0.0,20000,,0.2,none,,,,,,,Fused Posterior Predictive,,"[""sensor_0"", ""sensor_1"", ""sensor_2""]",
"[""sensor_0"", ""sensor_1"", ""sensor_2""]",sensor_0,toy_spatial,0,,8.0,1.3348549604415894,1.3348549604415894,1.3348549604415894,0.80585,0.80585,,,,,4.486354025363922,20000,20000,,,20000,,0.2,model_normalized,row,reference,1.0,0.0,1.0,cyclic,Oracle Split Conformal,,"[""sensor_0"", ""sensor_1"", ""sensor_2""]",not_applicable
"[""sensor_0"", ""sensor_1"", ""sensor_2""]",sensor_0,toy_spatial,0,,8.0,1.8314676535802792,1.8314676535802792,1.8314676535802792,0.79725,0.9315,0.79725,0.79725,,,8.667122604382039,20000,20000,,,20000,,0.2,raw_normalized,row,raw_sensor,1.0,0.0,1.0,cyclic,Adaptive Held-Out Raw Sensor CP,sensor_0,"[""sensor_1"", ""sensor_2""]",posterior
"[""sensor_0"", ""sensor_1"", ""sensor_2""]",sensor_0,toy_spatial,0,,8.0,3.787388035196879,3.787388035196879,3.787388035196879,0.799,0.9996,0.799,0.799,,,14.708469314682484,20000,20000,,,20000,,0.2,raw_normalized,row,raw_sensor,1.0,0.0,1.0,cyclic,Adaptive Held-Out Raw Sensor CP,sensor_1,"[""sensor_0"", ""sensor_2""]",posterior
"[""sensor_0"", ""sensor_1"", ""sensor_2""]",sensor_0,toy_spatial,0,,8.0,5.383716626476541,5.383716626476541,5.383716626476541,0.8071,1.0,0.8071,0.8071,,,19.540341400432588,20000,20000,,,20000,,0.2,raw_normalized,row,raw_sensor,1.0,0.0,1.0,cyclic,Adaptive Held-Out Raw Sensor CP,sensor_2,"[""sensor_0"", ""sensor_1""]",posterior
"[""sensor_0"", ""sensor_1"", ""sensor_2""]",sensor_0,toy_spatial,0,,8.0,1.2815515655446008,,,0.7884,0.7884,,,,,4.3072052001953125,20000,0,,0.0,20000,,0.2,none,,,,,,,Fused Posterior Predictive,,"[""sensor_0"", ""sensor_1"", ""sensor_2""]",
"[""sensor_0"", ""sensor_1"", ""sensor_2""]",sensor_0,toy_spatial,0,,9.0,1.3276848793029783,1.3276848793029783,1.3276848793029783,0.80085,0.80085,,,,,4.461900060915947,20000,20000,,,20000,,0.2,model_normalized,row,reference,1.0,0.0,1.0,cyclic,Oracle Split Conformal,,"[""sensor_0"", ""sensor_1"", ""sensor_2""]",not_applicable
"[""sensor_0"", ""sensor_1"", ""sensor_2""]",sensor_0,toy_spatial,0,,9.0,1.856197478512526,1.856197478512526,1.856197478512526,0.80875,0.93505,0.80875,0.80875,,,8.784730911397935,20000,20000,,,20000,,0.2,raw_normalized,row,raw_sensor,1.0,0.0,1.0,cyclic,Adaptive Held-Out Raw Sensor CP,sensor_0,"[""sensor_1"", ""sensor_2""]",posterior
"[""sensor_0"", ""sensor_1"", ""sensor_2""]",sensor_0,toy_spatial,0,,9.0,3.814172256165993,3.814172256165993,3.814172256165993,0.8057,0.99955,0.8057,0.8057,,,14.810821334922316,20000,20000,,,20000,,0.2,raw_normalized,row,raw_sensor,1.0,0.0,1.0,cyclic,Adaptive Held-Out Raw Sensor CP,sensor_1,"[""sensor_0"", ""sensor_2""]",posterior
"[""sensor_0"", ""sensor_1"", ""sensor_2""]",sensor_0,toy_spatial,0,,9.0,5.3201050394976,5.3201050394976,5.3201050394976,0.7987,1.0,0.7987,0.7987,,,19.30742696430683,20000,20000,,,20000,,0.2,raw_normalized,row,raw_sensor,1.0,0.0,1.0,cyclic,Adaptive Held-Out Raw Sensor CP,sensor_2,"[""sensor_0"", ""sensor_1""]",posterior
"[""sensor_0"", ""sensor_1"", ""sensor_2""]",sensor_0,toy_spatial,0,,9.0,1.2815515655446008,,,0.78515,0.78515,,,,,4.306861877441406,20000,0,,0.0,20000,,0.2,none,,,,,,,Fused Posterior Predictive,,"[""sensor_0"", ""sensor_1"", ""sensor_2""]",
"[""sensor_0"", ""sensor_1"", ""sensor_2""]",sensor_0,toy_spatial,0,,10.0,1.3283547163009644,1.3283547163009644,1.3283547163009644,0.80125,0.80125,,,,,4.464629329204559,20000,20000,,,20000,,0.2,model_normalized,row,reference,1.0,0.0,1.0,cyclic,Oracle Split Conformal,,"[""sensor_0"", ""sensor_1"", ""sensor_2""]",not_applicable
"[""sensor_0"", ""sensor_1"", ""sensor_2""]",sensor_0,toy_spatial,0,,10.0,1.8318343756706632,1.8318343756706632,1.8318343756706632,0.7974,0.929,0.7974,0.7974,,,8.669284183895588,20000,20000,,,20000,,0.2,raw_normalized,row,raw_sensor,1.0,0.0,1.0,cyclic,Adaptive Held-Out Raw Sensor CP,sensor_0,"[""sensor_1"", ""sensor_2""]",posterior
"[""sensor_0"", ""sensor_1"", ""sensor_2""]",sensor_0,toy_spatial,0,,10.0,3.789753145939186,3.789753145939186,3.789753145939186,0.7997,0.9996,0.7997,0.7997,,,14.71818483016491,20000,20000,,,20000,,0.2,raw_normalized,row,raw_sensor,1.0,0.0,1.0,cyclic,Adaptive Held-Out Raw Sensor CP,sensor_1,"[""sensor_0"", ""sensor_2""]",posterior
"[""sensor_0"", ""sensor_1"", ""sensor_2""]",sensor_0,toy_spatial,0,,10.0,5.30392189439612,5.30392189439612,5.30392189439612,0.796,1.0,0.796,0.796,,,19.251132484412192,20000,20000,,,20000,,0.2,raw_normalized,row,raw_sensor,1.0,0.0,1.0,cyclic,Adaptive Held-Out Raw Sensor CP,sensor_2,"[""sensor_0"", ""sensor_1""]",posterior
"[""sensor_0"", ""sensor_1"", ""sensor_2""]",sensor_0,toy_spatial,0,,10.0,1.2815515655446008,,,0.78645,0.78645,,,,,4.307322978973389,20000,0,,0.0,20000,,0.2,none,,,,,,,Fused Posterior Predictive,,"[""sensor_0"", ""sensor_1"", ""sensor_2""]",
"[""sensor_0"", ""sensor_1"", ""sensor_2""]",sensor_0,toy_spatial,0,,11.0,1.3241678476333618,1.3241678476333618,1.3241678476333618,0.79805,0.79805,,,,,4.44920648920536,20000,20000,,,20000,,0.2,model_normalized,row,reference,1.0,0.0,1.0,cyclic,Oracle Split Conformal,,"[""sensor_0"", ""sensor_1"", ""sensor_2""]",not_applicable
"[""sensor_0"", ""sensor_1"", ""sensor_2""]",sensor_0,toy_spatial,0,,11.0,1.82799984629541,1.82799984629541,1.82799984629541,0.79575,0.92875,0.79575,0.79575,,,8.648429644298554,20000,20000,,,20000,,0.2,raw_normalized,row,raw_sensor,1.0,0.0,1.0,cyclic,Adaptive Held-Out Raw Sensor CP,sensor_0,"[""sensor_1"", ""sensor_2""]",posterior
"[""sensor_0"", ""sensor_1"", ""sensor_2""]",sensor_0,toy_spatial,0,,11.0,3.8046506138010137,3.8046506138010137,3.8046506138010137,0.8034,0.9996,0.8034,0.8034,,,14.771388714396954,20000,20000,,,20000,,0.2,raw_normalized,row,raw_sensor,1.0,0.0,1.0,cyclic,Adaptive Held-Out Raw Sensor CP,sensor_1,"[""sensor_0"", ""sensor_2""]",posterior
"[""sensor_0"", ""sensor_1"", ""sensor_2""]",sensor_0,toy_spatial,0,,11.0,5.3388840870403085,5.3388840870403085,5.3388840870403085,0.8015,1.0,0.8015,0.8015,,,19.372274846243855,20000,20000,,,20000,,0.2,raw_normalized,row,raw_sensor,1.0,0.0,1.0,cyclic,Adaptive Held-Out Raw Sensor CP,sensor_2,"[""sensor_0"", ""sensor_1""]",posterior
"[""sensor_0"", ""sensor_1"", ""sensor_2""]",sensor_0,toy_spatial,0,,11.0,1.2815515655446008,,,0.7845,0.7845,,,,,4.306015491485596,20000,0,,0.0,20000,,0.2,none,,,,,,,Fused Posterior Predictive,,"[""sensor_0"", ""sensor_1"", ""sensor_2""]",
"[""sensor_0"", ""sensor_1"", ""sensor_2""]",sensor_0,toy_spatial,0,,12.0,1.3339250087738037,1.3339250087738037,1.3339250087738037,0.8055,0.8055,,,,,4.482995996308326,20000,20000,,,20000,,0.2,model_normalized,row,reference,1.0,0.0,1.0,cyclic,Oracle Split Conformal,,"[""sensor_0"", ""sensor_1"", ""sensor_2""]",not_applicable
"[""sensor_0"", ""sensor_1"", ""sensor_2""]",sensor_0,toy_spatial,0,,12.0,1.8343655375229249,1.8343655375229249,1.8343655375229249,0.79835,0.93065,0.79835,0.79835,,,8.680814647483826,20000,20000,,,20000,,0.2,raw_normalized,row,raw_sensor,1.0,0.0,1.0,cyclic,Adaptive Held-Out Raw Sensor CP,sensor_0,"[""sensor_1"", ""sensor_2""]",posterior
"[""sensor_0"", ""sensor_1"", ""sensor_2""]",sensor_0,toy_spatial,0,,12.0,3.800269693939726,3.800269693939726,3.800269693939726,0.80265,0.9994,0.80265,0.80265,,,14.757538126397131,20000,20000,,,20000,,0.2,raw_normalized,row,raw_sensor,1.0,0.0,1.0,cyclic,Adaptive Held-Out Raw Sensor CP,sensor_1,"[""sensor_0"", ""sensor_2""]",posterior
"[""sensor_0"", ""sensor_1"", ""sensor_2""]",sensor_0,toy_spatial,0,,12.0,5.285953315299318,5.285953315299318,5.285953315299318,0.79325,1.0,0.79325,0.79325,,,19.18419246981144,20000,20000,,,20000,,0.2,raw_normalized,row,raw_sensor,1.0,0.0,1.0,cyclic,Adaptive Held-Out Raw Sensor CP,sensor_2,"[""sensor_0"", ""sensor_1""]",posterior
"[""sensor_0"", ""sensor_1"", ""sensor_2""]",sensor_0,toy_spatial,0,,12.0,1.2815515655446008,,,0.78885,0.78885,,,,,4.306981563568115,20000,0,,0.0,20000,,0.2,none,,,,,,,Fused Posterior Predictive,,"[""sensor_0"", ""sensor_1"", ""sensor_2""]",
"[""sensor_0"", ""sensor_1"", ""sensor_2""]",sensor_0,toy_spatial,0,,13.0,1.3274644613265991,1.3274644613265991,1.3274644613265991,0.80055,0.80055,,,,,4.460277195119858,20000,20000,,,20000,,0.2,model_normalized,row,reference,1.0,0.0,1.0,cyclic,Oracle Split Conformal,,"[""sensor_0"", ""sensor_1"", ""sensor_2""]",not_applicable
"[""sensor_0"", ""sensor_1"", ""sensor_2""]",sensor_0,toy_spatial,0,,13.0,1.8407582873778288,1.8407582873778288,1.8407582873778288,0.8012,0.93085,0.8012,0.8012,,,8.710248327481747,20000,20000,,,20000,,0.2,raw_normalized,row,raw_sensor,1.0,0.0,1.0,cyclic,Adaptive Held-Out Raw Sensor CP,sensor_0,"[""sensor_1"", ""sensor_2""]",posterior
"[""sensor_0"", ""sensor_1"", ""sensor_2""]",sensor_0,toy_spatial,0,,13.0,3.7922192458783135,3.7922192458783135,3.7922192458783135,0.8004,0.9996,0.8004,0.8004,,,14.721926175689696,20000,20000,,,20000,,0.2,raw_normalized,row,raw_sensor,1.0,0.0,1.0,cyclic,Adaptive Held-Out Raw Sensor CP,sensor_1,"[""sensor_0"", ""sensor_2""]",posterior
"[""sensor_0"", ""sensor_1"", ""sensor_2""]",sensor_0,toy_spatial,0,,13.0,5.340098160475495,5.340098160475495,5.340098160475495,0.8017,1.0,0.8017,0.8017,,,19.37591994585991,20000,20000,,,20000,,0.2,raw_normalized,row,raw_sensor,1.0,0.0,1.0,cyclic,Adaptive Held-Out Raw Sensor CP,sensor_2,"[""sensor_0"", ""sensor_1""]",posterior
"[""sensor_0"", ""sensor_1"", ""sensor_2""]",sensor_0,toy_spatial,0,,13.0,1.2815515655446008,,,0.78645,0.78645,,,,,4.306010246276856,20000,0,,0.0,20000,,0.2,none,,,,,,,Fused Posterior Predictive,,"[""sensor_0"", ""sensor_1"", ""sensor_2""]",
"[""sensor_0"", ""sensor_1"", ""sensor_2""]",sensor_0,toy_spatial,0,,14.0,1.3230422735214231,1.3230422735214231,1.3230422735214231,0.7975,0.7975,,,,,4.445498846936226,20000,20000,,,20000,,0.2,model_normalized,row,reference,1.0,0.0,1.0,cyclic,Oracle Split Conformal,,"[""sensor_0"", ""sensor_1"", ""sensor_2""]",not_applicable
"[""sensor_0"", ""sensor_1"", ""sensor_2""]",sensor_0,toy_spatial,0,,14.0,1.8264825215015976,1.8264825215015976,1.8264825215015976,0.795,0.92715,0.795,0.795,,,8.642495337343217,20000,20000,,,20000,,0.2,raw_normalized,row,raw_sensor,1.0,0.0,1.0,cyclic,Adaptive Held-Out Raw Sensor CP,sensor_0,"[""sensor_1"", ""sensor_2""]",posterior
"[""sensor_0"", ""sensor_1"", ""sensor_2""]",sensor_0,toy_spatial,0,,14.0,3.769934800724928,3.769934800724928,3.769934800724928,0.79475,0.9995,0.79475,0.79475,,,14.63626926701069,20000,20000,,,20000,,0.2,raw_normalized,row,raw_sensor,1.0,0.0,1.0,cyclic,Adaptive Held-Out Raw Sensor CP,sensor_1,"[""sensor_0"", ""sensor_2""]",posterior
"[""sensor_0"", ""sensor_1"", ""sensor_2""]",sensor_0,toy_spatial,0,,14.0,5.331916798594629,5.331916798594629,5.331916798594629,0.8003,1.0,0.8003,0.8003,,,19.346953317379956,20000,20000,,,20000,,0.2,raw_normalized,row,raw_sensor,1.0,0.0,1.0,cyclic,Adaptive Held-Out Raw Sensor CP,sensor_2,"[""sensor_0"", ""sensor_1""]",posterior
"[""sensor_0"", ""sensor_1"", ""sensor_2""]",sensor_0,toy_spatial,0,,14.0,1.2815515655446008,,,0.7835,0.7835,,,,,4.306087493896484,20000,0,,0.0,20000,,0.2,none,,,,,,,Fused Posterior Predictive,,"[""sensor_0"", ""sensor_1"", ""sensor_2""]",
"[""sensor_0"", ""sensor_1"", ""sensor_2""]",sensor_0,toy_spatial,0,,15.0,1.3232020139694214,1.3232020139694214,1.3232020139694214,0.79765,0.79765,,,,,4.446075304937363,20000,20000,,,20000,,0.2,model_normalized,row,reference,1.0,0.0,1.0,cyclic,Oracle Split Conformal,,"[""sensor_0"", ""sensor_1"", ""sensor_2""]",not_applicable
"[""sensor_0"", ""sensor_1"", ""sensor_2""]",sensor_0,toy_spatial,0,,15.0,1.8345877252011769,1.8345877252011769,1.8345877252011769,0.7985,0.929,0.7985,0.7985,,,8.681157351720334,20000,20000,,,20000,,0.2,raw_normalized,row,raw_sensor,1.0,0.0,1.0,cyclic,Adaptive Held-Out Raw Sensor CP,sensor_0,"[""sensor_1"", ""sensor_2""]",posterior
"[""sensor_0"", ""sensor_1"", ""sensor_2""]",sensor_0,toy_spatial,0,,15.0,3.803566973883717,3.803566973883717,3.803566973883717,0.8032,0.9995,0.8032,0.8032,,,14.767051539063454,20000,20000,,,20000,,0.2,raw_normalized,row,raw_sensor,1.0,0.0,1.0,cyclic,Adaptive Held-Out Raw Sensor CP,sensor_1,"[""sensor_0"", ""sensor_2""]",posterior
"[""sensor_0"", ""sensor_1"", ""sensor_2""]",sensor_0,toy_spatial,0,,15.0,5.329294376168217,5.329294376168217,5.329294376168217,0.7998,1.0,0.7998,0.7998,,,19.337483937311173,20000,20000,,,20000,,0.2,raw_normalized,row,raw_sensor,1.0,0.0,1.0,cyclic,Adaptive Held-Out Raw Sensor CP,sensor_2,"[""sensor_0"", ""sensor_1""]",posterior
"[""sensor_0"", ""sensor_1"", ""sensor_2""]",sensor_0,toy_spatial,0,,15.0,1.2815515655446008,,,0.7837,0.7837,,,,,4.306126594543457,20000,0,,0.0,20000,,0.2,none,,,,,,,Fused Posterior Predictive,,"[""sensor_0"", ""sensor_1"", ""sensor_2""]",
"[""sensor_0"", ""sensor_1"", ""sensor_2""]",sensor_0,toy_spatial,0,,16.0,1.3171550035476685,1.3171550035476685,1.3171550035476685,0.7931,0.7931,,,,,4.42578378367424,20000,20000,,,20000,,0.2,model_normalized,row,reference,1.0,0.0,1.0,cyclic,Oracle Split Conformal,,"[""sensor_0"", ""sensor_1"", ""sensor_2""]",not_applicable
"[""sensor_0"", ""sensor_1"", ""sensor_2""]",sensor_0,toy_spatial,0,,16.0,1.8345877252011769,1.8345877252011769,1.8345877252011769,0.7985,0.92855,0.7985,0.7985,,,8.68091071984768,20000,20000,,,20000,,0.2,raw_normalized,row,raw_sensor,1.0,0.0,1.0,cyclic,Adaptive Held-Out Raw Sensor CP,sensor_0,"[""sensor_1"", ""sensor_2""]",posterior
"[""sensor_0"", ""sensor_1"", ""sensor_2""]",sensor_0,toy_spatial,0,,16.0,3.793303421800145,3.793303421800145,3.793303421800145,0.80075,0.9996,0.80075,0.80075,,,14.727112753748894,20000,20000,,,20000,,0.2,raw_normalized,row,raw_sensor,1.0,0.0,1.0,cyclic,Adaptive Held-Out Raw Sensor CP,sensor_1,"[""sensor_0"", ""sensor_2""]",posterior
"[""sensor_0"", ""sensor_1"", ""sensor_2""]",sensor_0,toy_spatial,0,,16.0,5.298220924652595,5.298220924652595,5.298220924652595,0.7949,1.0,0.7949,0.7949,,,19.225083298134805,20000,20000,,,20000,,0.2,raw_normalized,row,raw_sensor,1.0,0.0,1.0,cyclic,Adaptive Held-Out Raw Sensor CP,sensor_2,"[""sensor_0"", ""sensor_1""]",posterior
"[""sensor_0"", ""sensor_1"", ""sensor_2""]",sensor_0,toy_spatial,0,,16.0,1.2815515655446008,,,0.7808,0.7808,,,,,4.30615234375,20000,0,,0.0,20000,,0.2,none,,,,,,,Fused Posterior Predictive,,"[""sensor_0"", ""sensor_1"", ""sensor_2""]",
"[""sensor_0"", ""sensor_1"", ""sensor_2""]",sensor_0,toy_spatial,0,,17.0,1.3289198875427246,1.3289198875427246,1.3289198875427246,0.8018,0.8018,,,,,4.466429406380653,20000,20000,,,20000,,0.2,model_normalized,row,reference,1.0,0.0,1.0,cyclic,Oracle Split Conformal,,"[""sensor_0"", ""sensor_1"", ""sensor_2""]",not_applicable
"[""sensor_0"", ""sensor_1"", ""sensor_2""]",sensor_0,toy_spatial,0,,17.0,1.839900667285828,1.839900667285828,1.839900667285828,0.8008,0.9302,0.8008,0.8008,,,8.707355023407937,20000,20000,,,20000,,0.2,raw_normalized,row,raw_sensor,1.0,0.0,1.0,cyclic,Adaptive Held-Out Raw Sensor CP,sensor_0,"[""sensor_1"", ""sensor_2""]",posterior
"[""sensor_0"", ""sensor_1"", ""sensor_2""]",sensor_0,toy_spatial,0,,17.0,3.810271906558807,3.810271906558807,3.810271906558807,0.8048,0.99955,0.8048,0.8048,,,14.797184867298602,20000,20000,,,20000,,0.2,raw_normalized,row,raw_sensor,1.0,0.0,1.0,cyclic,Adaptive Held-Out Raw Sensor CP,sensor_1,"[""sensor_0"", ""sensor_2""]",posterior
"[""sensor_0"", ""sensor_1"", ""sensor_2""]",sensor_0,toy_spatial,0,,17.0,5.351625609427587,5.351625609427587,5.351625609427587,0.8031,1.0,0.8031,0.8031,,,19.423282359623908,20000,20000,,,20000,,0.2,raw_normalized,row,raw_sensor,1.0,0.0,1.0,cyclic,Adaptive Held-Out Raw Sensor CP,sensor_2,"[""sensor_0"", ""sensor_1""]",posterior
"[""sensor_0"", ""sensor_1"", ""sensor_2""]",sensor_0,toy_spatial,0,,17.0,1.2815515655446008,,,0.7857,0.7857,,,,,4.30722713470459,20000,0,,0.0,20000,,0.2,none,,,,,,,Fused Posterior Predictive,,"[""sensor_0"", ""sensor_1"", ""sensor_2""]",
"[""sensor_0"", ""sensor_1"", ""sensor_2""]",sensor_0,toy_spatial,0,,18.0,1.3261271715164185,1.3261271715164185,1.3261271715164185,0.7993,0.7993,,,,,4.456688126826286,20000,20000,,,20000,,0.2,model_normalized,row,reference,1.0,0.0,1.0,cyclic,Oracle Split Conformal,,"[""sensor_0"", ""sensor_1"", ""sensor_2""]",not_applicable
"[""sensor_0"", ""sensor_1"", ""sensor_2""]",sensor_0,toy_spatial,0,,18.0,1.8277625832058253,1.8277625832058253,1.8277625832058253,0.79565,0.92755,0.79565,0.79565,,,8.6496828024745,20000,20000,,,20000,,0.2,raw_normalized,row,raw_sensor,1.0,0.0,1.0,cyclic,Adaptive Held-Out Raw Sensor CP,sensor_0,"[""sensor_1"", ""sensor_2""]",posterior
"[""sensor_0"", ""sensor_1"", ""sensor_2""]",sensor_0,toy_spatial,0,,18.0,3.764892325991889,3.764892325991889,3.764892325991889,0.79345,0.9993,0.79345,0.79345,,,14.619781691670418,20000,20000,,,20000,,0.2,raw_normalized,row,raw_sensor,1.0,0.0,1.0,cyclic,Adaptive Held-Out Raw Sensor CP,sensor_1,"[""sensor_0"", ""sensor_2""]",posterior
"[""sensor_0"", ""sensor_1"", ""sensor_2""]",sensor_0,toy_spatial,0,,18.0,5.3280431535892285,5.3280431535892285,5.3280431535892285,0.7996,1.0,0.7996,0.7996,,,19.33628983376026,20000,20000,,,20000,,0.2,raw_normalized,row,raw_sensor,1.0,0.0,1.0,cyclic,Adaptive Held-Out Raw Sensor CP,sensor_2,"[""sensor_0"", ""sensor_1""]",posterior
"[""sensor_0"", ""sensor_1"", ""sensor_2""]",sensor_0,toy_spatial,0,,18.0,1.2815515655446008,,,0.78475,0.78475,,,,,4.306883811950684,20000,0,,0.0,20000,,0.2,none,,,,,,,Fused Posterior Predictive,,"[""sensor_0"", ""sensor_1"", ""sensor_2""]",
"[""sensor_0"", ""sensor_1"", ""sensor_2""]",sensor_0,toy_spatial,0,,19.0,1.3235039710998535,1.3235039710998535,1.3235039710998535,0.7977,0.7977,,,,,4.447735980033874,20000,20000,,,20000,,0.2,model_normalized,row,reference,1.0,0.0,1.0,cyclic,Oracle Split Conformal,,"[""sensor_0"", ""sensor_1"", ""sensor_2""]",not_applicable
"[""sensor_0"", ""sensor_1"", ""sensor_2""]",sensor_0,toy_spatial,0,,19.0,1.8425430157158904,1.8425430157158904,1.8425430157158904,0.8021,0.9296,0.8021,0.8021,,,8.719935641741753,20000,20000,,,20000,,0.2,raw_normalized,row,raw_sensor,1.0,0.0,1.0,cyclic,Adaptive Held-Out Raw Sensor CP,sensor_0,"[""sensor_1"", ""sensor_2""]",posterior
"[""sensor_0"", ""sensor_1"", ""sensor_2""]",sensor_0,toy_spatial,0,,19.0,3.8084404504606986,3.8084404504606986,3.8084404504606986,0.8042,0.9996,0.8042,0.8042,,,14.788060191726684,20000,20000,,,20000,,0.2,raw_normalized,row,raw_sensor,1.0,0.0,1.0,cyclic,Adaptive Held-Out Raw Sensor CP,sensor_1,"[""sensor_0"", ""sensor_2""]",posterior
"[""sensor_0"", ""sensor_1"", ""sensor_2""]",sensor_0,toy_spatial,0,,19.0,5.312556614485653,5.312556614485653,5.312556614485653,0.7976,1.0,0.7976,0.7976,,,19.27928061077595,20000,20000,,,20000,,0.2,raw_normalized,row,raw_sensor,1.0,0.0,1.0,cyclic,Adaptive Held-Out Raw Sensor CP,sensor_2,"[""sensor_0"", ""sensor_1""]",posterior
"[""sensor_0"", ""sensor_1"", ""sensor_2""]",sensor_0,toy_spatial,0,,19.0,1.2815515655446008,,,0.78355,0.78355,,,,,4.306751728057861,20000,0,,0.0,20000,,0.2,none,,,,,,,Fused Posterior Predictive,,"[""sensor_0"", ""sensor_1"", ""sensor_2""]",
"[""sensor_0"", ""sensor_1"", ""sensor_2""]",sensor_0,toy_spatial,0,,20.0,1.3237929344177246,1.3237929344177246,1.3237929344177246,0.7978,0.7978,,,,,4.448313310194015,20000,20000,,,20000,,0.2,model_normalized,row,reference,1.0,0.0,1.0,cyclic,Oracle Split Conformal,,"[""sensor_0"", ""sensor_1"", ""sensor_2""]",not_applicable
"[""sensor_0"", ""sensor_1"", ""sensor_2""]",sensor_0,toy_spatial,0,,20.0,1.824113948481604,1.824113948481604,1.824113948481604,0.7939,0.92685,0.7939,0.7939,,,8.632116937744618,20000,20000,,,20000,,0.2,raw_normalized,row,raw_sensor,1.0,0.0,1.0,cyclic,Adaptive Held-Out Raw Sensor CP,sensor_0,"[""sensor_1"", ""sensor_2""]",posterior
"[""sensor_0"", ""sensor_1"", ""sensor_2""]",sensor_0,toy_spatial,0,,20.0,3.777472516556271,3.777472516556271,3.777472516556271,0.79655,0.9995,0.79655,0.79655,,,14.666597974216938,20000,20000,,,20000,,0.2,raw_normalized,row,raw_sensor,1.0,0.0,1.0,cyclic,Adaptive Held-Out Raw Sensor CP,sensor_1,"[""sensor_0"", ""sensor_2""]",posterior
"[""sensor_0"", ""sensor_1"", ""sensor_2""]",sensor_0,toy_spatial,0,,20.0,5.291263177761531,5.291263177761531,5.291263177761531,0.79385,1.0,0.79385,0.79385,,,19.20021846282482,20000,20000,,,20000,,0.2,raw_normalized,row,raw_sensor,1.0,0.0,1.0,cyclic,Adaptive Held-Out Raw Sensor CP,sensor_2,"[""sensor_0"", ""sensor_1""]",posterior
"[""sensor_0"", ""sensor_1"", ""sensor_2""]",sensor_0,toy_spatial,0,,20.0,1.2815515655446008,,,0.78435,0.78435,,,,,4.306370258331299,20000,0,,0.0,20000,,0.2,none,,,,,,,Fused Posterior Predictive,,"[""sensor_0"", ""sensor_1"", ""sensor_2""]",
"[""sensor_0"", ""sensor_1"", ""sensor_2""]",sensor_0,toy_spatial,0,,21.0,1.3261271715164185,1.3261271715164185,1.3261271715164185,0.7993,0.7993,,,,,4.456698054218292,20000,20000,,,20000,,0.2,model_normalized,row,reference,1.0,0.0,1.0,cyclic,Oracle Split Conformal,,"[""sensor_0"", ""sensor_1"", ""sensor_2""]",not_applicable
"[""sensor_0"", ""sensor_1"", ""sensor_2""]",sensor_0,toy_spatial,0,,21.0,1.8288031429187708,1.8288031429187708,1.8288031429187708,0.79615,0.9261,0.79615,0.79615,,,8.654358886790275,20000,20000,,,20000,,0.2,raw_normalized,row,raw_sensor,1.0,0.0,1.0,cyclic,Adaptive Held-Out Raw Sensor CP,sensor_0,"[""sensor_1"", ""sensor_2""]",posterior
"[""sensor_0"", ""sensor_1"", ""sensor_2""]",sensor_0,toy_spatial,0,,21.0,3.7879718333076617,3.7879718333076617,3.7879718333076617,0.7991,0.9995,0.7991,0.7991,,,14.709797981142998,20000,20000,,,20000,,0.2,raw_normalized,row,raw_sensor,1.0,0.0,1.0,cyclic,Adaptive Held-Out Raw Sensor CP,sensor_1,"[""sensor_0"", ""sensor_2""]",posterior
"[""sensor_0"", ""sensor_1"", ""sensor_2""]",sensor_0,toy_spatial,0,,21.0,5.36921200341104,5.36921200341104,5.36921200341104,0.80495,1.0,0.80495,0.80495,,,19.48617759225369,20000,20000,,,20000,,0.2,raw_normalized,row,raw_sensor,1.0,0.0,1.0,cyclic,Adaptive Held-Out Raw Sensor CP,sensor_2,"[""sensor_0"", ""sensor_1""]",posterior
"[""sensor_0"", ""sensor_1"", ""sensor_2""]",sensor_0,toy_spatial,0,,21.0,1.2815515655446008,,,0.78465,0.78465,,,,,4.306893825531006,20000,0,,0.0,20000,,0.2,none,,,,,,,Fused Posterior Predictive,,"[""sensor_0"", ""sensor_1"", ""sensor_2""]",
"[""sensor_0"", ""sensor_1"", ""sensor_2""]",sensor_0,toy_spatial,0,,22.0,1.322900414466858,1.322900414466858,1.322900414466858,0.7974,0.7974,,,,,4.445218369102478,20000,20000,,,20000,,0.2,model_normalized,row,reference,1.0,0.0,1.0,cyclic,Oracle Split Conformal,,"[""sensor_0"", ""sensor_1"", ""sensor_2""]",not_applicable
"[""sensor_0"", ""sensor_1"", ""sensor_2""]",sensor_0,toy_spatial,0,,22.0,1.827671630118788,1.827671630118788,1.827671630118788,0.7956,0.9266,0.7956,0.7956,,,8.648048872113227,20000,20000,,,20000,,0.2,raw_normalized,row,raw_sensor,1.0,0.0,1.0,cyclic,Adaptive Held-Out Raw Sensor CP,sensor_0,"[""sensor_1"", ""sensor_2""]",posterior
"[""sensor_0"", ""sensor_1"", ""sensor_2""]",sensor_0,toy_spatial,0,,22.0,3.765345755837156,3.765345755837156,3.765345755837156,0.79365,0.9994,0.79365,0.79365,,,14.619646533882618,20000,20000,,,20000,,0.2,raw_normalized,row,raw_sensor,1.0,0.0,1.0,cyclic,Adaptive Held-Out Raw Sensor CP,sensor_1,"[""sensor_0"", ""sensor_2""]",posterior
"[""sensor_0"", ""sensor_1"", ""sensor_2""]",sensor_0,toy_spatial,0,,22.0,5.360005574260724,5.360005574260724,5.360005574260724,0.80375,1.0,0.80375,0.80375,,,19.449893471360205,20000,20000,,,20000,,0.2,raw_normalized,row,raw_sensor,1.0,0.0,1.0,cyclic,Adaptive Held-Out Raw Sensor CP,sensor_2,"[""sensor_0"", ""sensor_1""]",posterior
"[""sensor_0"", ""sensor_1"", ""sensor_2""]",sensor_0,toy_spatial,0,,22.0,1.2815515655446008,,,0.7838,0.7838,,,,,4.306277751922607,20000,0,,0.0,20000,,0.2,none,,,,,,,Fused Posterior Predictive,,"[""sensor_0"", ""sensor_1"", ""sensor_2""]",
"[""sensor_0"", ""sensor_1"", ""sensor_2""]",sensor_0,toy_spatial,0,,23.0,1.3322246074676514,1.3322246074676514,1.3322246074676514,0.8042,0.8042,,,,,4.47739430809021,20000,20000,,,20000,,0.2,model_normalized,row,reference,1.0,0.0,1.0,cyclic,Oracle Split Conformal,,"[""sensor_0"", ""sensor_1"", ""sensor_2""]",not_applicable
"[""sensor_0"", ""sensor_1"", ""sensor_2""]",sensor_0,toy_spatial,0,,23.0,1.8230803202309,1.8230803202309,1.8230803202309,0.7935,0.9288,0.7935,0.7935,,,8.627862495219707,20000,20000,,,20000,,0.2,raw_normalized,row,raw_sensor,1.0,0.0,1.0,cyclic,Adaptive Held-Out Raw Sensor CP,sensor_0,"[""sensor_1"", ""sensor_2""]",posterior
"[""sensor_0"", ""sensor_1"", ""sensor_2""]",sensor_0,toy_spatial,0,,23.0,3.7908521922863545,3.7908521922863545,3.7908521922863545,0.8,0.9995,0.8,0.8,,,14.721324817848206,20000,20000,,,20000,,0.2,raw_normalized,row,raw_sensor,1.0,0.0,1.0,cyclic,Adaptive Held-Out Raw Sensor CP,sensor_1,"[""sensor_0"", ""sensor_2""]",posterior
"[""sensor_0"", ""sensor_1"", ""sensor_2""]",sensor_0,toy_spatial,0,,23.0,5.392880333964721,5.392880333964721,5.392880333964721,0.8087,1.0,0.8087,0.8087,,,19.57263965501785,20000,20000,,,20000,,0.2,raw_normalized,row,raw_sensor,1.0,0.0,1.0,cyclic,Adaptive Held-Out Raw Sensor CP,sensor_2,"[""sensor_0"", ""sensor_1""]",posterior
"[""sensor_0"", ""sensor_1"", ""sensor_2""]",sensor_0,toy_spatial,0,,23.0,1.2815515655446008,,,0.78705,0.78705,,,,,4.3070902824401855,20000,0,,0.0,20000,,0.2,none,,,,,,,Fused Posterior Predictive,,"[""sensor_0"", ""sensor_1"", ""sensor_2""]",
"[""sensor_0"", ""sensor_1"", ""sensor_2""]",sensor_0,toy_spatial,0,,24.0,1.311088800430298,1.311088800430298,1.311088800430298,0.78935,0.78935,,,,,4.405658437561989,20000,20000,,,20000,,0.2,model_normalized,row,reference,1.0,0.0,1.0,cyclic,Oracle Split Conformal,,"[""sensor_0"", ""sensor_1"", ""sensor_2""]",not_applicable
"[""sensor_0"", ""sensor_1"", ""sensor_2""]",sensor_0,toy_spatial,0,,24.0,1.8325114490042576,1.8325114490042576,1.8325114490042576,0.79765,0.9304,0.79765,0.79765,,,8.670443292224407,20000,20000,,,20000,,0.2,raw_normalized,row,raw_sensor,1.0,0.0,1.0,cyclic,Adaptive Held-Out Raw Sensor CP,sensor_0,"[""sensor_1"", ""sensor_2""]",posterior
"[""sensor_0"", ""sensor_1"", ""sensor_2""]",sensor_0,toy_spatial,0,,24.0,3.777728763187816,3.777728763187816,3.777728763187816,0.7966,0.99965,0.7966,0.7966,,,14.668618135857582,20000,20000,,,20000,,0.2,raw_normalized,row,raw_sensor,1.0,0.0,1.0,cyclic,Adaptive Held-Out Raw Sensor CP,sensor_1,"[""sensor_0"", ""sensor_2""]",posterior
"[""sensor_0"", ""sensor_1"", ""sensor_2""]",sensor_0,toy_spatial,0,,24.0,5.378697039751703,5.378697039751703,5.378697039751703,0.80615,1.0,0.80615,0.80615,,,19.518542874383925,20000,20000,,,20000,,0.2,raw_normalized,row,raw_sensor,1.0,0.0,1.0,cyclic,Adaptive Held-Out Raw Sensor CP,sensor_2,"[""sensor_0"", ""sensor_1""]",posterior
"[""sensor_0"", ""sensor_1"", ""sensor_2""]",sensor_0,toy_spatial,0,,24.0,1.2815515655446008,,,0.77975,0.77975,,,,,4.306404113769531,20000,0,,0.0,20000,,0.2,none,,,,,,,Fused Posterior Predictive,,"[""sensor_0"", ""sensor_1"", ""sensor_2""]",
"[""sensor_0"", ""sensor_1"", ""sensor_2""]",sensor_0,toy_spatial,0,,25.0,1.3306238651275637,1.3306238651275637,1.3306238651275637,0.80315,0.80315,,,,,4.471600289654732,20000,20000,,,20000,,0.2,model_normalized,row,reference,1.0,0.0,1.0,cyclic,Oracle Split Conformal,,"[""sensor_0"", ""sensor_1"", ""sensor_2""]",not_applicable
"[""sensor_0"", ""sensor_1"", ""sensor_2""]",sensor_0,toy_spatial,0,,25.0,1.8449724759941324,1.8449724759941324,1.8449724759941324,0.8037,0.93415,0.8037,0.8037,,,8.730423830389977,20000,20000,,,20000,,0.2,raw_normalized,row,raw_sensor,1.0,0.0,1.0,cyclic,Adaptive Held-Out Raw Sensor CP,sensor_0,"[""sensor_1"", ""sensor_2""]",posterior
"[""sensor_0"", ""sensor_1"", ""sensor_2""]",sensor_0,toy_spatial,0,,25.0,3.8105558834342617,3.8105558834342617,3.8105558834342617,0.80485,0.9994,0.80485,0.80485,,,14.796361046981811,20000,20000,,,20000,,0.2,raw_normalized,row,raw_sensor,1.0,0.0,1.0,cyclic,Adaptive Held-Out Raw Sensor CP,sensor_1,"[""sensor_0"", ""sensor_2""]",posterior
"[""sensor_0"", ""sensor_1"", ""sensor_2""]",sensor_0,toy_spatial,0,,25.0,5.335050672565036,5.335050672565036,5.335050672565036,0.80095,1.0,0.80095,0.80095,,,19.361378966331483,20000,20000,,,20000,,0.2,raw_normalized,row,raw_sensor,1.0,0.0,1.0,cyclic,Adaptive Held-Out Raw Sensor CP,sensor_2,"[""sensor_0"", ""sensor_1""]",posterior
"[""sensor_0"", ""sensor_1"", ""sensor_2""]",sensor_0,toy_spatial,0,,25.0,1.2815515655446008,,,0.7859,0.7859,,,,,4.3066911697387695,20000,0,,0.0,20000,,0.2,none,,,,,,,Fused Posterior Predictive,,"[""sensor_0"", ""sensor_1"", ""sensor_2""]",
"[""sensor_0"", ""sensor_1"", ""sensor_2""]",sensor_0,toy_spatial,0,,26.0,1.3266936540603638,1.3266936540603638,1.3266936540603638,0.7999,0.7999,,,,,4.458283823776245,20000,20000,,,20000,,0.2,model_normalized,row,reference,1.0,0.0,1.0,cyclic,Oracle Split Conformal,,"[""sensor_0"", ""sensor_1"", ""sensor_2""]",not_applicable
"[""sensor_0"", ""sensor_1"", ""sensor_2""]",sensor_0,toy_spatial,0,,26.0,1.8435221920397973,1.8435221920397973,1.8435221920397973,0.803,0.92945,0.803,0.803,,,8.725407778465748,20000,20000,,,20000,,0.2,raw_normalized,row,raw_sensor,1.0,0.0,1.0,cyclic,Adaptive Held-Out Raw Sensor CP,sensor_0,"[""sensor_1"", ""sensor_2""]",posterior
"[""sensor_0"", ""sensor_1"", ""sensor_2""]",sensor_0,toy_spatial,0,,26.0,3.788862723906679,3.788862723906679,3.788862723906679,0.79945,0.9995,0.79945,0.79945,,,14.710624501252177,20000,20000,,,20000,,0.2,raw_normalized,row,raw_sensor,1.0,0.0,1.0,cyclic,Adaptive Held-Out Raw Sensor CP,sensor_1,"[""sensor_0"", ""sensor_2""]",posterior
"[""sensor_0"", ""sensor_1"", ""sensor_2""]",sensor_0,toy_spatial,0,,26.0,5.35958832726739,5.35958832726739,5.35958832726739,0.80365,1.0,0.80365,0.80365,,,19.44894508357048,20000,20000,,,20000,,0.2,raw_normalized,row,raw_sensor,1.0,0.0,1.0,cyclic,Adaptive Held-Out Raw Sensor CP,sensor_2,"[""sensor_0"", ""sensor_1""]",posterior
"[""sensor_0"", ""sensor_1"", ""sensor_2""]",sensor_0,toy_spatial,0,,26.0,1.2815515655446008,,,0.7847,0.7847,,,,,4.306585788726807,20000,0,,0.0,20000,,0.2,none,,,,,,,Fused Posterior Predictive,,"[""sensor_0"", ""sensor_1"", ""sensor_2""]",
"[""sensor_0"", ""sensor_1"", ""sensor_2""]",sensor_0,toy_spatial,0,,27.0,1.3264164924621582,1.3264164924621582,1.3264164924621582,0.7996,0.7996,,,,,4.457518021202088,20000,20000,,,20000,,0.2,model_normalized,row,reference,1.0,0.0,1.0,cyclic,Oracle Split Conformal,,"[""sensor_0"", ""sensor_1"", ""sensor_2""]",not_applicable
"[""sensor_0"", ""sensor_1"", ""sensor_2""]",sensor_0,toy_spatial,0,,27.0,1.8379273948758783,1.8379273948758783,1.8379273948758783,0.80015,0.93115,0.80015,0.80015,,,8.697387760961055,20000,20000,,,20000,,0.2,raw_normalized,row,raw_sensor,1.0,0.0,1.0,cyclic,Adaptive Held-Out Raw Sensor CP,sensor_0,"[""sensor_1"", ""sensor_2""]",posterior
"[""sensor_0"", ""sensor_1"", ""sensor_2""]",sensor_0,toy_spatial,0,,27.0,3.8217642899601065,3.8217642899601065,3.8217642899601065,0.80745,0.99945,0.80745,0.80745,,,14.840114280545713,20000,20000,,,20000,,0.2,raw_normalized,row,raw_sensor,1.0,0.0,1.0,cyclic,Adaptive Held-Out Raw Sensor CP,sensor_1,"[""sensor_0"", ""sensor_2""]",posterior
"[""sensor_0"", ""sensor_1"", ""sensor_2""]",sensor_0,toy_spatial,0,,27.0,5.279554327425502,5.279554327425502,5.279554327425502,0.79215,1.0,0.79215,0.79215,,,19.15972639863491,20000,20000,,,20000,,0.2,raw_normalized,row,raw_sensor,1.0,0.0,1.0,cyclic,Adaptive Held-Out Raw Sensor CP,sensor_2,"[""sensor_0"", ""sensor_1""]",posterior
"[""sensor_0"", ""sensor_1"", ""sensor_2""]",sensor_0,toy_spatial,0,,27.0,1.2815515655446008,,,0.78475,0.78475,,,,,4.306746006011963,20000,0,,0.0,20000,,0.2,none,,,,,,,Fused Posterior Predictive,,"[""sensor_0"", ""sensor_1"", ""sensor_2""]",
"[""sensor_0"", ""sensor_1"", ""sensor_2""]",sensor_0,toy_spatial,0,,28.0,1.3322882652282717,1.3322882652282717,1.3322882652282717,0.8043,0.8043,,,,,4.477495273184776,20000,20000,,,20000,,0.2,model_normalized,row,reference,1.0,0.0,1.0,cyclic,Oracle Split Conformal,,"[""sensor_0"", ""sensor_1"", ""sensor_2""]",not_applicable
"[""sensor_0"", ""sensor_1"", ""sensor_2""]",sensor_0,toy_spatial,0,,28.0,1.835533021302428,1.835533021302428,1.835533021302428,0.7991,0.92835,0.7991,0.7991,,,8.686110238420964,20000,20000,,,20000,,0.2,raw_normalized,row,raw_sensor,1.0,0.0,1.0,cyclic,Adaptive Held-Out Raw Sensor CP,sensor_0,"[""sensor_1"", ""sensor_2""]",posterior
"[""sensor_0"", ""sensor_1"", ""sensor_2""]",sensor_0,toy_spatial,0,,28.0,3.772046912460312,3.772046912460312,3.772046912460312,0.7954,0.99965,0.7954,0.7954,,,14.647932328522206,20000,20000,,,20000,,0.2,raw_normalized,row,raw_sensor,1.0,0.0,1.0,cyclic,Adaptive Held-Out Raw Sensor CP,sensor_1,"[""sensor_0"", ""sensor_2""]",posterior
"[""sensor_0"", ""sensor_1"", ""sensor_2""]",sensor_0,toy_spatial,0,,28.0,5.28422056780241,5.28422056780241,5.28422056780241,0.79305,1.0,0.79305,0.79305,,,19.17826970896721,20000,20000,,,20000,,0.2,raw_normalized,row,raw_sensor,1.0,0.0,1.0,cyclic,Adaptive Held-Out Raw Sensor CP,sensor_2,"[""sensor_0"", ""sensor_1""]",posterior
"[""sensor_0"", ""sensor_1"", ""sensor_2""]",sensor_0,toy_spatial,0,,28.0,1.2815515655446008,,,0.78665,0.78665,,,,,4.306981563568115,20000,0,,0.0,20000,,0.2,none,,,,,,,Fused Posterior Predictive,,"[""sensor_0"", ""sensor_1"", ""sensor_2""]",
"[""sensor_0"", ""sensor_1"", ""sensor_2""]",sensor_0,toy_spatial,0,,29.0,1.3278907537460327,1.3278907537460327,1.3278907537460327,0.80095,0.80095,,,,,4.462686781120301,20000,20000,,,20000,,0.2,model_normalized,row,reference,1.0,0.0,1.0,cyclic,Oracle Split Conformal,,"[""sensor_0"", ""sensor_1"", ""sensor_2""]",not_applicable
"[""sensor_0"", ""sensor_1"", ""sensor_2""]",sensor_0,toy_spatial,0,,29.0,1.8500615024513627,1.8500615024513627,1.8500615024513627,0.8062,0.93315,0.8062,0.8062,,,8.756587659621239,20000,20000,,,20000,,0.2,raw_normalized,row,raw_sensor,1.0,0.0,1.0,cyclic,Adaptive Held-Out Raw Sensor CP,sensor_0,"[""sensor_1"", ""sensor_2""]",posterior
"[""sensor_0"", ""sensor_1"", ""sensor_2""]",sensor_0,toy_spatial,0,,29.0,3.781948252227553,3.781948252227553,3.781948252227553,0.7975,0.9997,0.7975,0.7975,,,14.685490262162686,20000,20000,,,20000,,0.2,raw_normalized,row,raw_sensor,1.0,0.0,1.0,cyclic,Adaptive Held-Out Raw Sensor CP,sensor_1,"[""sensor_0"", ""sensor_2""]",posterior
"[""sensor_0"", ""sensor_1"", ""sensor_2""]",sensor_0,toy_spatial,0,,29.0,5.301129842426659,5.301129842426659,5.301129842426659,0.79545,1.0,0.79545,0.79545,,,19.238561986613277,20000,20000,,,20000,,0.2,raw_normalized,row,raw_sensor,1.0,0.0,1.0,cyclic,Adaptive Held-Out Raw Sensor CP,sensor_2,"[""sensor_0"", ""sensor_1""]",posterior
"[""sensor_0"", ""sensor_1"", ""sensor_2""]",sensor_0,toy_spatial,0,,29.0,1.2815515655446008,,,0.78605,0.78605,,,,,4.306952953338623,20000,0,,0.0,20000,,0.2,none,,,,,,,Fused Posterior Predictive,,"[""sensor_0"", ""sensor_1"", ""sensor_2""]",
"[""sensor_0"", ""sensor_1"", ""sensor_2""]",sensor_0,toy_spatial,0,,30.0,1.3357545137405396,1.3357545137405396,1.3357545137405396,0.80615,0.80615,,,,,4.488270801496506,20000,20000,,,20000,,0.2,model_normalized,row,reference,1.0,0.0,1.0,cyclic,Oracle Split Conformal,,"[""sensor_0"", ""sensor_1"", ""sensor_2""]",not_applicable
"[""sensor_0"", ""sensor_1"", ""sensor_2""]",sensor_0,toy_spatial,0,,30.0,1.8277625832058253,1.8277625832058253,1.8277625832058253,0.79565,0.92865,0.79565,0.79565,,,8.648502697038651,20000,20000,,,20000,,0.2,raw_normalized,row,raw_sensor,1.0,0.0,1.0,cyclic,Adaptive Held-Out Raw Sensor CP,sensor_0,"[""sensor_1"", ""sensor_2""]",posterior
"[""sensor_0"", ""sensor_1"", ""sensor_2""]",sensor_0,toy_spatial,0,,30.0,3.788004187234081,3.788004187234081,3.788004187234081,0.79915,0.99955,0.79915,0.79915,,,14.706970780599118,20000,20000,,,20000,,0.2,raw_normalized,row,raw_sensor,1.0,0.0,1.0,cyclic,Adaptive Held-Out Raw Sensor CP,sensor_1,"[""sensor_0"", ""sensor_2""]",posterior
"[""sensor_0"", ""sensor_1"", ""sensor_2""]",sensor_0,toy_spatial,0,,30.0,5.338534609045532,5.338534609045532,5.338534609045532,0.80145,1.0,0.80145,0.80145,,,19.371162210059165,20000,20000,,,20000,,0.2,raw_normalized,row,raw_sensor,1.0,0.0,1.0,cyclic,Adaptive Held-Out Raw Sensor CP,sensor_2,"[""sensor_0"", ""sensor_1""]",posterior
"[""sensor_0"", ""sensor_1"", ""sensor_2""]",sensor_0,toy_spatial,0,,30.0,1.2815515655446008,,,0.7877,0.7877,,,,,4.306143760681152,20000,0,,0.0,20000,,0.2,none,,,,,,,Fused Posterior Predictive,,"[""sensor_0"", ""sensor_1"", ""sensor_2""]",
"[""sensor_0"", ""sensor_1"", ""sensor_2""]",sensor_0,toy_spatial,0,,31.0,1.33429217338562,1.33429217338562,1.33429217338562,0.8057,0.8057,,,,,4.483521994400024,20000,20000,,,20000,,0.2,model_normalized,row,reference,1.0,0.0,1.0,cyclic,Oracle Split Conformal,,"[""sensor_0"", ""sensor_1"", ""sensor_2""]",not_applicable
"[""sensor_0"", ""sensor_1"", ""sensor_2""]",sensor_0,toy_spatial,0,,31.0,1.8419375699278613,1.8419375699278613,1.8419375699278613,0.80195,0.931,0.80195,0.80195,,,8.715060647213459,20000,20000,,,20000,,0.2,raw_normalized,row,raw_sensor,1.0,0.0,1.0,cyclic,Adaptive Held-Out Raw Sensor CP,sensor_0,"[""sensor_1"", ""sensor_2""]",posterior
"[""sensor_0"", ""sensor_1"", ""sensor_2""]",sensor_0,toy_spatial,0,,31.0,3.792664707465592,3.792664707465592,3.792664707465592,0.80045,0.99975,0.80045,0.80045,,,14.725719701874256,20000,20000,,,20000,,0.2,raw_normalized,row,raw_sensor,1.0,0.0,1.0,cyclic,Adaptive Held-Out Raw Sensor CP,sensor_1,"[""sensor_0"", ""sensor_2""]",posterior
"[""sensor_0"", ""sensor_1"", ""sensor_2""]",sensor_0,toy_spatial,0,,31.0,5.36798934621611,5.36798934621611,5.36798934621611,0.8048,1.0,0.8048,0.8048,,,19.47901893875599,20000,20000,,,20000,,0.2,raw_normalized,row,raw_sensor,1.0,0.0,1.0,cyclic,Adaptive Held-Out Raw Sensor CP,sensor_2,"[""sensor_0"", ""sensor_1""]",posterior
"[""sensor_0"", ""sensor_1"", ""sensor_2""]",sensor_0,toy_spatial,0,,31.0,1.2815515655446008,,,0.7882,0.7882,,,,,4.306302070617676,20000,0,,0.0,20000,,0.2,none,,,,,,,Fused Posterior Predictive,,"[""sensor_0"", ""sensor_1"", ""sensor_2""]",
"[""sensor_0"", ""sensor_1"", ""sensor_2""]",sensor_0,toy_spatial,0,,32.0,1.3262776136398315,1.3262776136398315,1.3262776136398315,0.7994,0.7994,,,,,4.456626926445961,20000,20000,,,20000,,0.2,model_normalized,row,reference,1.0,0.0,1.0,cyclic,Oracle Split Conformal,,"[""sensor_0"", ""sensor_1"", ""sensor_2""]",not_applicable
"[""sensor_0"", ""sensor_1"", ""sensor_2""]",sensor_0,toy_spatial,0,,32.0,1.8419375699278613,1.8419375699278613,1.8419375699278613,0.80195,0.93145,0.80195,0.80195,,,8.714364780795574,20000,20000,,,20000,,0.2,raw_normalized,row,raw_sensor,1.0,0.0,1.0,cyclic,Adaptive Held-Out Raw Sensor CP,sensor_0,"[""sensor_1"", ""sensor_2""]",posterior
"[""sensor_0"", ""sensor_1"", ""sensor_2""]",sensor_0,toy_spatial,0,,32.0,3.812207643599593,3.812207643599593,3.812207643599593,0.8052,0.99955,0.8052,0.8052,,,14.802329305541516,20000,20000,,,20000,,0.2,raw_normalized,row,raw_sensor,1.0,0.0,1.0,cyclic,Adaptive Held-Out Raw Sensor CP,sensor_1,"[""sensor_0"", ""sensor_2""]",posterior
"[""sensor_0"", ""sensor_1"", ""sensor_2""]",sensor_0,toy_spatial,0,,32.0,5.358550496246004,5.358550496246004,5.358550496246004,0.8036,1.0,0.8036,0.8036,,,19.445590563082696,20000,20000,,,20000,,0.2,raw_normalized,row,raw_sensor,1.0,0.0,1.0,cyclic,Adaptive Held-Out Raw Sensor CP,sensor_2,"[""sensor_0"", ""sensor_1""]",posterior
"[""sensor_0"", ""sensor_1"", ""sensor_2""]",sensor_0,toy_spatial,0,,32.0,1.2815515655446008,,,0.78455,0.78455,,,,,4.306336879730225,20000,0,,0.0,20000,,0.2,none,,,,,,,Fused Posterior Predictive,,"[""sensor_0"", ""sensor_1"", ""sensor_2""]",
"[""sensor_0"", ""sensor_1"", ""sensor_2""]",sensor_0,toy_spatial,0,,33.0,1.317814826965332,1.317814826965332,1.317814826965332,0.79375,0.79375,,,,,4.428330787181855,20000,20000,,,20000,,0.2,model_normalized,row,reference,1.0,0.0,1.0,cyclic,Oracle Split Conformal,,"[""sensor_0"", ""sensor_1"", ""sensor_2""]",not_applicable
"[""sensor_0"", ""sensor_1"", ""sensor_2""]",sensor_0,toy_spatial,0,,33.0,1.8425430157158904,1.8425430157158904,1.8425430157158904,0.8021,0.92685,0.8021,0.8021,,,8.717931137645245,20000,20000,,,20000,,0.2,raw_normalized,row,raw_sensor,1.0,0.0,1.0,cyclic,Adaptive Held-Out Raw Sensor CP,sensor_0,"[""sensor_1"", ""sensor_2""]",posterior
"[""sensor_0"", ""sensor_1"", ""sensor_2""]",sensor_0,toy_spatial,0,,33.0,3.786217273264562,3.786217273264562,3.786217273264562,0.79855,0.9993,0.79855,0.79855,,,14.701766086184978,20000,20000,,,20000,,0.2,raw_normalized,row,raw_sensor,1.0,0.0,1.0,cyclic,Adaptive Held-Out Raw Sensor CP,sensor_1,"[""sensor_0"", ""sensor_2""]",posterior
"[""sensor_0"", ""sensor_1"", ""sensor_2""]",sensor_0,toy_spatial,0,,33.0,5.308986774429475,5.308986774429475,5.308986774429475,0.79665,1.0,0.79665,0.79665,,,19.26593187379837,20000,20000,,,20000,,0.2,raw_normalized,row,raw_sensor,1.0,0.0,1.0,cyclic,Adaptive Held-Out Raw Sensor CP,sensor_2,"[""sensor_0"", ""sensor_1""]",posterior
"[""sensor_0"", ""sensor_1"", ""sensor_2""]",sensor_0,toy_spatial,0,,33.0,1.2815515655446008,,,0.78225,0.78225,,,,,4.306473255157471,20000,0,,0.0,20000,,0.2,none,,,,,,,Fused Posterior Predictive,,"[""sensor_0"", ""sensor_1"", ""sensor_2""]",
"[""sensor_0"", ""sensor_1"", ""sensor_2""]",sensor_0,toy_spatial,0,,34.0,1.3162049055099487,1.3162049055099487,1.3162049055099487,0.7925,0.7925,,,,,4.422263480234146,20000,20000,,,20000,,0.2,model_normalized,row,reference,1.0,0.0,1.0,cyclic,Oracle Split Conformal,,"[""sensor_0"", ""sensor_1"", ""sensor_2""]",not_applicable
"[""sensor_0"", ""sensor_1"", ""sensor_2""]",sensor_0,toy_spatial,0,,34.0,1.849540504457744,1.849540504457744,1.849540504457744,0.80575,0.9325,0.80575,0.80575,,,8.750664655423165,20000,20000,,,20000,,0.2,raw_normalized,row,raw_sensor,1.0,0.0,1.0,cyclic,Adaptive Held-Out Raw Sensor CP,sensor_0,"[""sensor_1"", ""sensor_2""]",posterior
"[""sensor_0"", ""sensor_1"", ""sensor_2""]",sensor_0,toy_spatial,0,,34.0,3.7809703373089625,3.7809703373089625,3.7809703373089625,0.7973,0.9994,0.7973,0.7973,,,14.678458820295331,20000,20000,,,20000,,0.2,raw_normalized,row,raw_sensor,1.0,0.0,1.0,cyclic,Adaptive Held-Out Raw Sensor CP,sensor_1,"[""sensor_0"", ""sensor_2""]",posterior
"[""sensor_0"", ""sensor_1"", ""sensor_2""]",sensor_0,toy_spatial,0,,34.0,5.299505225780697,5.299505225780697,5.299505225780697,0.79515,1.0,0.79515,0.79515,,,19.228367791986464,20000,20000,,,20000,,0.2,raw_normalized,row,raw_sensor,1.0,0.0,1.0,cyclic,Adaptive Held-Out Raw Sensor CP,sensor_2,"[""sensor_0"", ""sensor_1""]",posterior
"[""sensor_0"", ""sensor_1"", ""sensor_2""]",sensor_0,toy_spatial,0,,34.0,1.2815515655446008,,,0.7815,0.7815,,,,,4.305832862854004,20000,0,,0.0,20000,,0.2,none,,,,,,,Fused Posterior Predictive,,"[""sensor_0"", ""sensor_1"", ""sensor_2""]",
"[""sensor_0"", ""sensor_1"", ""sensor_2""]",sensor_0,toy_spatial,0,,35.0,1.3289934396743774,1.3289934396743774,1.3289934396743774,0.8019,0.8019,,,,,4.465930706524849,20000,20000,,,20000,,0.2,model_normalized,row,reference,1.0,0.0,1.0,cyclic,Oracle Split Conformal,,"[""sensor_0"", ""sensor_1"", ""sensor_2""]",not_applicable
"[""sensor_0"", ""sensor_1"", ""sensor_2""]",sensor_0,toy_spatial,0,,35.0,1.8339086545051488,1.8339086545051488,1.8339086545051488,0.79825,0.92885,0.79825,0.79825,,,8.677952345454694,20000,20000,,,20000,,0.2,raw_normalized,row,raw_sensor,1.0,0.0,1.0,cyclic,Adaptive Held-Out Raw Sensor CP,sensor_0,"[""sensor_1"", ""sensor_2""]",posterior
"[""sensor_0"", ""sensor_1"", ""sensor_2""]",sensor_0,toy_spatial,0,,35.0,3.777417204531895,3.777417204531895,3.777417204531895,0.79645,0.99945,0.79645,0.79645,,,14.66726758619547,20000,20000,,,20000,,0.2,raw_normalized,row,raw_sensor,1.0,0.0,1.0,cyclic,Adaptive Held-Out Raw Sensor CP,sensor_1,"[""sensor_0"", ""sensor_2""]",posterior
"[""sensor_0"", ""sensor_1"", ""sensor_2""]",sensor_0,toy_spatial,0,,35.0,5.368299215660376,5.368299215660376,5.368299215660376,0.80485,1.0,0.80485,0.80485,,,19.480587580633163,20000,20000,,,20000,,0.2,raw_normalized,row,raw_sensor,1.0,0.0,1.0,cyclic,Adaptive Held-Out Raw Sensor CP,sensor_2,"[""sensor_0"", ""sensor_1""]",posterior
"[""sensor_0"", ""sensor_1"", ""sensor_2""]",sensor_0,toy_spatial,0,,35.0,1.2815515655446008,,,0.7848,0.7848,,,,,4.306507587432861,20000,0,,0.0,20000,,0.2,none,,,,,,,Fused Posterior Predictive,,"[""sensor_0"", ""sensor_1"", ""sensor_2""]",
"[""sensor_0"", ""sensor_1"", ""sensor_2""]",sensor_0,toy_spatial,0,,36.0,1.321792721748352,1.321792721748352,1.321792721748352,0.79655,0.79655,,,,,4.441603248214721,20000,20000,,,20000,,0.2,model_normalized,row,reference,1.0,0.0,1.0,cyclic,Oracle Split Conformal,,"[""sensor_0"", ""sensor_1"", ""sensor_2""]",not_applicable
"[""sensor_0"", ""sensor_1"", ""sensor_2""]",sensor_0,toy_spatial,0,,36.0,1.8349294691199671,1.8349294691199671,1.8349294691199671,0.79875,0.9298,0.79875,0.79875,,,8.682972433269024,20000,20000,,,20000,,0.2,raw_normalized,row,raw_sensor,1.0,0.0,1.0,cyclic,Adaptive Held-Out Raw Sensor CP,sensor_0,"[""sensor_1"", ""sensor_2""]",posterior
"[""sensor_0"", ""sensor_1"", ""sensor_2""]",sensor_0,toy_spatial,0,,36.0,3.769736790707882,3.769736790707882,3.769736790707882,0.7947,0.99945,0.7947,0.7947,,,14.636855287981032,20000,20000,,,20000,,0.2,raw_normalized,row,raw_sensor,1.0,0.0,1.0,cyclic,Adaptive Held-Out Raw Sensor CP,sensor_1,"[""sensor_0"", ""sensor_2""]",posterior
"[""sensor_0"", ""sensor_1"", ""sensor_2""]",sensor_0,toy_spatial,0,,36.0,5.3347175399176,5.3347175399176,5.3347175399176,0.8009,1.0,0.8009,0.8009,,,19.35830206003189,20000,20000,,,20000,,0.2,raw_normalized,row,raw_sensor,1.0,0.0,1.0,cyclic,Adaptive Held-Out Raw Sensor CP,sensor_2,"[""sensor_0"", ""sensor_1""]",posterior
"[""sensor_0"", ""sensor_1"", ""sensor_2""]",sensor_0,toy_spatial,0,,36.0,1.2815515655446008,,,0.78375,0.78375,,,,,4.306381702423096,20000,0,,0.0,20000,,0.2,none,,,,,,,Fused Posterior Predictive,,"[""sensor_0"", ""sensor_1"", ""sensor_2""]",
"[""sensor_0"", ""sensor_1"", ""sensor_2""]",sensor_0,toy_spatial,0,,37.0,1.3292007446289062,1.3292007446289062,1.3292007446289062,0.802,0.802,,,,,4.466651329445839,20000,20000,,,20000,,0.2,model_normalized,row,reference,1.0,0.0,1.0,cyclic,Oracle Split Conformal,,"[""sensor_0"", ""sensor_1"", ""sensor_2""]",not_applicable
"[""sensor_0"", ""sensor_1"", ""sensor_2""]",sensor_0,toy_spatial,0,,37.0,1.8401426847663056,1.8401426847663056,1.8401426847663056,0.80105,0.92935,0.80105,0.80105,,,8.70771294720173,20000,20000,,,20000,,0.2,raw_normalized,row,raw_sensor,1.0,0.0,1.0,cyclic,Adaptive Held-Out Raw Sensor CP,sensor_0,"[""sensor_1"", ""sensor_2""]",posterior
"[""sensor_0"", ""sensor_1"", ""sensor_2""]",sensor_0,toy_spatial,0,,37.0,3.794766505095512,3.794766505095512,3.794766505095512,0.80115,0.9996,0.80115,0.80115,,,14.734442328619958,20000,20000,,,20000,,0.2,raw_normalized,row,raw_sensor,1.0,0.0,1.0,cyclic,Adaptive Held-Out Raw Sensor CP,sensor_1,"[""sensor_0"", ""sensor_2""]",posterior
"[""sensor_0"", ""sensor_1"", ""sensor_2""]",sensor_0,toy_spatial,0,,37.0,5.317178363630417,5.317178363630417,5.317178363630417,0.7982,1.0,0.7982,0.7982,,,19.29558229794502,20000,20000,,,20000,,0.2,raw_normalized,row,raw_sensor,1.0,0.0,1.0,cyclic,Adaptive Held-Out Raw Sensor CP,sensor_2,"[""sensor_0"", ""sensor_1""]",posterior
"[""sensor_0"", ""sensor_1"", ""sensor_2""]",sensor_0,toy_spatial,0,,37.0,1.2815515655446008,,,0.78625,0.78625,,,,,4.306531429290772,20000,0,,0.0,20000,,0.2,none,,,,,,,Fused Posterior Predictive,,"[""sensor_0"", ""sensor_1"", ""sensor_2""]",
"[""sensor_0"", ""sensor_1"", ""sensor_2""]",sensor_0,toy_spatial,0,,38.0,1.3293858766555786,1.3293858766555786,1.3293858766555786,0.80205,0.80205,,,,,4.466990221738815,20000,20000,,,20000,,0.2,model_normalized,row,reference,1.0,0.0,1.0,cyclic,Oracle Split Conformal,,"[""sensor_0"", ""sensor_1"", ""sensor_2""]",not_applicable
"[""sensor_0"", ""sensor_1"", ""sensor_2""]",sensor_0,toy_spatial,0,,38.0,1.8319018075932765,1.8319018075932765,1.8319018075932765,0.79745,0.92885,0.79745,0.79745,,,8.668569039213658,20000,20000,,,20000,,0.2,raw_normalized,row,raw_sensor,1.0,0.0,1.0,cyclic,Adaptive Held-Out Raw Sensor CP,sensor_0,"[""sensor_1"", ""sensor_2""]",posterior
"[""sensor_0"", ""sensor_1"", ""sensor_2""]",sensor_0,toy_spatial,0,,38.0,3.7977465590966393,3.7977465590966393,3.7977465590966393,0.80195,0.9995,0.80195,0.80195,,,14.74475024162531,20000,20000,,,20000,,0.2,raw_normalized,row,raw_sensor,1.0,0.0,1.0,cyclic,Adaptive Held-Out Raw Sensor CP,sensor_1,"[""sensor_0"", ""sensor_2""]",posterior
"[""sensor_0"", ""sensor_1"", ""sensor_2""]",sensor_0,toy_spatial,0,,38.0,5.391476076516633,5.391476076516633,5.391476076516633,0.8084,1.0,0.8084,0.8084,,,19.56340950052738,20000,20000,,,20000,,0.2,raw_normalized,row,raw_sensor,1.0,0.0,1.0,cyclic,Adaptive Held-Out Raw Sensor CP,sensor_2,"[""sensor_0"", ""sensor_1""]",posterior
"[""sensor_0"", ""sensor_1"", ""sensor_2""]",sensor_0,toy_spatial,0,,38.0,1.2815515655446008,,,0.78685,0.78685,,,,,4.306257724761963,20000,0,,0.0,20000,,0.2,none,,,,,,,Fused Posterior Predictive,,"[""sensor_0"", ""sensor_1"", ""sensor_2""]",
"[""sensor_0"", ""sensor_1"", ""sensor_2""]",sensor_0,toy_spatial,0,,39.0,1.3330738544464111,1.3330738544464111,1.3330738544464111,0.805,0.805,,,,,4.480269462347031,20000,20000,,,20000,,0.2,model_normalized,row,reference,1.0,0.0,1.0,cyclic,Oracle Split Conformal,,"[""sensor_0"", ""sensor_1"", ""sensor_2""]",not_applicable
"[""sensor_0"", ""sensor_1"", ""sensor_2""]",sensor_0,toy_spatial,0,,39.0,1.8368707426482804,1.8368707426482804,1.8368707426482804,0.7996,0.92825,0.7996,0.7996,,,8.693519494545459,20000,20000,,,20000,,0.2,raw_normalized,row,raw_sensor,1.0,0.0,1.0,cyclic,Adaptive Held-Out Raw Sensor CP,sensor_0,"[""sensor_1"", ""sensor_2""]",posterior
"[""sensor_0"", ""sensor_1"", ""sensor_2""]",sensor_0,toy_spatial,0,,39.0,3.7739506757582433,3.7739506757582433,3.7739506757582433,0.7956,0.9994,0.7956,0.7956,,,14.655751736187934,20000,20000,,,20000,,0.2,raw_normalized,row,raw_sensor,1.0,0.0,1.0,cyclic,Adaptive Held-Out Raw Sensor CP,sensor_1,"[""sensor_0"", ""sensor_2""]",posterior
"[""sensor_0"", ""sensor_1"", ""sensor_2""]",sensor_0,toy_spatial,0,,39.0,5.333152851835665,5.333152851835665,5.333152851835665,0.80055,1.0,0.80055,0.80055,,,19.355955185580253,20000,20000,,,20000,,0.2,raw_normalized,row,raw_sensor,1.0,0.0,1.0,cyclic,Adaptive Held-Out Raw Sensor CP,sensor_2,"[""sensor_0"", ""sensor_1""]",posterior
"[""sensor_0"", ""sensor_1"", ""sensor_2""]",sensor_0,toy_spatial,0,,39.0,1.2815515655446008,,,0.7876,0.7876,,,,,4.30711030960083,20000,0,,0.0,20000,,0.2,none,,,,,,,Fused Posterior Predictive,,"[""sensor_0"", ""sensor_1"", ""sensor_2""]",
"[""sensor_0"", ""sensor_1"", ""sensor_2""]",sensor_0,toy_spatial,0,,40.0,1.3413652181625366,1.3413652181625366,1.3413652181625366,0.8102,0.8102,,,,,4.507322113204002,20000,20000,,,20000,,0.2,model_normalized,row,reference,1.0,0.0,1.0,cyclic,Oracle Split Conformal,,"[""sensor_0"", ""sensor_1"", ""sensor_2""]",not_applicable
"[""sensor_0"", ""sensor_1"", ""sensor_2""]",sensor_0,toy_spatial,0,,40.0,1.8520817520171031,1.8520817520171031,1.8520817520171031,0.80675,0.9345,0.80675,0.80675,,,8.76426920696497,20000,20000,,,20000,,0.2,raw_normalized,row,raw_sensor,1.0,0.0,1.0,cyclic,Adaptive Held-Out Raw Sensor CP,sensor_0,"[""sensor_1"", ""sensor_2""]",posterior
"[""sensor_0"", ""sensor_1"", ""sensor_2""]",sensor_0,toy_spatial,0,,40.0,3.7706778869861286,3.7706778869861286,3.7706778869861286,0.7951,0.9994,0.7951,0.7951,,,14.639910031855106,20000,20000,,,20000,,0.2,raw_normalized,row,raw_sensor,1.0,0.0,1.0,cyclic,Adaptive Held-Out Raw Sensor CP,sensor_1,"[""sensor_0"", ""sensor_2""]",posterior
"[""sensor_0"", ""sensor_1"", ""sensor_2""]",sensor_0,toy_spatial,0,,40.0,5.331916798594629,5.331916798594629,5.331916798594629,0.8003,1.0,0.8003,0.8003,,,19.347904143190384,20000,20000,,,20000,,0.2,raw_normalized,row,raw_sensor,1.0,0.0,1.0,cyclic,Adaptive Held-Out Raw Sensor CP,sensor_2,"[""sensor_0"", ""sensor_1""]",posterior
"[""sensor_0"", ""sensor_1"", ""sensor_2""]",sensor_0,toy_spatial,0,,40.0,1.2815515655446008,,,0.79085,0.79085,,,,,4.306333541870117,20000,0,,0.0,20000,,0.2,none,,,,,,,Fused Posterior Predictive,,"[""sensor_0"", ""sensor_1"", ""sensor_2""]",
"[""sensor_0"", ""sensor_1"", ""sensor_2""]",sensor_0,toy_spatial,0,,41.0,1.3190428018569946,1.3190428018569946,1.3190428018569946,0.79465,0.79465,,,,,4.432812975811959,20000,20000,,,20000,,0.2,model_normalized,row,reference,1.0,0.0,1.0,cyclic,Oracle Split Conformal,,"[""sensor_0"", ""sensor_1"", ""sensor_2""]",not_applicable
"[""sensor_0"", ""sensor_1"", ""sensor_2""]",sensor_0,toy_spatial,0,,41.0,1.8417387522154112,1.8417387522154112,1.8417387522154112,0.8017,0.9312,0.8017,0.8017,,,8.715623007369041,20000,20000,,,20000,,0.2,raw_normalized,row,raw_sensor,1.0,0.0,1.0,cyclic,Adaptive Held-Out Raw Sensor CP,sensor_0,"[""sensor_1"", ""sensor_2""]",posterior
"[""sensor_0"", ""sensor_1"", ""sensor_2""]",sensor_0,toy_spatial,0,,41.0,3.770387869263334,3.770387869263334,3.770387869263334,0.79485,0.9994,0.79485,0.79485,,,14.640747785651683,20000,20000,,,20000,,0.2,raw_normalized,row,raw_sensor,1.0,0.0,1.0,cyclic,Adaptive Held-Out Raw Sensor CP,sensor_1,"[""sensor_0"", ""sensor_2""]",posterior
"[""sensor_0"", ""sensor_1"", ""sensor_2""]",sensor_0,toy_spatial,0,,41.0,5.297422475250083,5.297422475250083,5.297422475250083,0.7947,1.0,0.7947,0.7947,,,19.22492695953846,20000,20000,,,20000,,0.2,raw_normalized,row,raw_sensor,1.0,0.0,1.0,cyclic,Adaptive Held-Out Raw Sensor CP,sensor_2,"[""sensor_0"", ""sensor_1""]",posterior
"[""sensor_0"", ""sensor_1"", ""sensor_2""]",sensor_0,toy_spatial,0,,41.0,1.2815515655446008,,,0.78205,0.78205,,,,,4.306818962097168,20000,0,,0.0,20000,,0.2,none,,,,,,,Fused Posterior Predictive,,"[""sensor_0"", ""sensor_1"", ""sensor_2""]",
"[""sensor_0"", ""sensor_1"", ""sensor_2""]",sensor_0,toy_spatial,0,,42.0,1.329098105430603,1.329098105430603,1.329098105430603,0.80195,0.80195,,,,,4.465867814946175,20000,20000,,,20000,,0.2,model_normalized,row,reference,1.0,0.0,1.0,cyclic,Oracle Split Conformal,,"[""sensor_0"", ""sensor_1"", ""sensor_2""]",not_applicable
"[""sensor_0"", ""sensor_1"", ""sensor_2""]",sensor_0,toy_spatial,0,,42.0,1.841114865894309,1.841114865894309,1.841114865894309,0.8013,0.93105,0.8013,0.8013,,,8.711763011133671,20000,20000,,,20000,,0.2,raw_normalized,row,raw_sensor,1.0,0.0,1.0,cyclic,Adaptive Held-Out Raw Sensor CP,sensor_0,"[""sensor_1"", ""sensor_2""]",posterior
"[""sensor_0"", ""sensor_1"", ""sensor_2""]",sensor_0,toy_spatial,0,,42.0,3.790737597549212,3.790737597549212,3.790737597549212,0.7999,0.99955,0.7999,0.7999,,,14.717086031806469,20000,20000,,,20000,,0.2,raw_normalized,row,raw_sensor,1.0,0.0,1.0,cyclic,Adaptive Held-Out Raw Sensor CP,sensor_1,"[""sensor_0"", ""sensor_2""]",posterior
"[""sensor_0"", ""sensor_1"", ""sensor_2""]",sensor_0,toy_spatial,0,,42.0,5.304373624727974,5.304373624727974,5.304373624727974,0.79605,1.0,0.79605,0.79605,,,19.246826910829544,20000,20000,,,20000,,0.2,raw_normalized,row,raw_sensor,1.0,0.0,1.0,cyclic,Adaptive Held-Out Raw Sensor CP,sensor_2,"[""sensor_0"", ""sensor_1""]",posterior
"[""sensor_0"", ""sensor_1"", ""sensor_2""]",sensor_0,toy_spatial,0,,42.0,1.2815515655446008,,,0.7853,0.7853,,,,,4.306107997894287,20000,0,,0.0,20000,,0.2,none,,,,,,,Fused Posterior Predictive,,"[""sensor_0"", ""sensor_1"", ""sensor_2""]",
"[""sensor_0"", ""sensor_1"", ""sensor_2""]",sensor_0,toy_spatial,0,,43.0,1.326618790626526,1.326618790626526,1.326618790626526,0.79975,0.79975,,,,,4.458381072258949,20000,20000,,,20000,,0.2,model_normalized,row,reference,1.0,0.0,1.0,cyclic,Oracle Split Conformal,,"[""sensor_0"", ""sensor_1"", ""sensor_2""]",not_applicable
"[""sensor_0"", ""sensor_1"", ""sensor_2""]",sensor_0,toy_spatial,0,,43.0,1.8480820334597745,1.8480820334597745,1.8480820334597745,0.8049,0.93085,0.8049,0.8049,,,8.744938074433804,20000,20000,,,20000,,0.2,raw_normalized,row,raw_sensor,1.0,0.0,1.0,cyclic,Adaptive Held-Out Raw Sensor CP,sensor_0,"[""sensor_1"", ""sensor_2""]",posterior
"[""sensor_0"", ""sensor_1"", ""sensor_2""]",sensor_0,toy_spatial,0,,43.0,3.782386575076079,3.782386575076079,3.782386575076079,0.79765,0.99955,0.79765,0.79765,,,14.688222487831116,20000,20000,,,20000,,0.2,raw_normalized,row,raw_sensor,1.0,0.0,1.0,cyclic,Adaptive Held-Out Raw Sensor CP,sensor_1,"[""sensor_0"", ""sensor_2""]",posterior
"[""sensor_0"", ""sensor_1"", ""sensor_2""]",sensor_0,toy_spatial,0,,43.0,5.29852732247668,5.29852732247668,5.29852732247668,0.79495,1.0,0.79495,0.79495,,,19.22965957620144,20000,20000,,,20000,,0.2,raw_normalized,row,raw_sensor,1.0,0.0,1.0,cyclic,Adaptive Held-Out Raw Sensor CP,sensor_2,"[""sensor_0"", ""sensor_1""]",posterior
"[""sensor_0"", ""sensor_1"", ""sensor_2""]",sensor_0,toy_spatial,0,,43.0,1.2815515655446008,,,0.78455,0.78455,,,,,4.306923389434815,20000,0,,0.0,20000,,0.2,none,,,,,,,Fused Posterior Predictive,,"[""sensor_0"", ""sensor_1"", ""sensor_2""]",
"[""sensor_0"", ""sensor_1"", ""sensor_2""]",sensor_0,toy_spatial,0,,44.0,1.3306238651275637,1.3306238651275637,1.3306238651275637,0.80315,0.80315,,,,,4.471189716172218,20000,20000,,,20000,,0.2,model_normalized,row,reference,1.0,0.0,1.0,cyclic,Oracle Split Conformal,,"[""sensor_0"", ""sensor_1"", ""sensor_2""]",not_applicable
"[""sensor_0"", ""sensor_1"", ""sensor_2""]",sensor_0,toy_spatial,0,,44.0,1.8349294691199671,1.8349294691199671,1.8349294691199671,0.79875,0.93005,0.79875,0.79875,,,8.682582854187489,20000,20000,,,20000,,0.2,raw_normalized,row,raw_sensor,1.0,0.0,1.0,cyclic,Adaptive Held-Out Raw Sensor CP,sensor_0,"[""sensor_1"", ""sensor_2""]",posterior
"[""sensor_0"", ""sensor_1"", ""sensor_2""]",sensor_0,toy_spatial,0,,44.0,3.762099562646824,3.762099562646824,3.762099562646824,0.79265,0.99935,0.79265,0.79265,,,14.60684415949583,20000,20000,,,20000,,0.2,raw_normalized,row,raw_sensor,1.0,0.0,1.0,cyclic,Adaptive Held-Out Raw Sensor CP,sensor_1,"[""sensor_0"", ""sensor_2""]",posterior
"[""sensor_0"", ""sensor_1"", ""sensor_2""]",sensor_0,toy_spatial,0,,44.0,5.375772307065897,5.375772307065897,5.375772307065897,0.8057,1.0,0.8057,0.8057,,,19.507301908373837,20000,20000,,,20000,,0.2,raw_normalized,row,raw_sensor,1.0,0.0,1.0,cyclic,Adaptive Held-Out Raw Sensor CP,sensor_2,"[""sensor_0"", ""sensor_1""]",posterior
"[""sensor_0"", ""sensor_1"", ""sensor_2""]",sensor_0,toy_spatial,0,,44.0,1.2815515655446008,,,0.7859,0.7859,,,,,4.306295871734619,20000,0,,0.0,20000,,0.2,none,,,,,,,Fused Posterior Predictive,,"[""sensor_0"", ""sensor_1"", ""sensor_2""]",
"[""sensor_0"", ""sensor_1"", ""sensor_2""]",sensor_0,toy_spatial,0,,45.0,1.3287324905395508,1.3287324905395508,1.3287324905395508,0.80165,0.80165,,,,,4.465132244491577,20000,20000,,,20000,,0.2,model_normalized,row,reference,1.0,0.0,1.0,cyclic,Oracle Split Conformal,,"[""sensor_0"", ""sensor_1"", ""sensor_2""]",not_applicable
"[""sensor_0"", ""sensor_1"", ""sensor_2""]",sensor_0,toy_spatial,0,,45.0,1.8480820334597745,1.8480820334597745,1.8480820334597745,0.8049,0.93365,0.8049,0.8049,,,8.743854817450046,20000,20000,,,20000,,0.2,raw_normalized,row,raw_sensor,1.0,0.0,1.0,cyclic,Adaptive Held-Out Raw Sensor CP,sensor_0,"[""sensor_1"", ""sensor_2""]",posterior
"[""sensor_0"", ""sensor_1"", ""sensor_2""]",sensor_0,toy_spatial,0,,45.0,3.79298793656719,3.79298793656719,3.79298793656719,0.8007,0.9994,0.8007,0.8007,,,14.728694161188605,20000,20000,,,20000,,0.2,raw_normalized,row,raw_sensor,1.0,0.0,1.0,cyclic,Adaptive Held-Out Raw Sensor CP,sensor_1,"[""sensor_0"", ""sensor_2""]",posterior
"[""sensor_0"", ""sensor_1"", ""sensor_2""]",sensor_0,toy_spatial,0,,45.0,5.305400052942657,5.305400052942657,5.305400052942657,0.7961,1.0,0.7961,0.7961,,,19.253803720211984,20000,20000,,,20000,,0.2,raw_normalized,row,raw_sensor,1.0,0.0,1.0,cyclic,Adaptive Held-Out Raw Sensor CP,sensor_2,"[""sensor_0"", ""sensor_1""]",posterior
"[""sensor_0"", ""sensor_1"", ""sensor_2""]",sensor_0,toy_spatial,0,,45.0,1.2815515655446008,,,0.7856,0.7856,,,,,4.306583404541016,20000,0,,0.0,20000,,0.2,none,,,,,,,Fused Posterior Predictive,,"[""sensor_0"", ""sensor_1"", ""sensor_2""]",
"[""sensor_0"", ""sensor_1"", ""sensor_2""]",sensor_0,toy_spatial,0,,46.0,1.318117380142212,1.318117380142212,1.318117380142212,0.794,0.794,,,,,4.429011705803871,20000,20000,,,20000,,0.2,model_normalized,row,reference,1.0,0.0,1.0,cyclic,Oracle Split Conformal,,"[""sensor_0"", ""sensor_1"", ""sensor_2""]",not_applicable
"[""sensor_0"", ""sensor_1"", ""sensor_2""]",sensor_0,toy_spatial,0,,46.0,1.8322690005075488,1.8322690005075488,1.8322690005075488,0.79755,0.92865,0.79755,0.79755,,,8.669614690089226,20000,20000,,,20000,,0.2,raw_normalized,row,raw_sensor,1.0,0.0,1.0,cyclic,Adaptive Held-Out Raw Sensor CP,sensor_0,"[""sensor_1"", ""sensor_2""]",posterior
"[""sensor_0"", ""sensor_1"", ""sensor_2""]",sensor_0,toy_spatial,0,,46.0,3.762099562646824,3.762099562646824,3.762099562646824,0.79265,0.99945,0.79265,0.79265,,,14.606166995167731,20000,20000,,,20000,,0.2,raw_normalized,row,raw_sensor,1.0,0.0,1.0,cyclic,Adaptive Held-Out Raw Sensor CP,sensor_1,"[""sensor_0"", ""sensor_2""]",posterior
"[""sensor_0"", ""sensor_1"", ""sensor_2""]",sensor_0,toy_spatial,0,,46.0,5.325498157736524,5.325498157736524,5.325498157736524,0.7993,1.0,0.7993,0.7993,,,19.324070307421685,20000,20000,,,20000,,0.2,raw_normalized,row,raw_sensor,1.0,0.0,1.0,cyclic,Adaptive Held-Out Raw Sensor CP,sensor_2,"[""sensor_0"", ""sensor_1""]",posterior
"[""sensor_0"", ""sensor_1"", ""sensor_2""]",sensor_0,toy_spatial,0,,46.0,1.2815515655446008,,,0.78115,0.78115,,,,,4.30614709854126,20000,0,,0.0,20000,,0.2,none,,,,,,,Fused Posterior Predictive,,"[""sensor_0"", ""sensor_1"", ""sensor_2""]",
"[""sensor_0"", ""sensor_1"", ""sensor_2""]",sensor_0,toy_spatial,0,,47.0,1.3326356410980225,1.3326356410980225,1.3326356410980225,0.80465,0.80465,,,,,4.478137161374092,20000,20000,,,20000,,0.2,model_normalized,row,reference,1.0,0.0,1.0,cyclic,Oracle Split Conformal,,"[""sensor_0"", ""sensor_1"", ""sensor_2""]",not_applicable
"[""sensor_0"", ""sensor_1"", ""sensor_2""]",sensor_0,toy_spatial,0,,47.0,1.8538505989649696,1.8538505989649696,1.8538505989649696,0.80775,0.933,0.80775,0.80775,,,8.77219802299738,20000,20000,,,20000,,0.2,raw_normalized,row,raw_sensor,1.0,0.0,1.0,cyclic,Adaptive Held-Out Raw Sensor CP,sensor_0,"[""sensor_1"", ""sensor_2""]",posterior
"[""sensor_0"", ""sensor_1"", ""sensor_2""]",sensor_0,toy_spatial,0,,47.0,3.810271906558807,3.810271906558807,3.810271906558807,0.8048,0.9995,0.8048,0.8048,,,14.7942676789999,20000,20000,,,20000,,0.2,raw_normalized,row,raw_sensor,1.0,0.0,1.0,cyclic,Adaptive Held-Out Raw Sensor CP,sensor_1,"[""sensor_0"", ""sensor_2""]",posterior
"[""sensor_0"", ""sensor_1"", ""sensor_2""]",sensor_0,toy_spatial,0,,47.0,5.319082328679781,5.319082328679781,5.319082328679781,0.79855,1.0,0.79855,0.79855,,,19.301649622130395,20000,20000,,,20000,,0.2,raw_normalized,row,raw_sensor,1.0,0.0,1.0,cyclic,Adaptive Held-Out Raw Sensor CP,sensor_2,"[""sensor_0"", ""sensor_1""]",posterior
"[""sensor_0"", ""sensor_1"", ""sensor_2""]",sensor_0,toy_spatial,0,,47.0,1.2815515655446008,,,0.7868,0.7868,,,,,4.306476593017578,20000,0,,0.0,20000,,0.2,none,,,,,,,Fused Posterior Predictive,,"[""sensor_0"", ""sensor_1"", ""sensor_2""]",
"[""sensor_0"", ""sensor_1"", ""sensor_2""]",sensor_0,toy_spatial,0,,48.0,1.3245776891708374,1.3245776891708374,1.3245776891708374,0.79835,0.79835,,,,,4.451539589262008,20000,20000,,,20000,,0.2,model_normalized,row,reference,1.0,0.0,1.0,cyclic,Oracle Split Conformal,,"[""sensor_0"", ""sensor_1"", ""sensor_2""]",not_applicable
"[""sensor_0"", ""sensor_1"", ""sensor_2""]",sensor_0,toy_spatial,0,,48.0,1.8398707407668544,1.8398707407668544,1.8398707407668544,0.80075,0.9325,0.80075,0.80075,,,8.70773866764307,20000,20000,,,20000,,0.2,raw_normalized,row,raw_sensor,1.0,0.0,1.0,cyclic,Adaptive Held-Out Raw Sensor CP,sensor_0,"[""sensor_1"", ""sensor_2""]",posterior
"[""sensor_0"", ""sensor_1"", ""sensor_2""]",sensor_0,toy_spatial,0,,48.0,3.793929309092648,3.793929309092648,3.793929309092648,0.80105,0.99945,0.80105,0.80105,,,14.732391710221767,20000,20000,,,20000,,0.2,raw_normalized,row,raw_sensor,1.0,0.0,1.0,cyclic,Adaptive Held-Out Raw Sensor CP,sensor_1,"[""sensor_0"", ""sensor_2""]",posterior
"[""sensor_0"", ""sensor_1"", ""sensor_2""]",sensor_0,toy_spatial,0,,48.0,5.288552144709152,5.288552144709152,5.288552144709152,0.7936,1.0,0.7936,0.7936,,,19.192998262381558,20000,20000,,,20000,,0.2,raw_normalized,row,raw_sensor,1.0,0.0,1.0,cyclic,Adaptive Held-Out Raw Sensor CP,sensor_2,"[""sensor_0"", ""sensor_1""]",posterior
"[""sensor_0"", ""sensor_1"", ""sensor_2""]",sensor_0,toy_spatial,0,,48.0,1.2815515655446008,,,0.78525,0.78525,,,,,4.30694055557251,20000,0,,0.0,20000,,0.2,none,,,,,,,Fused Posterior Predictive,,"[""sensor_0"", ""sensor_1"", ""sensor_2""]",
"[""sensor_0"", ""sensor_1"", ""sensor_2""]",sensor_0,toy_spatial,0,,49.0,1.3259515762329102,1.3259515762329102,1.3259515762329102,0.7992,0.7992,,,,,4.455225876784325,20000,20000,,,20000,,0.2,model_normalized,row,reference,1.0,0.0,1.0,cyclic,Oracle Split Conformal,,"[""sensor_0"", ""sensor_1"", ""sensor_2""]",not_applicable
"[""sensor_0"", ""sensor_1"", ""sensor_2""]",sensor_0,toy_spatial,0,,49.0,1.8362385885479464,1.8362385885479464,1.8362385885479464,0.79935,0.93185,0.79935,0.79935,,,8.688585703742504,20000,20000,,,20000,,0.2,raw_normalized,row,raw_sensor,1.0,0.0,1.0,cyclic,Adaptive Held-Out Raw Sensor CP,sensor_0,"[""sensor_1"", ""sensor_2""]",posterior
"[""sensor_0"", ""sensor_1"", ""sensor_2""]",sensor_0,toy_spatial,0,,49.0,3.7882522966763807,3.7882522966763807,3.7882522966763807,0.7992,0.99955,0.7992,0.7992,,,14.707605305039882,20000,20000,,,20000,,0.2,raw_normalized,row,raw_sensor,1.0,0.0,1.0,cyclic,Adaptive Held-Out Raw Sensor CP,sensor_1,"[""sensor_0"", ""sensor_2""]",posterior
"[""sensor_0"", ""sensor_1"", ""sensor_2""]",sensor_0,toy_spatial,0,,49.0,5.364269048128016,5.364269048128016,5.364269048128016,0.80435,1.0,0.80435,0.80435,,,19.463957882618903,20000,20000,,,20000,,0.2,raw_normalized,row,raw_sensor,1.0,0.0,1.0,cyclic,Adaptive Held-Out Raw Sensor CP,sensor_2,"[""sensor_0"", ""sensor_1""]",posterior
"[""sensor_0"", ""sensor_1"", ""sensor_2""]",sensor_0,toy_spatial,0,,49.0,1.2815515655446008,,,0.78425,0.78425,,,,,4.306041240692139,20000,0,,0.0,20000,,0.2,none,,,,,,,Fused Posterior Predictive,,"[""sensor_0"", ""sensor_1"", ""sensor_2""]",
"[""sensor_0"", ""sensor_1"", ""sensor_2""]",sensor_0,toy_spatial,0,,50.0,1.3263977766036987,1.3263977766036987,1.3263977766036987,0.79955,0.79955,,,,,4.456865301465988,20000,20000,,,20000,,0.2,model_normalized,row,reference,1.0,0.0,1.0,cyclic,Oracle Split Conformal,,"[""sensor_0"", ""sensor_1"", ""sensor_2""]",not_applicable
"[""sensor_0"", ""sensor_1"", ""sensor_2""]",sensor_0,toy_spatial,0,,50.0,1.84150425788674,1.84150425788674,1.84150425788674,0.80155,0.93135,0.80155,0.80155,,,8.713743953442574,20000,20000,,,20000,,0.2,raw_normalized,row,raw_sensor,1.0,0.0,1.0,cyclic,Adaptive Held-Out Raw Sensor CP,sensor_0,"[""sensor_1"", ""sensor_2""]",posterior
"[""sensor_0"", ""sensor_1"", ""sensor_2""]",sensor_0,toy_spatial,0,,50.0,3.78277568351254,3.78277568351254,3.78277568351254,0.79775,0.9994,0.79775,0.79775,,,14.68625176730156,20000,20000,,,20000,,0.2,raw_normalized,row,raw_sensor,1.0,0.0,1.0,cyclic,Adaptive Held-Out Raw Sensor CP,sensor_1,"[""sensor_0"", ""sensor_2""]",posterior
"[""sensor_0"", ""sensor_1"", ""sensor_2""]",sensor_0,toy_spatial,0,,50.0,5.332514758956096,5.332514758956096,5.332514758956096,0.80045,1.0,0.80045,0.80045,,,19.34926810185909,20000,20000,,,20000,,0.2,raw_normalized,row,raw_sensor,1.0,0.0,1.0,cyclic,Adaptive Held-Out Raw Sensor CP,sensor_2,"[""sensor_0"", ""sensor_1""]",posterior
"[""sensor_0"", ""sensor_1"", ""sensor_2""]",sensor_0,toy_spatial,0,,50.0,1.2815515655446008,,,0.78425,0.78425,,,,,4.306176662445068,20000,0,,0.0,20000,,0.2,none,,,,,,,Fused Posterior Predictive,,"[""sensor_0"", ""sensor_1"", ""sensor_2""]",
"[""sensor_0"", ""sensor_1"", ""sensor_2""]",sensor_0,toy_spatial,0,,51.0,1.3267706632614136,1.3267706632614136,1.3267706632614136,0.79995,0.79995,,,,,4.458981721425056,20000,20000,,,20000,,0.2,model_normalized,row,reference,1.0,0.0,1.0,cyclic,Oracle Split Conformal,,"[""sensor_0"", ""sensor_1"", ""sensor_2""]",not_applicable
"[""sensor_0"", ""sensor_1"", ""sensor_2""]",sensor_0,toy_spatial,0,,51.0,1.8364214530276084,1.8364214530276084,1.8364214530276084,0.7994,0.9289,0.7994,0.7994,,,8.689790740907192,20000,20000,,,20000,,0.2,raw_normalized,row,raw_sensor,1.0,0.0,1.0,cyclic,Adaptive Held-Out Raw Sensor CP,sensor_0,"[""sensor_1"", ""sensor_2""]",posterior
"[""sensor_0"", ""sensor_1"", ""sensor_2""]",sensor_0,toy_spatial,0,,51.0,3.788829803418216,3.788829803418216,3.788829803418216,0.7994,0.9995,0.7994,0.7994,,,14.71385498495102,20000,20000,,,20000,,0.2,raw_normalized,row,raw_sensor,1.0,0.0,1.0,cyclic,Adaptive Held-Out Raw Sensor CP,sensor_1,"[""sensor_0"", ""sensor_2""]",posterior
"[""sensor_0"", ""sensor_1"", ""sensor_2""]",sensor_0,toy_spatial,0,,51.0,5.3033404770730055,5.3033404770730055,5.3033404770730055,0.79585,1.0,0.79585,0.79585,,,19.24797232809067,20000,20000,,,20000,,0.2,raw_normalized,row,raw_sensor,1.0,0.0,1.0,cyclic,Adaptive Held-Out Raw Sensor CP,sensor_2,"[""sensor_0"", ""sensor_1""]",posterior
"[""sensor_0"", ""sensor_1"", ""sensor_2""]",sensor_0,toy_spatial,0,,51.0,1.2815515655446008,,,0.78505,0.78505,,,,,4.307010173797607,20000,0,,0.0,20000,,0.2,none,,,,,,,Fused Posterior Predictive,,"[""sensor_0"", ""sensor_1"", ""sensor_2""]",
"[""sensor_0"", ""sensor_1"", ""sensor_2""]",sensor_0,toy_spatial,0,,52.0,1.31999409198761,1.31999409198761,1.31999409198761,0.79535,0.79535,,,,,4.435751661324501,20000,20000,,,20000,,0.2,model_normalized,row,reference,1.0,0.0,1.0,cyclic,Oracle Split Conformal,,"[""sensor_0"", ""sensor_1"", ""sensor_2""]",not_applicable
"[""sensor_0"", ""sensor_1"", ""sensor_2""]",sensor_0,toy_spatial,0,,52.0,1.8387682900110724,1.8387682900110724,1.8387682900110724,0.8005,0.93005,0.8005,0.8005,,,8.701176899087429,20000,20000,,,20000,,0.2,raw_normalized,row,raw_sensor,1.0,0.0,1.0,cyclic,Adaptive Held-Out Raw Sensor CP,sensor_0,"[""sensor_1"", ""sensor_2""]",posterior
"[""sensor_0"", ""sensor_1"", ""sensor_2""]",sensor_0,toy_spatial,0,,52.0,3.7908667365314814,3.7908667365314814,3.7908667365314814,0.80005,0.99955,0.80005,0.80005,,,14.7192841837883,20000,20000,,,20000,,0.2,raw_normalized,row,raw_sensor,1.0,0.0,1.0,cyclic,Adaptive Held-Out Raw Sensor CP,sensor_1,"[""sensor_0"", ""sensor_2""]",posterior
"[""sensor_0"", ""sensor_1"", ""sensor_2""]",sensor_0,toy_spatial,0,,52.0,5.3337457024142045,5.3337457024142045,5.3337457024142045,0.80075,1.0,0.80075,0.80075,,,19.35553834633827,20000,20000,,,20000,,0.2,raw_normalized,row,raw_sensor,1.0,0.0,1.0,cyclic,Adaptive Held-Out Raw Sensor CP,sensor_2,"[""sensor_0"", ""sensor_1""]",posterior
"[""sensor_0"", ""sensor_1"", ""sensor_2""]",sensor_0,toy_spatial,0,,52.0,1.2815515655446008,,,0.783,0.783,,,,,4.306568145751953,20000,0,,0.0,20000,,0.2,none,,,,,,,Fused Posterior Predictive,,"[""sensor_0"", ""sensor_1"", ""sensor_2""]",
"[""sensor_0"", ""sensor_1"", ""sensor_2""]",sensor_0,toy_spatial,0,,53.0,1.3313264846801758,1.3313264846801758,1.3313264846801758,0.8034,0.8034,,,,,4.474261458730697,20000,20000,,,20000,,0.2,model_normalized,row,reference,1.0,0.0,1.0,cyclic,Oracle Split Conformal,,"[""sensor_0"", ""sensor_1"", ""sensor_2""]",not_applicable
"[""sensor_0"", ""sensor_1"", ""sensor_2""]",sensor_0,toy_spatial,0,,53.0,1.8290959522098469,1.8290959522098469,1.8290959522098469,0.7963,0.927,0.7963,0.7963,,,8.656427823913097,20000,20000,,,20000,,0.2,raw_normalized,row,raw_sensor,1.0,0.0,1.0,cyclic,Adaptive Held-Out Raw Sensor CP,sensor_0,"[""sensor_1"", ""sensor_2""]",posterior
"[""sensor_0"", ""sensor_1"", ""sensor_2""]",sensor_0,toy_spatial,0,,53.0,3.7844342532524577,3.7844342532524577,3.7844342532524577,0.7981,0.99945,0.7981,0.7981,,,14.695402822887898,20000,20000,,,20000,,0.2,raw_normalized,row,raw_sensor,1.0,0.0,1.0,cyclic,Adaptive Held-Out Raw Sensor CP,sensor_1,"[""sensor_0"", ""sensor_2""]",posterior
"[""sensor_0"", ""sensor_1"", ""sensor_2""]",sensor_0,toy_spatial,0,,53.0,5.292261379497884,5.292261379497884,5.292261379497884,0.794,1.0,0.794,0.794,,,19.206725892138483,20000,20000,,,20000,,0.2,raw_normalized,row,raw_sensor,1.0,0.0,1.0,cyclic,Adaptive Held-Out Raw Sensor CP,sensor_2,"[""sensor_0"", ""sensor_1""]",posterior
"[""sensor_0"", ""sensor_1"", ""sensor_2""]",sensor_0,toy_spatial,0,,53.0,1.2815515655446008,,,0.78645,0.78645,,,,,4.306980609893799,20000,0,,0.0,20000,,0.2,none,,,,,,,Fused Posterior Predictive,,"[""sensor_0"", ""sensor_1"", ""sensor_2""]",
"[""sensor_0"", ""sensor_1"", ""sensor_2""]",sensor_0,toy_spatial,0,,54.0,1.3263880014419556,1.3263880014419556,1.3263880014419556,0.7995,0.7995,,,,,4.456865512275696,20000,20000,,,20000,,0.2,model_normalized,row,reference,1.0,0.0,1.0,cyclic,Oracle Split Conformal,,"[""sensor_0"", ""sensor_1"", ""sensor_2""]",not_applicable
"[""sensor_0"", ""sensor_1"", ""sensor_2""]",sensor_0,toy_spatial,0,,54.0,1.8387682900110724,1.8387682900110724,1.8387682900110724,0.8005,0.92925,0.8005,0.8005,,,8.700342302703858,20000,20000,,,20000,,0.2,raw_normalized,row,raw_sensor,1.0,0.0,1.0,cyclic,Adaptive Held-Out Raw Sensor CP,sensor_0,"[""sensor_1"", ""sensor_2""]",posterior
"[""sensor_0"", ""sensor_1"", ""sensor_2""]",sensor_0,toy_spatial,0,,54.0,3.809339763122172,3.809339763122172,3.809339763122172,0.8045,0.99965,0.8045,0.8045,,,14.789684797930718,20000,20000,,,20000,,0.2,raw_normalized,row,raw_sensor,1.0,0.0,1.0,cyclic,Adaptive Held-Out Raw Sensor CP,sensor_1,"[""sensor_0"", ""sensor_2""]",posterior
"[""sensor_0"", ""sensor_1"", ""sensor_2""]",sensor_0,toy_spatial,0,,54.0,5.329612456654276,5.329612456654276,5.329612456654276,0.8,1.0,0.8,0.8,,,19.339102098941805,20000,20000,,,20000,,0.2,raw_normalized,row,raw_sensor,1.0,0.0,1.0,cyclic,Adaptive Held-Out Raw Sensor CP,sensor_2,"[""sensor_0"", ""sensor_1""]",posterior
"[""sensor_0"", ""sensor_1"", ""sensor_2""]",sensor_0,toy_spatial,0,,54.0,1.2815515655446008,,,0.78425,0.78425,,,,,4.30620813369751,20000,0,,0.0,20000,,0.2,none,,,,,,,Fused Posterior Predictive,,"[""sensor_0"", ""sensor_1"", ""sensor_2""]",
"[""sensor_0"", ""sensor_1"", ""sensor_2""]",sensor_0,toy_spatial,0,,55.0,1.3262664079666138,1.3262664079666138,1.3262664079666138,0.79935,0.79935,,,,,4.457475677537918,20000,20000,,,20000,,0.2,model_normalized,row,reference,1.0,0.0,1.0,cyclic,Oracle Split Conformal,,"[""sensor_0"", ""sensor_1"", ""sensor_2""]",not_applicable
"[""sensor_0"", ""sensor_1"", ""sensor_2""]",sensor_0,toy_spatial,0,,55.0,1.8414690312326647,1.8414690312326647,1.8414690312326647,0.8015,0.93025,0.8015,0.8015,,,8.714238230323792,20000,20000,,,20000,,0.2,raw_normalized,row,raw_sensor,1.0,0.0,1.0,cyclic,Adaptive Held-Out Raw Sensor CP,sensor_0,"[""sensor_1"", ""sensor_2""]",posterior
"[""sensor_0"", ""sensor_1"", ""sensor_2""]",sensor_0,toy_spatial,0,,55.0,3.782501546766849,3.782501546766849,3.782501546766849,0.7977,0.9997,0.7977,0.7977,,,14.68983552685976,20000,20000,,,20000,,0.2,raw_normalized,row,raw_sensor,1.0,0.0,1.0,cyclic,Adaptive Held-Out Raw Sensor CP,sensor_1,"[""sensor_0"", ""sensor_2""]",posterior
"[""sensor_0"", ""sensor_1"", ""sensor_2""]",sensor_0,toy_spatial,0,,55.0,5.329294376168217,5.329294376168217,5.329294376168217,0.7998,1.0,0.7998,0.7998,,,19.342849595546724,20000,20000,,,20000,,0.2,raw_normalized,row,raw_sensor,1.0,0.0,1.0,cyclic,Adaptive Held-Out Raw Sensor CP,sensor_2,"[""sensor_0"", ""sensor_1""]",posterior
"[""sensor_0"", ""sensor_1"", ""sensor_2""]",sensor_0,toy_spatial,0,,55.0,1.2815515655446008,,,0.7839,0.7839,,,,,4.307192802429199,20000,0,,0.0,20000,,0.2,none,,,,,,,Fused Posterior Predictive,,"[""sensor_0"", ""sensor_1"", ""sensor_2""]",
"[""sensor_0"", ""sensor_1"", ""sensor_2""]",sensor_0,toy_spatial,0,,56.0,1.3264892101287842,1.3264892101287842,1.3264892101287842,0.79965,0.79965,,,,,4.457423109054566,20000,20000,,,20000,,0.2,model_normalized,row,reference,1.0,0.0,1.0,cyclic,Oracle Split Conformal,,"[""sensor_0"", ""sensor_1"", ""sensor_2""]",not_applicable
"[""sensor_0"", ""sensor_1"", ""sensor_2""]",sensor_0,toy_spatial,0,,56.0,1.8464079142076493,1.8464079142076493,1.8464079142076493,0.8045,0.93295,0.8045,0.8045,,,8.737246446347237,20000,20000,,,20000,,0.2,raw_normalized,row,raw_sensor,1.0,0.0,1.0,cyclic,Adaptive Held-Out Raw Sensor CP,sensor_0,"[""sensor_1"", ""sensor_2""]",posterior
"[""sensor_0"", ""sensor_1"", ""sensor_2""]",sensor_0,toy_spatial,0,,56.0,3.778957512581444,3.778957512581444,3.778957512581444,0.7969,0.9996,0.7969,0.7969,,,14.67263655986786,20000,20000,,,20000,,0.2,raw_normalized,row,raw_sensor,1.0,0.0,1.0,cyclic,Adaptive Held-Out Raw Sensor CP,sensor_1,"[""sensor_0"", ""sensor_2""]",posterior
"[""sensor_0"", ""sensor_1"", ""sensor_2""]",sensor_0,toy_spatial,0,,56.0,5.336907766825265,5.336907766825265,5.336907766825265,0.8013,1.0,0.8013,0.8013,,,19.366702814912795,20000,20000,,,20000,,0.2,raw_normalized,row,raw_sensor,1.0,0.0,1.0,cyclic,Adaptive Held-Out Raw Sensor CP,sensor_2,"[""sensor_0"", ""sensor_1""]",posterior
"[""sensor_0"", ""sensor_1"", ""sensor_2""]",sensor_0,toy_spatial,0,,56.0,1.2815515655446008,,,0.78475,0.78475,,,,,4.306418895721436,20000,0,,0.0,20000,,0.2,none,,,,,,,Fused Posterior Predictive,,"[""sensor_0"", ""sensor_1"", ""sensor_2""]",
"[""sensor_0"", ""sensor_1"", ""sensor_2""]",sensor_0,toy_spatial,0,,57.0,1.335789680480957,1.335789680480957,1.335789680480957,0.8063,0.8063,,,,,4.488827620863915,20000,20000,,,20000,,0.2,model_normalized,row,reference,1.0,0.0,1.0,cyclic,Oracle Split Conformal,,"[""sensor_0"", ""sensor_1"", ""sensor_2""]",not_applicable
"[""sensor_0"", ""sensor_1"", ""sensor_2""]",sensor_0,toy_spatial,0,,57.0,1.8437173737403547,1.8437173737403547,1.8437173737403547,0.80315,0.933,0.80315,0.80315,,,8.724591474926472,20000,20000,,,20000,,0.2,raw_normalized,row,raw_sensor,1.0,0.0,1.0,cyclic,Adaptive Held-Out Raw Sensor CP,sensor_0,"[""sensor_1"", ""sensor_2""]",posterior
"[""sensor_0"", ""sensor_1"", ""sensor_2""]",sensor_0,toy_spatial,0,,57.0,3.780971600622595,3.780971600622595,3.780971600622595,0.79735,0.9994,0.79735,0.79735,,,14.680931328725816,20000,20000,,,20000,,0.2,raw_normalized,row,raw_sensor,1.0,0.0,1.0,cyclic,Adaptive Held-Out Raw Sensor CP,sensor_1,"[""sensor_0"", ""sensor_2""]",posterior
"[""sensor_0"", ""sensor_1"", ""sensor_2""]",sensor_0,toy_spatial,0,,57.0,5.306744157345534,5.306744157345534,5.306744157345534,0.79635,1.0,0.79635,0.79635,,,19.25755734205246,20000,20000,,,20000,,0.2,raw_normalized,row,raw_sensor,1.0,0.0,1.0,cyclic,Adaptive Held-Out Raw Sensor CP,sensor_2,"[""sensor_0"", ""sensor_1""]",posterior
"[""sensor_0"", ""sensor_1"", ""sensor_2""]",sensor_0,toy_spatial,0,,57.0,1.2815515655446008,,,0.7884,0.7884,,,,,4.306564331054688,20000,0,,0.0,20000,,0.2,none,,,,,,,Fused Posterior Predictive,,"[""sensor_0"", ""sensor_1"", ""sensor_2""]",
"[""sensor_0"", ""sensor_1"", ""sensor_2""]",sensor_0,toy_spatial,0,,58.0,1.33403217792511,1.33403217792511,1.33403217792511,0.80555,0.80555,,,,,4.4839203238010406,20000,20000,,,20000,,0.2,model_normalized,row,reference,1.0,0.0,1.0,cyclic,Oracle Split Conformal,,"[""sensor_0"", ""sensor_1"", ""sensor_2""]",not_applicable
"[""sensor_0"", ""sensor_1"", ""sensor_2""]",sensor_0,toy_spatial,0,,58.0,1.8378236163806645,1.8378236163806645,1.8378236163806645,0.8,0.92965,0.8,0.8,,,8.697751896500588,20000,20000,,,20000,,0.2,raw_normalized,row,raw_sensor,1.0,0.0,1.0,cyclic,Adaptive Held-Out Raw Sensor CP,sensor_0,"[""sensor_1"", ""sensor_2""]",posterior
"[""sensor_0"", ""sensor_1"", ""sensor_2""]",sensor_0,toy_spatial,0,,58.0,3.788004187234081,3.788004187234081,3.788004187234081,0.79915,0.99955,0.79915,0.79915,,,14.712026721847057,20000,20000,,,20000,,0.2,raw_normalized,row,raw_sensor,1.0,0.0,1.0,cyclic,Adaptive Held-Out Raw Sensor CP,sensor_1,"[""sensor_0"", ""sensor_2""]",posterior
"[""sensor_0"", ""sensor_1"", ""sensor_2""]",sensor_0,toy_spatial,0,,58.0,5.308986774429475,5.308986774429475,5.308986774429475,0.79665,1.0,0.79665,0.79665,,,19.27051790242195,20000,20000,,,20000,,0.2,raw_normalized,row,raw_sensor,1.0,0.0,1.0,cyclic,Adaptive Held-Out Raw Sensor CP,sensor_2,"[""sensor_0"", ""sensor_1""]",posterior
"[""sensor_0"", ""sensor_1"", ""sensor_2""]",sensor_0,toy_spatial,0,,58.0,1.2815515655446008,,,0.78865,0.78865,,,,,4.307523727416992,20000,0,,0.0,20000,,0.2,none,,,,,,,Fused Posterior Predictive,,"[""sensor_0"", ""sensor_1"", ""sensor_2""]",
"[""sensor_0"", ""sensor_1"", ""sensor_2""]",sensor_0,toy_spatial,0,,59.0,1.3303784132003784,1.3303784132003784,1.3303784132003784,0.80295,0.80295,,,,,4.470656418299675,20000,20000,,,20000,,0.2,model_normalized,row,reference,1.0,0.0,1.0,cyclic,Oracle Split Conformal,,"[""sensor_0"", ""sensor_1"", ""sensor_2""]",not_applicable
"[""sensor_0"", ""sensor_1"", ""sensor_2""]",sensor_0,toy_spatial,0,,59.0,1.8381425228704384,1.8381425228704384,1.8381425228704384,0.8003,0.93115,0.8003,0.8003,,,8.698262069308758,20000,20000,,,20000,,0.2,raw_normalized,row,raw_sensor,1.0,0.0,1.0,cyclic,Adaptive Held-Out Raw Sensor CP,sensor_0,"[""sensor_1"", ""sensor_2""]",posterior
"[""sensor_0"", ""sensor_1"", ""sensor_2""]",sensor_0,toy_spatial,0,,59.0,3.8012079806558647,3.8012079806558647,3.8012079806558647,0.80275,0.99955,0.80275,0.80275,,,14.759671002292633,20000,20000,,,20000,,0.2,raw_normalized,row,raw_sensor,1.0,0.0,1.0,cyclic,Adaptive Held-Out Raw Sensor CP,sensor_1,"[""sensor_0"", ""sensor_2""]",posterior
"[""sensor_0"", ""sensor_1"", ""sensor_2""]",sensor_0,toy_spatial,0,,59.0,5.343940789620165,5.343940789620165,5.343940789620165,0.8021,1.0,0.8021,0.8021,,,19.392250421094893,20000,20000,,,20000,,0.2,raw_normalized,row,raw_sensor,1.0,0.0,1.0,cyclic,Adaptive Held-Out Raw Sensor CP,sensor_2,"[""sensor_0"", ""sensor_1""]",posterior
"[""sensor_0"", ""sensor_1"", ""sensor_2""]",sensor_0,toy_spatial,0,,59.0,1.2815515655446008,,,0.78525,0.78525,,,,,4.306576728820801,20000,0,,0.0,20000,,0.2,none,,,,,,,Fused Posterior Predictive,,"[""sensor_0"", ""sensor_1"", ""sensor_2""]",
"[""sensor_0"", ""sensor_1"", ""sensor_2""]",sensor_0,toy_spatial,0,,60.0,1.3253782987594604,1.3253782987594604,1.3253782987594604,0.79885,0.79885,,,,,4.454140382599831,20000,20000,,,20000,,0.2,model_normalized,row,reference,1.0,0.0,1.0,cyclic,Oracle Split Conformal,,"[""sensor_0"", ""sensor_1"", ""sensor_2""]",not_applicable
"[""sensor_0"", ""sensor_1"", ""sensor_2""]",sensor_0,toy_spatial,0,,60.0,1.8559551055206205,1.8559551055206205,1.8559551055206205,0.8086,0.9326,0.8086,0.8086,,,8.782985600948333,20000,20000,,,20000,,0.2,raw_normalized,row,raw_sensor,1.0,0.0,1.0,cyclic,Adaptive Held-Out Raw Sensor CP,sensor_0,"[""sensor_1"", ""sensor_2""]",posterior
"[""sensor_0"", ""sensor_1"", ""sensor_2""]",sensor_0,toy_spatial,0,,60.0,3.7696939773674174,3.7696939773674174,3.7696939773674174,0.79465,0.9995,0.79465,0.79465,,,14.638638691806792,20000,20000,,,20000,,0.2,raw_normalized,row,raw_sensor,1.0,0.0,1.0,cyclic,Adaptive Held-Out Raw Sensor CP,sensor_1,"[""sensor_0"", ""sensor_2""]",posterior
"[""sensor_0"", ""sensor_1"", ""sensor_2""]",sensor_0,toy_spatial,0,,60.0,5.339624294656247,5.339624294656247,5.339624294656247,0.80165,1.0,0.80165,0.80165,,,19.378730630993843,20000,20000,,,20000,,0.2,raw_normalized,row,raw_sensor,1.0,0.0,1.0,cyclic,Adaptive Held-Out Raw Sensor CP,sensor_2,"[""sensor_0"", ""sensor_1""]",posterior
"[""sensor_0"", ""sensor_1"", ""sensor_2""]",sensor_0,toy_spatial,0,,60.0,1.2815515655446008,,,0.7848,0.7848,,,,,4.306853771209717,20000,0,,0.0,20000,,0.2,none,,,,,,,Fused Posterior Predictive,,"[""sensor_0"", ""sensor_1"", ""sensor_2""]",
"[""sensor_0"", ""sensor_1"", ""sensor_2""]",sensor_0,toy_spatial,0,,61.0,1.323088765144348,1.323088765144348,1.323088765144348,0.7976,0.7976,,,,,4.44598924946785,20000,20000,,,20000,,0.2,model_normalized,row,reference,1.0,0.0,1.0,cyclic,Oracle Split Conformal,,"[""sensor_0"", ""sensor_1"", ""sensor_2""]",not_applicable
"[""sensor_0"", ""sensor_1"", ""sensor_2""]",sensor_0,toy_spatial,0,,61.0,1.836698046132175,1.836698046132175,1.836698046132175,0.7995,0.9273,0.7995,0.7995,,,8.6916885507226,20000,20000,,,20000,,0.2,raw_normalized,row,raw_sensor,1.0,0.0,1.0,cyclic,Adaptive Held-Out Raw Sensor CP,sensor_0,"[""sensor_1"", ""sensor_2""]",posterior
"[""sensor_0"", ""sensor_1"", ""sensor_2""]",sensor_0,toy_spatial,0,,61.0,3.788543573982306,3.788543573982306,3.788543573982306,0.7993,0.99945,0.7993,0.7993,,,14.70942508163452,20000,20000,,,20000,,0.2,raw_normalized,row,raw_sensor,1.0,0.0,1.0,cyclic,Adaptive Held-Out Raw Sensor CP,sensor_1,"[""sensor_0"", ""sensor_2""]",posterior
"[""sensor_0"", ""sensor_1"", ""sensor_2""]",sensor_0,toy_spatial,0,,61.0,5.317076635583331,5.317076635583331,5.317076635583331,0.79815,1.0,0.79815,0.79815,,,19.29412377898693,20000,20000,,,20000,,0.2,raw_normalized,row,raw_sensor,1.0,0.0,1.0,cyclic,Adaptive Held-Out Raw Sensor CP,sensor_2,"[""sensor_0"", ""sensor_1""]",posterior
"[""sensor_0"", ""sensor_1"", ""sensor_2""]",sensor_0,toy_spatial,0,,61.0,1.2815515655446008,,,0.7834,0.7834,,,,,4.306411743164063,20000,0,,0.0,20000,,0.2,none,,,,,,,Fused Posterior Predictive,,"[""sensor_0"", ""sensor_1"", ""sensor_2""]",
"[""sensor_0"", ""sensor_1"", ""sensor_2""]",sensor_0,toy_spatial,0,,62.0,1.3226969242095947,1.3226969242095947,1.3226969242095947,0.79725,0.79725,,,,,4.445387670898437,20000,20000,,,20000,,0.2,model_normalized,row,reference,1.0,0.0,1.0,cyclic,Oracle Split Conformal,,"[""sensor_0"", ""sensor_1"", ""sensor_2""]",not_applicable
"[""sensor_0"", ""sensor_1"", ""sensor_2""]",sensor_0,toy_spatial,0,,62.0,1.840824677464905,1.840824677464905,1.840824677464905,0.80125,0.9309,0.80125,0.80125,,,8.71222502039671,20000,20000,,,20000,,0.2,raw_normalized,row,raw_sensor,1.0,0.0,1.0,cyclic,Adaptive Held-Out Raw Sensor CP,sensor_0,"[""sensor_1"", ""sensor_2""]",posterior
"[""sensor_0"", ""sensor_1"", ""sensor_2""]",sensor_0,toy_spatial,0,,62.0,3.7971996084315074,3.7971996084315074,3.7971996084315074,0.8018,0.99965,0.8018,0.8018,,,14.745649522197246,20000,20000,,,20000,,0.2,raw_normalized,row,raw_sensor,1.0,0.0,1.0,cyclic,Adaptive Held-Out Raw Sensor CP,sensor_1,"[""sensor_0"", ""sensor_2""]",posterior
"[""sensor_0"", ""sensor_1"", ""sensor_2""]",sensor_0,toy_spatial,0,,62.0,5.33802844962744,5.33802844962744,5.33802844962744,0.8014,1.0,0.8014,0.8014,,,19.37336287889481,20000,20000,,,20000,,0.2,raw_normalized,row,raw_sensor,1.0,0.0,1.0,cyclic,Adaptive Held-Out Raw Sensor CP,sensor_2,"[""sensor_0"", ""sensor_1""]",posterior
"[""sensor_0"", ""sensor_1"", ""sensor_2""]",sensor_0,toy_spatial,0,,62.0,1.2815515655446008,,,0.7833,0.7833,,,,,4.307104110717773,20000,0,,0.0,20000,,0.2,none,,,,,,,Fused Posterior Predictive,,"[""sensor_0"", ""sensor_1"", ""sensor_2""]",
"[""sensor_0"", ""sensor_1"", ""sensor_2""]",sensor_0,toy_spatial,0,,63.0,1.3322091102600098,1.3322091102600098,1.3322091102600098,0.80415,0.80415,,,,,4.476914440846443,20000,20000,,,20000,,0.2,model_normalized,row,reference,1.0,0.0,1.0,cyclic,Oracle Split Conformal,,"[""sensor_0"", ""sensor_1"", ""sensor_2""]",not_applicable
"[""sensor_0"", ""sensor_1"", ""sensor_2""]",sensor_0,toy_spatial,0,,63.0,1.829742129723577,1.829742129723577,1.829742129723577,0.79655,0.92925,0.79655,0.79655,,,8.658628629851341,20000,20000,,,20000,,0.2,raw_normalized,row,raw_sensor,1.0,0.0,1.0,cyclic,Adaptive Held-Out Raw Sensor CP,sensor_0,"[""sensor_1"", ""sensor_2""]",posterior
"[""sensor_0"", ""sensor_1"", ""sensor_2""]",sensor_0,toy_spatial,0,,63.0,3.808710984036817,3.808710984036817,3.808710984036817,0.80435,0.99945,0.80435,0.80435,,,14.789177327132226,20000,20000,,,20000,,0.2,raw_normalized,row,raw_sensor,1.0,0.0,1.0,cyclic,Adaptive Held-Out Raw Sensor CP,sensor_1,"[""sensor_0"", ""sensor_2""]",posterior
"[""sensor_0"", ""sensor_1"", ""sensor_2""]",sensor_0,toy_spatial,0,,63.0,5.319292748640696,5.319292748640696,5.319292748640696,0.7986,1.0,0.7986,0.7986,,,19.304017496204377,20000,20000,,,20000,,0.2,raw_normalized,row,raw_sensor,1.0,0.0,1.0,cyclic,Adaptive Held-Out Raw Sensor CP,sensor_2,"[""sensor_0"", ""sensor_1""]",posterior
"[""sensor_0"", ""sensor_1"", ""sensor_2""]",sensor_0,toy_spatial,0,,63.0,1.2815515655446008,,,0.7873,0.7873,,,,,4.306678771972656,20000,0,,0.0,20000,,0.2,none,,,,,,,Fused Posterior Predictive,,"[""sensor_0"", ""sensor_1"", ""sensor_2""]",
"[""sensor_0"", ""sensor_1"", ""sensor_2""]",sensor_0,toy_spatial,0,,64.0,1.3251875638961792,1.3251875638961792,1.3251875638961792,0.7987,0.7987,,,,,4.453043970537186,20000,20000,,,20000,,0.2,model_normalized,row,reference,1.0,0.0,1.0,cyclic,Oracle Split Conformal,,"[""sensor_0"", ""sensor_1"", ""sensor_2""]",not_applicable
"[""sensor_0"", ""sensor_1"", ""sensor_2""]",sensor_0,toy_spatial,0,,64.0,1.845617598897337,1.845617598897337,1.845617598897337,0.804,0.93095,0.804,0.804,,,8.73381281696558,20000,20000,,,20000,,0.2,raw_normalized,row,raw_sensor,1.0,0.0,1.0,cyclic,Adaptive Held-Out Raw Sensor CP,sensor_0,"[""sensor_1"", ""sensor_2""]",posterior
"[""sensor_0"", ""sensor_1"", ""sensor_2""]",sensor_0,toy_spatial,0,,64.0,3.775200008469701,3.775200008469701,3.775200008469701,0.7959,0.99935,0.7959,0.7959,,,14.657699532532693,20000,20000,,,20000,,0.2,raw_normalized,row,raw_sensor,1.0,0.0,1.0,cyclic,Adaptive Held-Out Raw Sensor CP,sensor_1,"[""sensor_0"", ""sensor_2""]",posterior
"[""sensor_0"", ""sensor_1"", ""sensor_2""]",sensor_0,toy_spatial,0,,64.0,5.336907766825265,5.336907766825265,5.336907766825265,0.8013,1.0,0.8013,0.8013,,,19.36613555297852,20000,20000,,,20000,,0.2,raw_normalized,row,raw_sensor,1.0,0.0,1.0,cyclic,Adaptive Held-Out Raw Sensor CP,sensor_2,"[""sensor_0"", ""sensor_1""]",posterior
"[""sensor_0"", ""sensor_1"", ""sensor_2""]",sensor_0,toy_spatial,0,,64.0,1.2815515655446008,,,0.78465,0.78465,,,,,4.306413173675537,20000,0,,0.0,20000,,0.2,none,,,,,,,Fused Posterior Predictive,,"[""sensor_0"", ""sensor_1"", ""sensor_2""]",
"[""sensor_0"", ""sensor_1"", ""sensor_2""]",sensor_0,toy_spatial,0,,65.0,1.3241134881973269,1.3241134881973269,1.3241134881973269,0.798,0.798,,,,,4.449666256833076,20000,20000,,,20000,,0.2,model_normalized,row,reference,1.0,0.0,1.0,cyclic,Oracle Split Conformal,,"[""sensor_0"", ""sensor_1"", ""sensor_2""]",not_applicable
"[""sensor_0"", ""sensor_1"", ""sensor_2""]",sensor_0,toy_spatial,0,,65.0,1.837193585688992,1.837193585688992,1.837193585688992,0.79965,0.9276,0.79965,0.79965,,,8.693153177154064,20000,20000,,,20000,,0.2,raw_normalized,row,raw_sensor,1.0,0.0,1.0,cyclic,Adaptive Held-Out Raw Sensor CP,sensor_0,"[""sensor_1"", ""sensor_2""]",posterior
"[""sensor_0"", ""sensor_1"", ""sensor_2""]",sensor_0,toy_spatial,0,,65.0,3.778731981495679,3.778731981495679,3.778731981495679,0.7967,0.99945,0.7967,0.7967,,,14.672705714654922,20000,20000,,,20000,,0.2,raw_normalized,row,raw_sensor,1.0,0.0,1.0,cyclic,Adaptive Held-Out Raw Sensor CP,sensor_1,"[""sensor_0"", ""sensor_2""]",posterior
"[""sensor_0"", ""sensor_1"", ""sensor_2""]",sensor_0,toy_spatial,0,,65.0,5.317553527197851,5.317553527197851,5.317553527197851,0.7983,1.0,0.7983,0.7983,,,19.297621794342994,20000,20000,,,20000,,0.2,raw_normalized,row,raw_sensor,1.0,0.0,1.0,cyclic,Adaptive Held-Out Raw Sensor CP,sensor_2,"[""sensor_0"", ""sensor_1""]",posterior
"[""sensor_0"", ""sensor_1"", ""sensor_2""]",sensor_0,toy_spatial,0,,65.0,1.2815515655446008,,,0.78415,0.78415,,,,,4.306637287139893,20000,0,,0.0,20000,,0.2,none,,,,,,,Fused Posterior Predictive,,"[""sensor_0"", ""sensor_1"", ""sensor_2""]",
"[""sensor_0"", ""sensor_1"", ""sensor_2""]",sensor_0,toy_spatial,0,,66.0,1.3226969242095947,1.3226969242095947,1.3226969242095947,0.79725,0.79725,,,,,4.44490601735115,20000,20000,,,20000,,0.2,model_normalized,row,reference,1.0,0.0,1.0,cyclic,Oracle Split Conformal,,"[""sensor_0"", ""sensor_1"", ""sensor_2""]",not_applicable
"[""sensor_0"", ""sensor_1"", ""sensor_2""]",sensor_0,toy_spatial,0,,66.0,1.8308301012394748,1.8308301012394748,1.8308301012394748,0.7968,0.92905,0.7968,0.7968,,,8.662869793713092,20000,20000,,,20000,,0.2,raw_normalized,row,raw_sensor,1.0,0.0,1.0,cyclic,Adaptive Held-Out Raw Sensor CP,sensor_0,"[""sensor_1"", ""sensor_2""]",posterior
"[""sensor_0"", ""sensor_1"", ""sensor_2""]",sensor_0,toy_spatial,0,,66.0,3.812112264923955,3.812112264923955,3.812112264923955,0.80515,0.9993,0.80515,0.80515,,,14.802592004752158,20000,20000,,,20000,,0.2,raw_normalized,row,raw_sensor,1.0,0.0,1.0,cyclic,Adaptive Held-Out Raw Sensor CP,sensor_1,"[""sensor_0"", ""sensor_2""]",posterior
"[""sensor_0"", ""sensor_1"", ""sensor_2""]",sensor_0,toy_spatial,0,,66.0,5.355718959068657,5.355718959068657,5.355718959068657,0.8035,1.0,0.8035,0.8035,,,19.43627093565464,20000,20000,,,20000,,0.2,raw_normalized,row,raw_sensor,1.0,0.0,1.0,cyclic,Adaptive Held-Out Raw Sensor CP,sensor_2,"[""sensor_0"", ""sensor_1""]",posterior
"[""sensor_0"", ""sensor_1"", ""sensor_2""]",sensor_0,toy_spatial,0,,66.0,1.2815515655446008,,,0.7835,0.7835,,,,,4.306637287139893,20000,0,,0.0,20000,,0.2,none,,,,,,,Fused Posterior Predictive,,"[""sensor_0"", ""sensor_1"", ""sensor_2""]",
"[""sensor_0"", ""sensor_1"", ""sensor_2""]",sensor_0,toy_spatial,0,,67.0,1.327027440071106,1.327027440071106,1.327027440071106,0.8003,0.8003,,,,,4.45854997060299,20000,20000,,,20000,,0.2,model_normalized,row,reference,1.0,0.0,1.0,cyclic,Oracle Split Conformal,,"[""sensor_0"", ""sensor_1"", ""sensor_2""]",not_applicable
"[""sensor_0"", ""sensor_1"", ""sensor_2""]",sensor_0,toy_spatial,0,,67.0,1.837193585688992,1.837193585688992,1.837193585688992,0.79965,0.9309,0.79965,0.79965,,,8.692183959388734,20000,20000,,,20000,,0.2,raw_normalized,row,raw_sensor,1.0,0.0,1.0,cyclic,Adaptive Held-Out Raw Sensor CP,sensor_0,"[""sensor_1"", ""sensor_2""]",posterior
"[""sensor_0"", ""sensor_1"", ""sensor_2""]",sensor_0,toy_spatial,0,,67.0,3.79298793656719,3.79298793656719,3.79298793656719,0.8007,0.99945,0.8007,0.8007,,,14.724899537861347,20000,20000,,,20000,,0.2,raw_normalized,row,raw_sensor,1.0,0.0,1.0,cyclic,Adaptive Held-Out Raw Sensor CP,sensor_1,"[""sensor_0"", ""sensor_2""]",posterior
"[""sensor_0"", ""sensor_1"", ""sensor_2""]",sensor_0,toy_spatial,0,,67.0,5.339065727223863,5.339065727223863,5.339065727223863,0.80155,1.0,0.80155,0.80155,,,19.371560714149474,20000,20000,,,20000,,0.2,raw_normalized,row,raw_sensor,1.0,0.0,1.0,cyclic,Adaptive Held-Out Raw Sensor CP,sensor_2,"[""sensor_0"", ""sensor_1""]",posterior
"[""sensor_0"", ""sensor_1"", ""sensor_2""]",sensor_0,toy_spatial,0,,67.0,1.2815515655446008,,,0.78485,0.78485,,,,,4.305760383605957,20000,0,,0.0,20000,,0.2,none,,,,,,,Fused Posterior Predictive,,"[""sensor_0"", ""sensor_1"", ""sensor_2""]",
"[""sensor_0"", ""sensor_1"", ""sensor_2""]",sensor_0,toy_spatial,0,,68.0,1.329725980758667,1.329725980758667,1.329725980758667,0.80255,0.80255,,,,,4.468096603775025,20000,20000,,,20000,,0.2,model_normalized,row,reference,1.0,0.0,1.0,cyclic,Oracle Split Conformal,,"[""sensor_0"", ""sensor_1"", ""sensor_2""]",not_applicable
"[""sensor_0"", ""sensor_1"", ""sensor_2""]",sensor_0,toy_spatial,0,,68.0,1.832491240103376,1.832491240103376,1.832491240103376,0.7976,0.92755,0.7976,0.7976,,,8.670721525597573,20000,20000,,,20000,,0.2,raw_normalized,row,raw_sensor,1.0,0.0,1.0,cyclic,Adaptive Held-Out Raw Sensor CP,sensor_0,"[""sensor_1"", ""sensor_2""]",posterior
"[""sensor_0"", ""sensor_1"", ""sensor_2""]",sensor_0,toy_spatial,0,,68.0,3.799964693630711,3.799964693630711,3.799964693630711,0.80255,0.99955,0.80255,0.80255,,,14.753578289330006,20000,20000,,,20000,,0.2,raw_normalized,row,raw_sensor,1.0,0.0,1.0,cyclic,Adaptive Held-Out Raw Sensor CP,sensor_1,"[""sensor_0"", ""sensor_2""]",posterior
"[""sensor_0"", ""sensor_1"", ""sensor_2""]",sensor_0,toy_spatial,0,,68.0,5.302921329373735,5.302921329373735,5.302921329373735,0.7957,1.0,0.7957,0.7957,,,19.242337923192977,20000,20000,,,20000,,0.2,raw_normalized,row,raw_sensor,1.0,0.0,1.0,cyclic,Adaptive Held-Out Raw Sensor CP,sensor_2,"[""sensor_0"", ""sensor_1""]",posterior
"[""sensor_0"", ""sensor_1"", ""sensor_2""]",sensor_0,toy_spatial,0,,68.0,1.2815515655446008,,,0.78535,0.78535,,,,,4.306222438812256,20000,0,,0.0,20000,,0.2,none,,,,,,,Fused Posterior Predictive,,"[""sensor_0"", ""sensor_1"", ""sensor_2""]",
"[""sensor_0"", ""sensor_1"", ""sensor_2""]",sensor_0,toy_spatial,0,,69.0,1.3190428018569946,1.3190428018569946,1.3190428018569946,0.79465,0.79465,,,,,4.432914506888389,20000,20000,,,20000,,0.2,model_normalized,row,reference,1.0,0.0,1.0,cyclic,Oracle Split Conformal,,"[""sensor_0"", ""sensor_1"", ""sensor_2""]",not_applicable
"[""sensor_0"", ""sensor_1"", ""sensor_2""]",sensor_0,toy_spatial,0,,69.0,1.8344166382417075,1.8344166382417075,1.8344166382417075,0.7984,0.9304,0.7984,0.7984,,,8.68147087599039,20000,20000,,,20000,,0.2,raw_normalized,row,raw_sensor,1.0,0.0,1.0,cyclic,Adaptive Held-Out Raw Sensor CP,sensor_0,"[""sensor_1"", ""sensor_2""]",posterior
"[""sensor_0"", ""sensor_1"", ""sensor_2""]",sensor_0,toy_spatial,0,,69.0,3.81624277068144,3.81624277068144,3.81624277068144,0.80625,0.99945,0.80625,0.80625,,,14.818816886591913,20000,20000,,,20000,,0.2,raw_normalized,row,raw_sensor,1.0,0.0,1.0,cyclic,Adaptive Held-Out Raw Sensor CP,sensor_1,"[""sensor_0"", ""sensor_2""]",posterior
"[""sensor_0"", ""sensor_1"", ""sensor_2""]",sensor_0,toy_spatial,0,,69.0,5.343061447392307,5.343061447392307,5.343061447392307,0.80205,1.0,0.80205,0.80205,,,19.39081146309376,20000,20000,,,20000,,0.2,raw_normalized,row,raw_sensor,1.0,0.0,1.0,cyclic,Adaptive Held-Out Raw Sensor CP,sensor_2,"[""sensor_0"", ""sensor_1""]",posterior
"[""sensor_0"", ""sensor_1"", ""sensor_2""]",sensor_0,toy_spatial,0,,69.0,1.2815515655446008,,,0.78285,0.78285,,,,,4.306917190551758,20000,0,,0.0,20000,,0.2,none,,,,,,,Fused Posterior Predictive,,"[""sensor_0"", ""sensor_1"", ""sensor_2""]",
"[""sensor_0"", ""sensor_1"", ""sensor_2""]",sensor_0,toy_spatial,0,,70.0,1.327184796333313,1.327184796333313,1.327184796333313,0.80045,0.80045,,,,,4.459586899495124,20000,20000,,,20000,,0.2,model_normalized,row,reference,1.0,0.0,1.0,cyclic,Oracle Split Conformal,,"[""sensor_0"", ""sensor_1"", ""sensor_2""]",not_applicable
"[""sensor_0"", ""sensor_1"", ""sensor_2""]",sensor_0,toy_spatial,0,,70.0,1.846051950674188,1.846051950674188,1.846051950674188,0.80425,0.9317,0.80425,0.80425,,,8.735243517649174,20000,20000,,,20000,,0.2,raw_normalized,row,raw_sensor,1.0,0.0,1.0,cyclic,Adaptive Held-Out Raw Sensor CP,sensor_0,"[""sensor_1"", ""sensor_2""]",posterior
"[""sensor_0"", ""sensor_1"", ""sensor_2""]",sensor_0,toy_spatial,0,,70.0,3.8067122983494737,3.8067122983494737,3.8067122983494737,0.8038,0.99945,0.8038,0.8038,,,14.780026300787926,20000,20000,,,20000,,0.2,raw_normalized,row,raw_sensor,1.0,0.0,1.0,cyclic,Adaptive Held-Out Raw Sensor CP,sensor_1,"[""sensor_0"", ""sensor_2""]",posterior
"[""sensor_0"", ""sensor_1"", ""sensor_2""]",sensor_0,toy_spatial,0,,70.0,5.371052702128433,5.371052702128433,5.371052702128433,0.8052,1.0,0.8052,0.8052,,,19.48971590349674,20000,20000,,,20000,,0.2,raw_normalized,row,raw_sensor,1.0,0.0,1.0,cyclic,Adaptive Held-Out Raw Sensor CP,sensor_2,"[""sensor_0"", ""sensor_1""]",posterior
"[""sensor_0"", ""sensor_1"", ""sensor_2""]",sensor_0,toy_spatial,0,,70.0,1.2815515655446008,,,0.7857,0.7857,,,,,4.30625057220459,20000,0,,0.0,20000,,0.2,none,,,,,,,Fused Posterior Predictive,,"[""sensor_0"", ""sensor_1"", ""sensor_2""]",
"[""sensor_0"", ""sensor_1"", ""sensor_2""]",sensor_0,toy_spatial,0,,71.0,1.3324706554412842,1.3324706554412842,1.3324706554412842,0.8045,0.8045,,,,,4.477859999370575,20000,20000,,,20000,,0.2,model_normalized,row,reference,1.0,0.0,1.0,cyclic,Oracle Split Conformal,,"[""sensor_0"", ""sensor_1"", ""sensor_2""]",not_applicable
"[""sensor_0"", ""sensor_1"", ""sensor_2""]",sensor_0,toy_spatial,0,,71.0,1.840613664893287,1.840613664893287,1.840613664893287,0.8011,0.9308,0.8011,0.8011,,,8.709586729168892,20000,20000,,,20000,,0.2,raw_normalized,row,raw_sensor,1.0,0.0,1.0,cyclic,Adaptive Held-Out Raw Sensor CP,sensor_0,"[""sensor_1"", ""sensor_2""]",posterior
"[""sensor_0"", ""sensor_1"", ""sensor_2""]",sensor_0,toy_spatial,0,,71.0,3.7870310716606648,3.7870310716606648,3.7870310716606648,0.79885,0.9996,0.79885,0.79885,,,14.705445230090618,20000,20000,,,20000,,0.2,raw_normalized,row,raw_sensor,1.0,0.0,1.0,cyclic,Adaptive Held-Out Raw Sensor CP,sensor_1,"[""sensor_0"", ""sensor_2""]",posterior
"[""sensor_0"", ""sensor_1"", ""sensor_2""]",sensor_0,toy_spatial,0,,71.0,5.328856023455541,5.328856023455541,5.328856023455541,0.79975,1.0,0.79975,0.79975,,,19.33898818862438,20000,20000,,,20000,,0.2,raw_normalized,row,raw_sensor,1.0,0.0,1.0,cyclic,Adaptive Held-Out Raw Sensor CP,sensor_2,"[""sensor_0"", ""sensor_1""]",posterior
"[""sensor_0"", ""sensor_1"", ""sensor_2""]",sensor_0,toy_spatial,0,,71.0,1.2815515655446008,,,0.7867,0.7867,,,,,4.306743144989014,20000,0,,0.0,20000,,0.2,none,,,,,,,Fused Posterior Predictive,,"[""sensor_0"", ""sensor_1"", ""sensor_2""]",
"[""sensor_0"", ""sensor_1"", ""sensor_2""]",sensor_0,toy_spatial,0,,72.0,1.3266607522964478,1.3266607522964478,1.3266607522964478,0.79985,0.79985,,,,,4.4575919103860855,20000,20000,,,20000,,0.2,model_normalized,row,reference,1.0,0.0,1.0,cyclic,Oracle Split Conformal,,"[""sensor_0"", ""sensor_1"", ""sensor_2""]",not_applicable
"[""sensor_0"", ""sensor_1"", ""sensor_2""]",sensor_0,toy_spatial,0,,72.0,1.8223120903557304,1.8223120903557304,1.8223120903557304,0.79305,0.9284,0.79305,0.79305,,,8.621956757950782,20000,20000,,,20000,,0.2,raw_normalized,row,raw_sensor,1.0,0.0,1.0,cyclic,Adaptive Held-Out Raw Sensor CP,sensor_0,"[""sensor_1"", ""sensor_2""]",posterior
"[""sensor_0"", ""sensor_1"", ""sensor_2""]",sensor_0,toy_spatial,0,,72.0,3.786217273264562,3.786217273264562,3.786217273264562,0.79855,0.9996,0.79855,0.79855,,,14.699934043240548,20000,20000,,,20000,,0.2,raw_normalized,row,raw_sensor,1.0,0.0,1.0,cyclic,Adaptive Held-Out Raw Sensor CP,sensor_1,"[""sensor_0"", ""sensor_2""]",posterior
"[""sensor_0"", ""sensor_1"", ""sensor_2""]",sensor_0,toy_spatial,0,,72.0,5.320592518887608,5.320592518887608,5.320592518887608,0.79875,1.0,0.79875,0.79875,,,19.305679350924493,20000,20000,,,20000,,0.2,raw_normalized,row,raw_sensor,1.0,0.0,1.0,cyclic,Adaptive Held-Out Raw Sensor CP,sensor_2,"[""sensor_0"", ""sensor_1""]",posterior
"[""sensor_0"", ""sensor_1"", ""sensor_2""]",sensor_0,toy_spatial,0,,72.0,1.2815515655446008,,,0.7856,0.7856,,,,,4.30602502822876,20000,0,,0.0,20000,,0.2,none,,,,,,,Fused Posterior Predictive,,"[""sensor_0"", ""sensor_1"", ""sensor_2""]",
"[""sensor_0"", ""sensor_1"", ""sensor_2""]",sensor_0,toy_spatial,0,,73.0,1.3274999856948853,1.3274999856948853,1.3274999856948853,0.80065,0.80065,,,,,4.460466624975204,20000,20000,,,20000,,0.2,model_normalized,row,reference,1.0,0.0,1.0,cyclic,Oracle Split Conformal,,"[""sensor_0"", ""sensor_1"", ""sensor_2""]",not_applicable
"[""sensor_0"", ""sensor_1"", ""sensor_2""]",sensor_0,toy_spatial,0,,73.0,1.8350099753896272,1.8350099753896272,1.8350099753896272,0.7988,0.9297,0.7988,0.7988,,,8.682099723803997,20000,20000,,,20000,,0.2,raw_normalized,row,raw_sensor,1.0,0.0,1.0,cyclic,Adaptive Held-Out Raw Sensor CP,sensor_0,"[""sensor_1"", ""sensor_2""]",posterior
"[""sensor_0"", ""sensor_1"", ""sensor_2""]",sensor_0,toy_spatial,0,,73.0,3.789745129076173,3.789745129076173,3.789745129076173,0.79965,0.99935,0.79965,0.79965,,,14.71337757960558,20000,20000,,,20000,,0.2,raw_normalized,row,raw_sensor,1.0,0.0,1.0,cyclic,Adaptive Held-Out Raw Sensor CP,sensor_1,"[""sensor_0"", ""sensor_2""]",posterior
"[""sensor_0"", ""sensor_1"", ""sensor_2""]",sensor_0,toy_spatial,0,,73.0,5.31959729860731,5.31959729860731,5.31959729860731,0.79865,1.0,0.79865,0.79865,,,19.302295265221595,20000,20000,,,20000,,0.2,raw_normalized,row,raw_sensor,1.0,0.0,1.0,cyclic,Adaptive Held-Out Raw Sensor CP,sensor_2,"[""sensor_0"", ""sensor_1""]",posterior
"[""sensor_0"", ""sensor_1"", ""sensor_2""]",sensor_0,toy_spatial,0,,73.0,1.2815515655446008,,,0.78455,0.78455,,,,,4.30607795715332,20000,0,,0.0,20000,,0.2,none,,,,,,,Fused Posterior Predictive,,"[""sensor_0"", ""sensor_1"", ""sensor_2""]",
"[""sensor_0"", ""sensor_1"", ""sensor_2""]",sensor_0,toy_spatial,0,,74.0,1.3266607522964478,1.3266607522964478,1.3266607522964478,0.79985,0.79985,,,,,4.457951168036461,20000,20000,,,20000,,0.2,model_normalized,row,reference,1.0,0.0,1.0,cyclic,Oracle Split Conformal,,"[""sensor_0"", ""sensor_1"", ""sensor_2""]",not_applicable
"[""sensor_0"", ""sensor_1"", ""sensor_2""]",sensor_0,toy_spatial,0,,74.0,1.825227498725673,1.825227498725673,1.825227498725673,0.7942,0.92785,0.7942,0.7942,,,8.637703938782215,20000,20000,,,20000,,0.2,raw_normalized,row,raw_sensor,1.0,0.0,1.0,cyclic,Adaptive Held-Out Raw Sensor CP,sensor_0,"[""sensor_1"", ""sensor_2""]",posterior
"[""sensor_0"", ""sensor_1"", ""sensor_2""]",sensor_0,toy_spatial,0,,74.0,3.7909389173547,3.7909389173547,3.7909389173547,0.8001,0.99955,0.8001,0.8001,,,14.718154070913792,20000,20000,,,20000,,0.2,raw_normalized,row,raw_sensor,1.0,0.0,1.0,cyclic,Adaptive Held-Out Raw Sensor CP,sensor_1,"[""sensor_0"", ""sensor_2""]",posterior
"[""sensor_0"", ""sensor_1"", ""sensor_2""]",sensor_0,toy_spatial,0,,74.0,5.331261685013005,5.331261685013005,5.331261685013005,0.8002,1.0,0.8002,0.8002,,,19.34539220509529,20000,20000,,,20000,,0.2,raw_normalized,row,raw_sensor,1.0,0.0,1.0,cyclic,Adaptive Held-Out Raw Sensor CP,sensor_2,"[""sensor_0"", ""sensor_1""]",posterior
"[""sensor_0"", ""sensor_1"", ""sensor_2""]",sensor_0,toy_spatial,0,,74.0,1.2815515655446008,,,0.7838,0.7838,,,,,4.306371688842773,20000,0,,0.0,20000,,0.2,none,,,,,,,Fused Posterior Predictive,,"[""sensor_0"", ""sensor_1"", ""sensor_2""]",
"[""sensor_0"", ""sensor_1"", ""sensor_2""]",sensor_0,toy_spatial,0,,75.0,1.3251875638961792,1.3251875638961792,1.3251875638961792,0.7987,0.7987,,,,,4.4534471140623095,20000,20000,,,20000,,0.2,model_normalized,row,reference,1.0,0.0,1.0,cyclic,Oracle Split Conformal,,"[""sensor_0"", ""sensor_1"", ""sensor_2""]",not_applicable
"[""sensor_0"", ""sensor_1"", ""sensor_2""]",sensor_0,toy_spatial,0,,75.0,1.829115900058608,1.829115900058608,1.829115900058608,0.79635,0.92715,0.79635,0.79635,,,8.655859394192696,20000,20000,,,20000,,0.2,raw_normalized,row,raw_sensor,1.0,0.0,1.0,cyclic,Adaptive Held-Out Raw Sensor CP,sensor_0,"[""sensor_1"", ""sensor_2""]",posterior
"[""sensor_0"", ""sensor_1"", ""sensor_2""]",sensor_0,toy_spatial,0,,75.0,3.786168696502008,3.786168696502008,3.786168696502008,0.79845,0.99945,0.79845,0.79845,,,14.702082968389988,20000,20000,,,20000,,0.2,raw_normalized,row,raw_sensor,1.0,0.0,1.0,cyclic,Adaptive Held-Out Raw Sensor CP,sensor_1,"[""sensor_0"", ""sensor_2""]",posterior
"[""sensor_0"", ""sensor_1"", ""sensor_2""]",sensor_0,toy_spatial,0,,75.0,5.325733096055981,5.325733096055981,5.325733096055981,0.79935,1.0,0.79935,0.79935,,,19.32783539235592,20000,20000,,,20000,,0.2,raw_normalized,row,raw_sensor,1.0,0.0,1.0,cyclic,Adaptive Held-Out Raw Sensor CP,sensor_2,"[""sensor_0"", ""sensor_1""]",posterior
"[""sensor_0"", ""sensor_1"", ""sensor_2""]",sensor_0,toy_spatial,0,,75.0,1.2815515655446008,,,0.78465,0.78465,,,,,4.3068037033081055,20000,0,,0.0,20000,,0.2,none,,,,,,,Fused Posterior Predictive,,"[""sensor_0"", ""sensor_1"", ""sensor_2""]",
"[""sensor_0"", ""sensor_1"", ""sensor_2""]",sensor_0,toy_spatial,0,,76.0,1.3217328786849976,1.3217328786849976,1.3217328786849976,0.7965,0.7965,,,,,4.441201550388336,20000,20000,,,20000,,0.2,model_normalized,row,reference,1.0,0.0,1.0,cyclic,Oracle Split Conformal,,"[""sensor_0"", ""sensor_1"", ""sensor_2""]",not_applicable
"[""sensor_0"", ""sensor_1"", ""sensor_2""]",sensor_0,toy_spatial,0,,76.0,1.8177355488771332,1.8177355488771332,1.8177355488771332,0.79055,0.9254,0.79055,0.79055,,,8.601546179580689,20000,20000,,,20000,,0.2,raw_normalized,row,raw_sensor,1.0,0.0,1.0,cyclic,Adaptive Held-Out Raw Sensor CP,sensor_0,"[""sensor_1"", ""sensor_2""]",posterior
"[""sensor_0"", ""sensor_1"", ""sensor_2""]",sensor_0,toy_spatial,0,,76.0,3.7615671096252288,3.7615671096252288,3.7615671096252288,0.79255,0.9996,0.79255,0.79255,,,14.603971564412117,20000,20000,,,20000,,0.2,raw_normalized,row,raw_sensor,1.0,0.0,1.0,cyclic,Adaptive Held-Out Raw Sensor CP,sensor_1,"[""sensor_0"", ""sensor_2""]",posterior
"[""sensor_0"", ""sensor_1"", ""sensor_2""]",sensor_0,toy_spatial,0,,76.0,5.310240576426512,5.310240576426512,5.310240576426512,0.7969,1.0,0.7969,0.7969,,,19.268270796775816,20000,20000,,,20000,,0.2,raw_normalized,row,raw_sensor,1.0,0.0,1.0,cyclic,Adaptive Held-Out Raw Sensor CP,sensor_2,"[""sensor_0"", ""sensor_1""]",posterior
"[""sensor_0"", ""sensor_1"", ""sensor_2""]",sensor_0,toy_spatial,0,,76.0,1.2815515655446008,,,0.7832,0.7832,,,,,4.306186676025391,20000,0,,0.0,20000,,0.2,none,,,,,,,Fused Posterior Predictive,,"[""sensor_0"", ""sensor_1"", ""sensor_2""]",
"[""sensor_0"", ""sensor_1"", ""sensor_2""]",sensor_0,toy_spatial,0,,77.0,1.3232020139694214,1.3232020139694214,1.3232020139694214,0.79765,0.79765,,,,,4.447260775351524,20000,20000,,,20000,,0.2,model_normalized,row,reference,1.0,0.0,1.0,cyclic,Oracle Split Conformal,,"[""sensor_0"", ""sensor_1"", ""sensor_2""]",not_applicable
"[""sensor_0"", ""sensor_1"", ""sensor_2""]",sensor_0,toy_spatial,0,,77.0,1.833037830996356,1.833037830996356,1.833037830996356,0.7979,0.9296,0.7979,0.7979,,,8.676108260107041,20000,20000,,,20000,,0.2,raw_normalized,row,raw_sensor,1.0,0.0,1.0,cyclic,Adaptive Held-Out Raw Sensor CP,sensor_0,"[""sensor_1"", ""sensor_2""]",posterior
"[""sensor_0"", ""sensor_1"", ""sensor_2""]",sensor_0,toy_spatial,0,,77.0,3.796224546337532,3.796224546337532,3.796224546337532,0.8015,0.99955,0.8015,0.8015,,,14.742442165410518,20000,20000,,,20000,,0.2,raw_normalized,row,raw_sensor,1.0,0.0,1.0,cyclic,Adaptive Held-Out Raw Sensor CP,sensor_1,"[""sensor_0"", ""sensor_2""]",posterior
"[""sensor_0"", ""sensor_1"", ""sensor_2""]",sensor_0,toy_spatial,0,,77.0,5.388600073406401,5.388600073406401,5.388600073406401,0.8077,1.0,0.8077,0.8077,,,19.55743066337109,20000,20000,,,20000,,0.2,raw_normalized,row,raw_sensor,1.0,0.0,1.0,cyclic,Adaptive Held-Out Raw Sensor CP,sensor_2,"[""sensor_0"", ""sensor_1""]",posterior
"[""sensor_0"", ""sensor_1"", ""sensor_2""]",sensor_0,toy_spatial,0,,77.0,1.2815515655446008,,,0.7832,0.7832,,,,,4.307274341583252,20000,0,,0.0,20000,,0.2,none,,,,,,,Fused Posterior Predictive,,"[""sensor_0"", ""sensor_1"", ""sensor_2""]",
"[""sensor_0"", ""sensor_1"", ""sensor_2""]",sensor_0,toy_spatial,0,,78.0,1.3334659337997437,1.3334659337997437,1.3334659337997437,0.80525,0.80525,,,,,4.480738188385963,20000,20000,,,20000,,0.2,model_normalized,row,reference,1.0,0.0,1.0,cyclic,Oracle Split Conformal,,"[""sensor_0"", ""sensor_1"", ""sensor_2""]",not_applicable
"[""sensor_0"", ""sensor_1"", ""sensor_2""]",sensor_0,toy_spatial,0,,78.0,1.8220130248271087,1.8220130248271087,1.8220130248271087,0.79285,0.928,0.79285,0.79285,,,8.620707175219058,20000,20000,,,20000,,0.2,raw_normalized,row,raw_sensor,1.0,0.0,1.0,cyclic,Adaptive Held-Out Raw Sensor CP,sensor_0,"[""sensor_1"", ""sensor_2""]",posterior
"[""sensor_0"", ""sensor_1"", ""sensor_2""]",sensor_0,toy_spatial,0,,78.0,3.7984964222316657,3.7984964222316657,3.7984964222316657,0.8022,0.9995,0.8022,0.8022,,,14.74845411195755,20000,20000,,,20000,,0.2,raw_normalized,row,raw_sensor,1.0,0.0,1.0,cyclic,Adaptive Held-Out Raw Sensor CP,sensor_1,"[""sensor_0"", ""sensor_2""]",posterior
"[""sensor_0"", ""sensor_1"", ""sensor_2""]",sensor_0,toy_spatial,0,,78.0,5.36921200341104,5.36921200341104,5.36921200341104,0.80495,1.0,0.80495,0.80495,,,19.483325010347368,20000,20000,,,20000,,0.2,raw_normalized,row,raw_sensor,1.0,0.0,1.0,cyclic,Adaptive Held-Out Raw Sensor CP,sensor_2,"[""sensor_0"", ""sensor_1""]",posterior
"[""sensor_0"", ""sensor_1"", ""sensor_2""]",sensor_0,toy_spatial,0,,78.0,1.2815515655446008,,,0.7882,0.7882,,,,,4.3062944412231445,20000,0,,0.0,20000,,0.2,none,,,,,,,Fused Posterior Predictive,,"[""sensor_0"", ""sensor_1"", ""sensor_2""]",
"[""sensor_0"", ""sensor_1"", ""sensor_2""]",sensor_0,toy_spatial,0,,79.0,1.3266384601593018,1.3266384601593018,1.3266384601593018,0.7998,0.7998,,,,,4.45759187643528,20000,20000,,,20000,,0.2,model_normalized,row,reference,1.0,0.0,1.0,cyclic,Oracle Split Conformal,,"[""sensor_0"", ""sensor_1"", ""sensor_2""]",not_applicable
"[""sensor_0"", ""sensor_1"", ""sensor_2""]",sensor_0,toy_spatial,0,,79.0,1.8426276020189456,1.8426276020189456,1.8426276020189456,0.80225,0.9301,0.80225,0.80225,,,8.718174182975293,20000,20000,,,20000,,0.2,raw_normalized,row,raw_sensor,1.0,0.0,1.0,cyclic,Adaptive Held-Out Raw Sensor CP,sensor_0,"[""sensor_1"", ""sensor_2""]",posterior
"[""sensor_0"", ""sensor_1"", ""sensor_2""]",sensor_0,toy_spatial,0,,79.0,3.7922192458783135,3.7922192458783135,3.7922192458783135,0.8004,0.99915,0.8004,0.8004,,,14.723261796104907,20000,20000,,,20000,,0.2,raw_normalized,row,raw_sensor,1.0,0.0,1.0,cyclic,Adaptive Held-Out Raw Sensor CP,sensor_1,"[""sensor_0"", ""sensor_2""]",posterior
"[""sensor_0"", ""sensor_1"", ""sensor_2""]",sensor_0,toy_spatial,0,,79.0,5.380883838200686,5.380883838200686,5.380883838200686,0.80655,1.0,0.80655,0.80655,,,19.524989274263383,20000,20000,,,20000,,0.2,raw_normalized,row,raw_sensor,1.0,0.0,1.0,cyclic,Adaptive Held-Out Raw Sensor CP,sensor_2,"[""sensor_0"", ""sensor_1""]",posterior
"[""sensor_0"", ""sensor_1"", ""sensor_2""]",sensor_0,toy_spatial,0,,79.0,1.2815515655446008,,,0.78585,0.78585,,,,,4.306097030639648,20000,0,,0.0,20000,,0.2,none,,,,,,,Fused Posterior Predictive,,"[""sensor_0"", ""sensor_1"", ""sensor_2""]",
"[""sensor_0"", ""sensor_1"", ""sensor_2""]",sensor_0,toy_spatial,0,,80.0,1.3216761350631714,1.3216761350631714,1.3216761350631714,0.79645,0.79645,,,,,4.441213946413994,20000,20000,,,20000,,0.2,model_normalized,row,reference,1.0,0.0,1.0,cyclic,Oracle Split Conformal,,"[""sensor_0"", ""sensor_1"", ""sensor_2""]",not_applicable
"[""sensor_0"", ""sensor_1"", ""sensor_2""]",sensor_0,toy_spatial,0,,80.0,1.8397827430119773,1.8397827430119773,1.8397827430119773,0.8007,0.93035,0.8007,0.8007,,,8.70520392587185,20000,20000,,,20000,,0.2,raw_normalized,row,raw_sensor,1.0,0.0,1.0,cyclic,Adaptive Held-Out Raw Sensor CP,sensor_0,"[""sensor_1"", ""sensor_2""]",posterior
"[""sensor_0"", ""sensor_1"", ""sensor_2""]",sensor_0,toy_spatial,0,,80.0,3.800130038015193,3.800130038015193,3.800130038015193,0.8026,0.99945,0.8026,0.8026,,,14.754971176886558,20000,20000,,,20000,,0.2,raw_normalized,row,raw_sensor,1.0,0.0,1.0,cyclic,Adaptive Held-Out Raw Sensor CP,sensor_1,"[""sensor_0"", ""sensor_2""]",posterior
"[""sensor_0"", ""sensor_1"", ""sensor_2""]",sensor_0,toy_spatial,0,,80.0,5.3337457024142045,5.3337457024142045,5.3337457024142045,0.80075,1.0,0.80075,0.80075,,,19.355202702260016,20000,20000,,,20000,,0.2,raw_normalized,row,raw_sensor,1.0,0.0,1.0,cyclic,Adaptive Held-Out Raw Sensor CP,sensor_2,"[""sensor_0"", ""sensor_1""]",posterior
"[""sensor_0"", ""sensor_1"", ""sensor_2""]",sensor_0,toy_spatial,0,,80.0,1.2815515655446008,,,0.78325,0.78325,,,,,4.3063836097717285,20000,0,,0.0,20000,,0.2,none,,,,,,,Fused Posterior Predictive,,"[""sensor_0"", ""sensor_1"", ""sensor_2""]",
"[""sensor_0"", ""sensor_1"", ""sensor_2""]",sensor_0,toy_spatial,0,,81.0,1.333475112915039,1.333475112915039,1.333475112915039,0.8053,0.8053,,,,,4.481186345767975,20000,20000,,,20000,,0.2,model_normalized,row,reference,1.0,0.0,1.0,cyclic,Oracle Split Conformal,,"[""sensor_0"", ""sensor_1"", ""sensor_2""]",not_applicable
"[""sensor_0"", ""sensor_1"", ""sensor_2""]",sensor_0,toy_spatial,0,,81.0,1.8496108282453476,1.8496108282453476,1.8496108282453476,0.8058,0.93315,0.8058,0.8058,,,8.752927305293083,20000,20000,,,20000,,0.2,raw_normalized,row,raw_sensor,1.0,0.0,1.0,cyclic,Adaptive Held-Out Raw Sensor CP,sensor_0,"[""sensor_1"", ""sensor_2""]",posterior
"[""sensor_0"", ""sensor_1"", ""sensor_2""]",sensor_0,toy_spatial,0,,81.0,3.790713282042357,3.790713282042357,3.790713282042357,0.79985,0.9995,0.79985,0.79985,,,14.718884388387202,20000,20000,,,20000,,0.2,raw_normalized,row,raw_sensor,1.0,0.0,1.0,cyclic,Adaptive Held-Out Raw Sensor CP,sensor_1,"[""sensor_0"", ""sensor_2""]",posterior
"[""sensor_0"", ""sensor_1"", ""sensor_2""]",sensor_0,toy_spatial,0,,81.0,5.370331321817336,5.370331321817336,5.370331321817336,0.8051,1.0,0.8051,0.8051,,,19.488891688251496,20000,20000,,,20000,,0.2,raw_normalized,row,raw_sensor,1.0,0.0,1.0,cyclic,Adaptive Held-Out Raw Sensor CP,sensor_2,"[""sensor_0"", ""sensor_1""]",posterior
"[""sensor_0"", ""sensor_1"", ""sensor_2""]",sensor_0,toy_spatial,0,,81.0,1.2815515655446008,,,0.78765,0.78765,,,,,4.306695938110352,20000,0,,0.0,20000,,0.2,none,,,,,,,Fused Posterior Predictive,,"[""sensor_0"", ""sensor_1"", ""sensor_2""]",
"[""sensor_0"", ""sensor_1"", ""sensor_2""]",sensor_0,toy_spatial,0,,82.0,1.3322882652282717,1.3322882652282717,1.3322882652282717,0.8043,0.8043,,,,,4.476867623806,20000,20000,,,20000,,0.2,model_normalized,row,reference,1.0,0.0,1.0,cyclic,Oracle Split Conformal,,"[""sensor_0"", ""sensor_1"", ""sensor_2""]",not_applicable
"[""sensor_0"", ""sensor_1"", ""sensor_2""]",sensor_0,toy_spatial,0,,82.0,1.8399686325362088,1.8399686325362088,1.8399686325362088,0.80085,0.9308,0.80085,0.80085,,,8.706966622304916,20000,20000,,,20000,,0.2,raw_normalized,row,raw_sensor,1.0,0.0,1.0,cyclic,Adaptive Held-Out Raw Sensor CP,sensor_0,"[""sensor_1"", ""sensor_2""]",posterior
"[""sensor_0"", ""sensor_1"", ""sensor_2""]",sensor_0,toy_spatial,0,,82.0,3.786192531524018,3.786192531524018,3.786192531524018,0.7985,0.99935,0.7985,0.7985,,,14.700309331834315,20000,20000,,,20000,,0.2,raw_normalized,row,raw_sensor,1.0,0.0,1.0,cyclic,Adaptive Held-Out Raw Sensor CP,sensor_1,"[""sensor_0"", ""sensor_2""]",posterior
"[""sensor_0"", ""sensor_1"", ""sensor_2""]",sensor_0,toy_spatial,0,,82.0,5.37142742994056,5.37142742994056,5.37142742994056,0.8053,1.0,0.8053,0.8053,,,19.491408634519576,20000,20000,,,20000,,0.2,raw_normalized,row,raw_sensor,1.0,0.0,1.0,cyclic,Adaptive Held-Out Raw Sensor CP,sensor_2,"[""sensor_0"", ""sensor_1""]",posterior
"[""sensor_0"", ""sensor_1"", ""sensor_2""]",sensor_0,toy_spatial,0,,82.0,1.2815515655446008,,,0.786,0.786,,,,,4.30637788772583,20000,0,,0.0,20000,,0.2,none,,,,,,,Fused Posterior Predictive,,"[""sensor_0"", ""sensor_1"", ""sensor_2""]",
"[""sensor_0"", ""sensor_1"", ""sensor_2""]",sensor_0,toy_spatial,0,,83.0,1.3212478160858154,1.3212478160858154,1.3212478160858154,0.7961,0.7961,,,,,4.440642339038849,20000,20000,,,20000,,0.2,model_normalized,row,reference,1.0,0.0,1.0,cyclic,Oracle Split Conformal,,"[""sensor_0"", ""sensor_1"", ""sensor_2""]",not_applicable
"[""sensor_0"", ""sensor_1"", ""sensor_2""]",sensor_0,toy_spatial,0,,83.0,1.8451213394484784,1.8451213394484784,1.8451213394484784,0.80385,0.93195,0.80385,0.80385,,,8.732603668713569,20000,20000,,,20000,,0.2,raw_normalized,row,raw_sensor,1.0,0.0,1.0,cyclic,Adaptive Held-Out Raw Sensor CP,sensor_0,"[""sensor_1"", ""sensor_2""]",posterior
"[""sensor_0"", ""sensor_1"", ""sensor_2""]",sensor_0,toy_spatial,0,,83.0,3.80975374687137,3.80975374687137,3.80975374687137,0.8047,0.99935,0.8047,0.8047,,,14.794928211128711,20000,20000,,,20000,,0.2,raw_normalized,row,raw_sensor,1.0,0.0,1.0,cyclic,Adaptive Held-Out Raw Sensor CP,sensor_1,"[""sensor_0"", ""sensor_2""]",posterior
"[""sensor_0"", ""sensor_1"", ""sensor_2""]",sensor_0,toy_spatial,0,,83.0,5.3059696934978255,5.3059696934978255,5.3059696934978255,0.79615,1.0,0.79615,0.79615,,,19.257629857802392,20000,20000,,,20000,,0.2,raw_normalized,row,raw_sensor,1.0,0.0,1.0,cyclic,Adaptive Held-Out Raw Sensor CP,sensor_2,"[""sensor_0"", ""sensor_1""]",posterior
"[""sensor_0"", ""sensor_1"", ""sensor_2""]",sensor_0,toy_spatial,0,,83.0,1.2815515655446008,,,0.7825,0.7825,,,,,4.307225704193115,20000,0,,0.0,20000,,0.2,none,,,,,,,Fused Posterior Predictive,,"[""sensor_0"", ""sensor_1"", ""sensor_2""]",
"[""sensor_0"", ""sensor_1"", ""sensor_2""]",sensor_0,toy_spatial,0,,84.0,1.3299654722213743,1.3299654722213743,1.3299654722213743,0.80275,0.80275,,,,,4.470364479374886,20000,20000,,,20000,,0.2,model_normalized,row,reference,1.0,0.0,1.0,cyclic,Oracle Split Conformal,,"[""sensor_0"", ""sensor_1"", ""sensor_2""]",not_applicable
"[""sensor_0"", ""sensor_1"", ""sensor_2""]",sensor_0,toy_spatial,0,,84.0,1.8387682900110724,1.8387682900110724,1.8387682900110724,0.8005,0.9302,0.8005,0.8005,,,8.70237114150524,20000,20000,,,20000,,0.2,raw_normalized,row,raw_sensor,1.0,0.0,1.0,cyclic,Adaptive Held-Out Raw Sensor CP,sensor_0,"[""sensor_1"", ""sensor_2""]",posterior
"[""sensor_0"", ""sensor_1"", ""sensor_2""]",sensor_0,toy_spatial,0,,84.0,3.828723136377695,3.828723136377695,3.828723136377695,0.809,0.99935,0.809,0.809,,,14.870505799329282,20000,20000,,,20000,,0.2,raw_normalized,row,raw_sensor,1.0,0.0,1.0,cyclic,Adaptive Held-Out Raw Sensor CP,sensor_1,"[""sensor_0"", ""sensor_2""]",posterior
"[""sensor_0"", ""sensor_1"", ""sensor_2""]",sensor_0,toy_spatial,0,,84.0,5.348644580331457,5.348644580331457,5.348644580331457,0.80285,1.0,0.80285,0.80285,,,19.415005943775174,20000,20000,,,20000,,0.2,raw_normalized,row,raw_sensor,1.0,0.0,1.0,cyclic,Adaptive Held-Out Raw Sensor CP,sensor_2,"[""sensor_0"", ""sensor_1""]",posterior
"[""sensor_0"", ""sensor_1"", ""sensor_2""]",sensor_0,toy_spatial,0,,84.0,1.2815515655446008,,,0.7863,0.7863,,,,,4.307632923126221,20000,0,,0.0,20000,,0.2,none,,,,,,,Fused Posterior Predictive,,"[""sensor_0"", ""sensor_1"", ""sensor_2""]",
"[""sensor_0"", ""sensor_1"", ""sensor_2""]",sensor_0,toy_spatial,0,,85.0,1.327354073524475,1.327354073524475,1.327354073524475,0.8005,0.8005,,,,,4.46046514570713,20000,20000,,,20000,,0.2,model_normalized,row,reference,1.0,0.0,1.0,cyclic,Oracle Split Conformal,,"[""sensor_0"", ""sensor_1"", ""sensor_2""]",not_applicable
"[""sensor_0"", ""sensor_1"", ""sensor_2""]",sensor_0,toy_spatial,0,,85.0,1.8307268665961476,1.8307268665961476,1.8307268665961476,0.7967,0.92665,0.7967,0.7967,,,8.66242469370365,20000,20000,,,20000,,0.2,raw_normalized,row,raw_sensor,1.0,0.0,1.0,cyclic,Adaptive Held-Out Raw Sensor CP,sensor_0,"[""sensor_1"", ""sensor_2""]",posterior
"[""sensor_0"", ""sensor_1"", ""sensor_2""]",sensor_0,toy_spatial,0,,85.0,3.796224546337532,3.796224546337532,3.796224546337532,0.8015,0.9994,0.8015,0.8015,,,14.740467571103572,20000,20000,,,20000,,0.2,raw_normalized,row,raw_sensor,1.0,0.0,1.0,cyclic,Adaptive Held-Out Raw Sensor CP,sensor_1,"[""sensor_0"", ""sensor_2""]",posterior
"[""sensor_0"", ""sensor_1"", ""sensor_2""]",sensor_0,toy_spatial,0,,85.0,5.322335395246733,5.322335395246733,5.322335395246733,0.79905,1.0,0.79905,0.79905,,,19.31428731958866,20000,20000,,,20000,,0.2,raw_normalized,row,raw_sensor,1.0,0.0,1.0,cyclic,Adaptive Held-Out Raw Sensor CP,sensor_2,"[""sensor_0"", ""sensor_1""]",posterior
"[""sensor_0"", ""sensor_1"", ""sensor_2""]",sensor_0,toy_spatial,0,,85.0,1.2815515655446008,,,0.7855,0.7855,,,,,4.306550025939941,20000,0,,0.0,20000,,0.2,none,,,,,,,Fused Posterior Predictive,,"[""sensor_0"", ""sensor_1"", ""sensor_2""]",
"[""sensor_0"", ""sensor_1"", ""sensor_2""]",sensor_0,toy_spatial,0,,86.0,1.327184796333313,1.327184796333313,1.327184796333313,0.80045,0.80045,,,,,4.459867862081528,20000,20000,,,20000,,0.2,model_normalized,row,reference,1.0,0.0,1.0,cyclic,Oracle Split Conformal,,"[""sensor_0"", ""sensor_1"", ""sensor_2""]",not_applicable
"[""sensor_0"", ""sensor_1"", ""sensor_2""]",sensor_0,toy_spatial,0,,86.0,1.840824677464905,1.840824677464905,1.840824677464905,0.80125,0.9307,0.80125,0.80125,,,8.710425519621372,20000,20000,,,20000,,0.2,raw_normalized,row,raw_sensor,1.0,0.0,1.0,cyclic,Adaptive Held-Out Raw Sensor CP,sensor_0,"[""sensor_1"", ""sensor_2""]",posterior
"[""sensor_0"", ""sensor_1"", ""sensor_2""]",sensor_0,toy_spatial,0,,86.0,3.8275707263977865,3.8275707263977865,3.8275707263977865,0.80875,0.9995,0.80875,0.80875,,,14.862036733567717,20000,20000,,,20000,,0.2,raw_normalized,row,raw_sensor,1.0,0.0,1.0,cyclic,Adaptive Held-Out Raw Sensor CP,sensor_1,"[""sensor_0"", ""sensor_2""]",posterior
"[""sensor_0"", ""sensor_1"", ""sensor_2""]",sensor_0,toy_spatial,0,,86.0,5.36192928423631,5.36192928423631,5.36192928423631,0.8041,1.0,0.8041,0.8041,,,19.457800868821145,20000,20000,,,20000,,0.2,raw_normalized,row,raw_sensor,1.0,0.0,1.0,cyclic,Adaptive Held-Out Raw Sensor CP,sensor_2,"[""sensor_0"", ""sensor_1""]",posterior
"[""sensor_0"", ""sensor_1"", ""sensor_2""]",sensor_0,toy_spatial,0,,86.0,1.2815515655446008,,,0.78565,0.78565,,,,,4.306522369384766,20000,0,,0.0,20000,,0.2,none,,,,,,,Fused Posterior Predictive,,"[""sensor_0"", ""sensor_1"", ""sensor_2""]",
"[""sensor_0"", ""sensor_1"", ""sensor_2""]",sensor_0,toy_spatial,0,,87.0,1.323997139930725,1.323997139930725,1.323997139930725,0.7979,0.7979,,,,,4.448647035264969,20000,20000,,,20000,,0.2,model_normalized,row,reference,1.0,0.0,1.0,cyclic,Oracle Split Conformal,,"[""sensor_0"", ""sensor_1"", ""sensor_2""]",not_applicable
"[""sensor_0"", ""sensor_1"", ""sensor_2""]",sensor_0,toy_spatial,0,,87.0,1.8464079142076493,1.8464079142076493,1.8464079142076493,0.8045,0.932,0.8045,0.8045,,,8.735058789050578,20000,20000,,,20000,,0.2,raw_normalized,row,raw_sensor,1.0,0.0,1.0,cyclic,Adaptive Held-Out Raw Sensor CP,sensor_0,"[""sensor_1"", ""sensor_2""]",posterior
"[""sensor_0"", ""sensor_1"", ""sensor_2""]",sensor_0,toy_spatial,0,,87.0,3.7755956413129006,3.7755956413129006,3.7755956413129006,0.79595,0.99955,0.79595,0.79595,,,14.658749650096894,20000,20000,,,20000,,0.2,raw_normalized,row,raw_sensor,1.0,0.0,1.0,cyclic,Adaptive Held-Out Raw Sensor CP,sensor_1,"[""sensor_0"", ""sensor_2""]",posterior
"[""sensor_0"", ""sensor_1"", ""sensor_2""]",sensor_0,toy_spatial,0,,87.0,5.305985018484462,5.305985018484462,5.305985018484462,0.7962,1.0,0.7962,0.7962,,,19.253283108758925,20000,20000,,,20000,,0.2,raw_normalized,row,raw_sensor,1.0,0.0,1.0,cyclic,Adaptive Held-Out Raw Sensor CP,sensor_2,"[""sensor_0"", ""sensor_1""]",posterior
"[""sensor_0"", ""sensor_1"", ""sensor_2""]",sensor_0,toy_spatial,0,,87.0,1.2815515655446008,,,0.7838,0.7838,,,,,4.306029796600342,20000,0,,0.0,20000,,0.2,none,,,,,,,Fused Posterior Predictive,,"[""sensor_0"", ""sensor_1"", ""sensor_2""]",
"[""sensor_0"", ""sensor_1"", ""sensor_2""]",sensor_0,toy_spatial,0,,88.0,1.329701542854309,1.329701542854309,1.329701542854309,0.8025,0.8025,,,,,4.469278902697563,20000,20000,,,20000,,0.2,model_normalized,row,reference,1.0,0.0,1.0,cyclic,Oracle Split Conformal,,"[""sensor_0"", ""sensor_1"", ""sensor_2""]",not_applicable
"[""sensor_0"", ""sensor_1"", ""sensor_2""]",sensor_0,toy_spatial,0,,88.0,1.8350099753896272,1.8350099753896272,1.8350099753896272,0.7988,0.9297,0.7988,0.7988,,,8.685099754154683,20000,20000,,,20000,,0.2,raw_normalized,row,raw_sensor,1.0,0.0,1.0,cyclic,Adaptive Held-Out Raw Sensor CP,sensor_0,"[""sensor_1"", ""sensor_2""]",posterior
"[""sensor_0"", ""sensor_1"", ""sensor_2""]",sensor_0,toy_spatial,0,,88.0,3.797414291746532,3.797414291746532,3.797414291746532,0.80185,0.99935,0.80185,0.80185,,,14.747912324094772,20000,20000,,,20000,,0.2,raw_normalized,row,raw_sensor,1.0,0.0,1.0,cyclic,Adaptive Held-Out Raw Sensor CP,sensor_1,"[""sensor_0"", ""sensor_2""]",posterior
"[""sensor_0"", ""sensor_1"", ""sensor_2""]",sensor_0,toy_spatial,0,,88.0,5.327680612185096,5.327680612185096,5.327680612185096,0.79955,1.0,0.79955,0.79955,,,19.337772558665275,20000,20000,,,20000,,0.2,raw_normalized,row,raw_sensor,1.0,0.0,1.0,cyclic,Adaptive Held-Out Raw Sensor CP,sensor_2,"[""sensor_0"", ""sensor_1""]",posterior
"[""sensor_0"", ""sensor_1"", ""sensor_2""]",sensor_0,toy_spatial,0,,88.0,1.2815515655446008,,,0.7858,0.7858,,,,,4.307441234588623,20000,0,,0.0,20000,,0.2,none,,,,,,,Fused Posterior Predictive,,"[""sensor_0"", ""sensor_1"", ""sensor_2""]",
"[""sensor_0"", ""sensor_1"", ""sensor_2""]",sensor_0,toy_spatial,0,,89.0,1.3377764225006104,1.3377764225006104,1.3377764225006104,0.8075,0.8075,,,,,4.495071403336525,20000,20000,,,20000,,0.2,model_normalized,row,reference,1.0,0.0,1.0,cyclic,Oracle Split Conformal,,"[""sensor_0"", ""sensor_1"", ""sensor_2""]",not_applicable
"[""sensor_0"", ""sensor_1"", ""sensor_2""]",sensor_0,toy_spatial,0,,89.0,1.8435705784588587,1.8435705784588587,1.8435705784588587,0.8031,0.9295,0.8031,0.8031,,,8.723414750564098,20000,20000,,,20000,,0.2,raw_normalized,row,raw_sensor,1.0,0.0,1.0,cyclic,Adaptive Held-Out Raw Sensor CP,sensor_0,"[""sensor_1"", ""sensor_2""]",posterior
"[""sensor_0"", ""sensor_1"", ""sensor_2""]",sensor_0,toy_spatial,0,,89.0,3.800269693939726,3.800269693939726,3.800269693939726,0.80265,0.99955,0.80265,0.80265,,,14.75419978313446,20000,20000,,,20000,,0.2,raw_normalized,row,raw_sensor,1.0,0.0,1.0,cyclic,Adaptive Held-Out Raw Sensor CP,sensor_1,"[""sensor_0"", ""sensor_2""]",posterior
"[""sensor_0"", ""sensor_1"", ""sensor_2""]",sensor_0,toy_spatial,0,,89.0,5.343061447392307,5.343061447392307,5.343061447392307,0.80205,1.0,0.80205,0.80205,,,19.387509575605392,20000,20000,,,20000,,0.2,raw_normalized,row,raw_sensor,1.0,0.0,1.0,cyclic,Adaptive Held-Out Raw Sensor CP,sensor_2,"[""sensor_0"", ""sensor_1""]",posterior
"[""sensor_0"", ""sensor_1"", ""sensor_2""]",sensor_0,toy_spatial,0,,89.0,1.2815515655446008,,,0.7883,0.7883,,,,,4.306149959564209,20000,0,,0.0,20000,,0.2,none,,,,,,,Fused Posterior Predictive,,"[""sensor_0"", ""sensor_1"", ""sensor_2""]",
"[""sensor_0"", ""sensor_1"", ""sensor_2""]",sensor_0,toy_spatial,0,,90.0,1.333475112915039,1.333475112915039,1.333475112915039,0.8053,0.8053,,,,,4.481305990195274,20000,20000,,,20000,,0.2,model_normalized,row,reference,1.0,0.0,1.0,cyclic,Oracle Split Conformal,,"[""sensor_0"", ""sensor_1"", ""sensor_2""]",not_applicable
"[""sensor_0"", ""sensor_1"", ""sensor_2""]",sensor_0,toy_spatial,0,,90.0,1.842639517068373,1.842639517068373,1.842639517068373,0.8023,0.9303,0.8023,0.8023,,,8.719571648871899,20000,20000,,,20000,,0.2,raw_normalized,row,raw_sensor,1.0,0.0,1.0,cyclic,Adaptive Held-Out Raw Sensor CP,sensor_0,"[""sensor_1"", ""sensor_2""]",posterior
"[""sensor_0"", ""sensor_1"", ""sensor_2""]",sensor_0,toy_spatial,0,,90.0,3.82368209996652,3.82368209996652,3.82368209996652,0.8078,0.99945,0.8078,0.8078,,,14.848654261028766,20000,20000,,,20000,,0.2,raw_normalized,row,raw_sensor,1.0,0.0,1.0,cyclic,Adaptive Held-Out Raw Sensor CP,sensor_1,"[""sensor_0"", ""sensor_2""]",posterior
"[""sensor_0"", ""sensor_1"", ""sensor_2""]",sensor_0,toy_spatial,0,,90.0,5.297422475250083,5.297422475250083,5.297422475250083,0.7947,1.0,0.7947,0.7947,,,19.22518708240986,20000,20000,,,20000,,0.2,raw_normalized,row,raw_sensor,1.0,0.0,1.0,cyclic,Adaptive Held-Out Raw Sensor CP,sensor_2,"[""sensor_0"", ""sensor_1""]",posterior
"[""sensor_0"", ""sensor_1"", ""sensor_2""]",sensor_0,toy_spatial,0,,90.0,1.2815515655446008,,,0.78735,0.78735,,,,,4.306810855865479,20000,0,,0.0,20000,,0.2,none,,,,,,,Fused Posterior Predictive,,"[""sensor_0"", ""sensor_1"", ""sensor_2""]",
"[""sensor_0"", ""sensor_1"", ""sensor_2""]",sensor_0,toy_spatial,0,,91.0,1.332132339477539,1.332132339477539,1.332132339477539,0.80395,0.80395,,,,,4.477079393076897,20000,20000,,,20000,,0.2,model_normalized,row,reference,1.0,0.0,1.0,cyclic,Oracle Split Conformal,,"[""sensor_0"", ""sensor_1"", ""sensor_2""]",not_applicable
"[""sensor_0"", ""sensor_1"", ""sensor_2""]",sensor_0,toy_spatial,0,,91.0,1.8449724759941324,1.8449724759941324,1.8449724759941324,0.8037,0.9325,0.8037,0.8037,,,8.73124414958954,20000,20000,,,20000,,0.2,raw_normalized,row,raw_sensor,1.0,0.0,1.0,cyclic,Adaptive Held-Out Raw Sensor CP,sensor_0,"[""sensor_1"", ""sensor_2""]",posterior
"[""sensor_0"", ""sensor_1"", ""sensor_2""]",sensor_0,toy_spatial,0,,91.0,3.795024491191336,3.795024491191336,3.795024491191336,0.8012,0.99965,0.8012,0.8012,,,14.737784308981896,20000,20000,,,20000,,0.2,raw_normalized,row,raw_sensor,1.0,0.0,1.0,cyclic,Adaptive Held-Out Raw Sensor CP,sensor_1,"[""sensor_0"", ""sensor_2""]",posterior
"[""sensor_0"", ""sensor_1"", ""sensor_2""]",sensor_0,toy_spatial,0,,91.0,5.346509993371736,5.346509993371736,5.346509993371736,0.8024,1.0,0.8024,0.8024,,,19.404560575795173,20000,20000,,,20000,,0.2,raw_normalized,row,raw_sensor,1.0,0.0,1.0,cyclic,Adaptive Held-Out Raw Sensor CP,sensor_2,"[""sensor_0"", ""sensor_1""]",posterior
"[""sensor_0"", ""sensor_1"", ""sensor_2""]",sensor_0,toy_spatial,0,,91.0,1.2815515655446008,,,0.7862,0.7862,,,,,4.307085990905762,20000,0,,0.0,20000,,0.2,none,,,,,,,Fused Posterior Predictive,,"[""sensor_0"", ""sensor_1"", ""sensor_2""]",
"[""sensor_0"", ""sensor_1"", ""sensor_2""]",sensor_0,toy_spatial,0,,92.0,1.3268067836761477,1.3268067836761477,1.3268067836761477,0.80005,0.80005,,,,,4.458681729650498,20000,20000,,,20000,,0.2,model_normalized,row,reference,1.0,0.0,1.0,cyclic,Oracle Split Conformal,,"[""sensor_0"", ""sensor_1"", ""sensor_2""]",not_applicable
"[""sensor_0"", ""sensor_1"", ""sensor_2""]",sensor_0,toy_spatial,0,,92.0,1.8429866791311116,1.8429866791311116,1.8429866791311116,0.80265,0.92825,0.80265,0.80265,,,8.721189761376381,20000,20000,,,20000,,0.2,raw_normalized,row,raw_sensor,1.0,0.0,1.0,cyclic,Adaptive Held-Out Raw Sensor CP,sensor_0,"[""sensor_1"", ""sensor_2""]",posterior
"[""sensor_0"", ""sensor_1"", ""sensor_2""]",sensor_0,toy_spatial,0,,92.0,3.7633501843789223,3.7633501843789223,3.7633501843789223,0.79305,0.99965,0.79305,0.79305,,,14.612652603840829,20000,20000,,,20000,,0.2,raw_normalized,row,raw_sensor,1.0,0.0,1.0,cyclic,Adaptive Held-Out Raw Sensor CP,sensor_1,"[""sensor_0"", ""sensor_2""]",posterior
"[""sensor_0"", ""sensor_1"", ""sensor_2""]",sensor_0,toy_spatial,0,,92.0,5.346124212883205,5.346124212883205,5.346124212883205,0.8023,1.0,0.8023,0.8023,,,19.40096410558224,20000,20000,,,20000,,0.2,raw_normalized,row,raw_sensor,1.0,0.0,1.0,cyclic,Adaptive Held-Out Raw Sensor CP,sensor_2,"[""sensor_0"", ""sensor_1""]",posterior
"[""sensor_0"", ""sensor_1"", ""sensor_2""]",sensor_0,toy_spatial,0,,92.0,1.2815515655446008,,,0.7848,0.7848,,,,,4.306602954864502,20000,0,,0.0,20000,,0.2,none,,,,,,,Fused Posterior Predictive,,"[""sensor_0"", ""sensor_1"", ""sensor_2""]",
"[""sensor_0"", ""sensor_1"", ""sensor_2""]",sensor_0,toy_spatial,0,,93.0,1.332132339477539,1.332132339477539,1.332132339477539,0.80395,0.80395,,,,,4.475847033858299,20000,20000,,,20000,,0.2,model_normalized,row,reference,1.0,0.0,1.0,cyclic,Oracle Split Conformal,,"[""sensor_0"", ""sensor_1"", ""sensor_2""]",not_applicable
"[""sensor_0"", ""sensor_1"", ""sensor_2""]",sensor_0,toy_spatial,0,,93.0,1.8451213394484784,1.8451213394484784,1.8451213394484784,0.80385,0.9327,0.80385,0.80385,,,8.729971078562736,20000,20000,,,20000,,0.2,raw_normalized,row,raw_sensor,1.0,0.0,1.0,cyclic,Adaptive Held-Out Raw Sensor CP,sensor_0,"[""sensor_1"", ""sensor_2""]",posterior
"[""sensor_0"", ""sensor_1"", ""sensor_2""]",sensor_0,toy_spatial,0,,93.0,3.818215613269588,3.818215613269588,3.818215613269588,0.8069,0.99945,0.8069,0.8069,,,14.822937264823912,20000,20000,,,20000,,0.2,raw_normalized,row,raw_sensor,1.0,0.0,1.0,cyclic,Adaptive Held-Out Raw Sensor CP,sensor_1,"[""sensor_0"", ""sensor_2""]",posterior
"[""sensor_0"", ""sensor_1"", ""sensor_2""]",sensor_0,toy_spatial,0,,93.0,5.273169128519645,5.273169128519645,5.273169128519645,0.7913,1.0,0.7913,0.7913,,,19.13301500594616,20000,20000,,,20000,,0.2,raw_normalized,row,raw_sensor,1.0,0.0,1.0,cyclic,Adaptive Held-Out Raw Sensor CP,sensor_2,"[""sensor_0"", ""sensor_1""]",posterior
"[""sensor_0"", ""sensor_1"", ""sensor_2""]",sensor_0,toy_spatial,0,,93.0,1.2815515655446008,,,0.78675,0.78675,,,,,4.305900096893311,20000,0,,0.0,20000,,0.2,none,,,,,,,Fused Posterior Predictive,,"[""sensor_0"", ""sensor_1"", ""sensor_2""]",
"[""sensor_0"", ""sensor_1"", ""sensor_2""]",sensor_0,toy_spatial,0,,94.0,1.324385643005371,1.324385643005371,1.324385643005371,0.7983,0.7983,,,,,4.451390330600739,20000,20000,,,20000,,0.2,model_normalized,row,reference,1.0,0.0,1.0,cyclic,Oracle Split Conformal,,"[""sensor_0"", ""sensor_1"", ""sensor_2""]",not_applicable
"[""sensor_0"", ""sensor_1"", ""sensor_2""]",sensor_0,toy_spatial,0,,94.0,1.8425646579304344,1.8425646579304344,1.8425646579304344,0.8022,0.93175,0.8022,0.8022,,,8.719834974563122,20000,20000,,,20000,,0.2,raw_normalized,row,raw_sensor,1.0,0.0,1.0,cyclic,Adaptive Held-Out Raw Sensor CP,sensor_0,"[""sensor_1"", ""sensor_2""]",posterior
"[""sensor_0"", ""sensor_1"", ""sensor_2""]",sensor_0,toy_spatial,0,,94.0,3.794766505095512,3.794766505095512,3.794766505095512,0.80115,0.99955,0.80115,0.80115,,,14.73817650219202,20000,20000,,,20000,,0.2,raw_normalized,row,raw_sensor,1.0,0.0,1.0,cyclic,Adaptive Held-Out Raw Sensor CP,sensor_1,"[""sensor_0"", ""sensor_2""]",posterior
"[""sensor_0"", ""sensor_1"", ""sensor_2""]",sensor_0,toy_spatial,0,,94.0,5.333187692629732,5.333187692629732,5.333187692629732,0.8006,1.0,0.8006,0.8006,,,19.35813168871403,20000,20000,,,20000,,0.2,raw_normalized,row,raw_sensor,1.0,0.0,1.0,cyclic,Adaptive Held-Out Raw Sensor CP,sensor_2,"[""sensor_0"", ""sensor_1""]",posterior
"[""sensor_0"", ""sensor_1"", ""sensor_2""]",sensor_0,toy_spatial,0,,94.0,1.2815515655446008,,,0.78395,0.78395,,,,,4.30742073059082,20000,0,,0.0,20000,,0.2,none,,,,,,,Fused Posterior Predictive,,"[""sensor_0"", ""sensor_1"", ""sensor_2""]",
"[""sensor_0"", ""sensor_1"", ""sensor_2""]",sensor_0,toy_spatial,0,,95.0,1.3262776136398315,1.3262776136398315,1.3262776136398315,0.7994,0.7994,,,,,4.456926947641373,20000,20000,,,20000,,0.2,model_normalized,row,reference,1.0,0.0,1.0,cyclic,Oracle Split Conformal,,"[""sensor_0"", ""sensor_1"", ""sensor_2""]",not_applicable
"[""sensor_0"", ""sensor_1"", ""sensor_2""]",sensor_0,toy_spatial,0,,95.0,1.8399686325362088,1.8399686325362088,1.8399686325362088,0.80085,0.93125,0.80085,0.80085,,,8.707806063115596,20000,20000,,,20000,,0.2,raw_normalized,row,raw_sensor,1.0,0.0,1.0,cyclic,Adaptive Held-Out Raw Sensor CP,sensor_0,"[""sensor_1"", ""sensor_2""]",posterior
"[""sensor_0"", ""sensor_1"", ""sensor_2""]",sensor_0,toy_spatial,0,,95.0,3.804120800595014,3.804120800595014,3.804120800595014,0.80325,0.9996,0.80325,0.80325,,,14.770405322122574,20000,20000,,,20000,,0.2,raw_normalized,row,raw_sensor,1.0,0.0,1.0,cyclic,Adaptive Held-Out Raw Sensor CP,sensor_1,"[""sensor_0"", ""sensor_2""]",posterior
"[""sensor_0"", ""sensor_1"", ""sensor_2""]",sensor_0,toy_spatial,0,,95.0,5.328354349126767,5.328354349126767,5.328354349126767,0.7997,1.0,0.7997,0.7997,,,19.336002933216093,20000,20000,,,20000,,0.2,raw_normalized,row,raw_sensor,1.0,0.0,1.0,cyclic,Adaptive Held-Out Raw Sensor CP,sensor_2,"[""sensor_0"", ""sensor_1""]",posterior
"[""sensor_0"", ""sensor_1"", ""sensor_2""]",sensor_0,toy_spatial,0,,95.0,1.2815515655446008,,,0.7843,0.7843,,,,,4.306625843048096,20000,0,,0.0,20000,,0.2,none,,,,,,,Fused Posterior Predictive,,"[""sensor_0"", ""sensor_1"", ""sensor_2""]",
"[""sensor_0"", ""sensor_1"", ""sensor_2""]",sensor_0,toy_spatial,0,,96.0,1.3185948133468628,1.3185948133468628,1.3185948133468628,0.7944,0.7944,,,,,4.431308894181251,20000,20000,,,20000,,0.2,model_normalized,row,reference,1.0,0.0,1.0,cyclic,Oracle Split Conformal,,"[""sensor_0"", ""sensor_1"", ""sensor_2""]",not_applicable
"[""sensor_0"", ""sensor_1"", ""sensor_2""]",sensor_0,toy_spatial,0,,96.0,1.8488584491015136,1.8488584491015136,1.8488584491015136,0.80535,0.9318,0.80535,0.80535,,,8.749015228927135,20000,20000,,,20000,,0.2,raw_normalized,row,raw_sensor,1.0,0.0,1.0,cyclic,Adaptive Held-Out Raw Sensor CP,sensor_0,"[""sensor_1"", ""sensor_2""]",posterior
"[""sensor_0"", ""sensor_1"", ""sensor_2""]",sensor_0,toy_spatial,0,,96.0,3.812251014507128,3.812251014507128,3.812251014507128,0.80525,0.9994,0.80525,0.80525,,,14.803659457600116,20000,20000,,,20000,,0.2,raw_normalized,row,raw_sensor,1.0,0.0,1.0,cyclic,Adaptive Held-Out Raw Sensor CP,sensor_1,"[""sensor_0"", ""sensor_2""]",posterior
"[""sensor_0"", ""sensor_1"", ""sensor_2""]",sensor_0,toy_spatial,0,,96.0,5.309605419390138,5.309605419390138,5.309605419390138,0.7968,1.0,0.7968,0.7968,,,19.26961208999157,20000,20000,,,20000,,0.2,raw_normalized,row,raw_sensor,1.0,0.0,1.0,cyclic,Adaptive Held-Out Raw Sensor CP,sensor_2,"[""sensor_0"", ""sensor_1""]",posterior
"[""sensor_0"", ""sensor_1"", ""sensor_2""]",sensor_0,toy_spatial,0,,96.0,1.2815515655446008,,,0.7822,0.7822,,,,,4.306820392608643,20000,0,,0.0,20000,,0.2,none,,,,,,,Fused Posterior Predictive,,"[""sensor_0"", ""sensor_1"", ""sensor_2""]",
"[""sensor_0"", ""sensor_1"", ""sensor_2""]",sensor_0,toy_spatial,0,,97.0,1.3328150510787964,1.3328150510787964,1.3328150510787964,0.80485,0.80485,,,,,4.479095099043846,20000,20000,,,20000,,0.2,model_normalized,row,reference,1.0,0.0,1.0,cyclic,Oracle Split Conformal,,"[""sensor_0"", ""sensor_1"", ""sensor_2""]",not_applicable
"[""sensor_0"", ""sensor_1"", ""sensor_2""]",sensor_0,toy_spatial,0,,97.0,1.842675377392242,1.842675377392242,1.842675377392242,0.80245,0.9324,0.80245,0.80245,,,8.720413293504715,20000,20000,,,20000,,0.2,raw_normalized,row,raw_sensor,1.0,0.0,1.0,cyclic,Adaptive Held-Out Raw Sensor CP,sensor_0,"[""sensor_1"", ""sensor_2""]",posterior
"[""sensor_0"", ""sensor_1"", ""sensor_2""]",sensor_0,toy_spatial,0,,97.0,3.814451174907959,3.814451174907959,3.814451174907959,0.8058,0.9996,0.8058,0.8058,,,14.811605054891109,20000,20000,,,20000,,0.2,raw_normalized,row,raw_sensor,1.0,0.0,1.0,cyclic,Adaptive Held-Out Raw Sensor CP,sensor_1,"[""sensor_0"", ""sensor_2""]",posterior
"[""sensor_0"", ""sensor_1"", ""sensor_2""]",sensor_0,toy_spatial,0,,97.0,5.396757199256549,5.396757199256549,5.396757199256549,0.8093,1.0,0.8093,0.8093,,,19.585620952129364,20000,20000,,,20000,,0.2,raw_normalized,row,raw_sensor,1.0,0.0,1.0,cyclic,Adaptive Held-Out Raw Sensor CP,sensor_2,"[""sensor_0"", ""sensor_1""]",posterior
"[""sensor_0"", ""sensor_1"", ""sensor_2""]",sensor_0,toy_spatial,0,,97.0,1.2815515655446008,,,0.78685,0.78685,,,,,4.306818008422852,20000,0,,0.0,20000,,0.2,none,,,,,,,Fused Posterior Predictive,,"[""sensor_0"", ""sensor_1"", ""sensor_2""]",
"[""sensor_0"", ""sensor_1"", ""sensor_2""]",sensor_0,toy_spatial,0,,98.0,1.327184796333313,1.327184796333313,1.327184796333313,0.80045,0.80045,,,,,4.45955639526844,20000,20000,,,20000,,0.2,model_normalized,row,reference,1.0,0.0,1.0,cyclic,Oracle Split Conformal,,"[""sensor_0"", ""sensor_1"", ""sensor_2""]",not_applicable
"[""sensor_0"", ""sensor_1"", ""sensor_2""]",sensor_0,toy_spatial,0,,98.0,1.84150425788674,1.84150425788674,1.84150425788674,0.80155,0.93125,0.80155,0.80155,,,8.71316028497219,20000,20000,,,20000,,0.2,raw_normalized,row,raw_sensor,1.0,0.0,1.0,cyclic,Adaptive Held-Out Raw Sensor CP,sensor_0,"[""sensor_1"", ""sensor_2""]",posterior
"[""sensor_0"", ""sensor_1"", ""sensor_2""]",sensor_0,toy_spatial,0,,98.0,3.7809703373089625,3.7809703373089625,3.7809703373089625,0.7973,0.9996,0.7973,0.7973,,,14.679994308865073,20000,20000,,,20000,,0.2,raw_normalized,row,raw_sensor,1.0,0.0,1.0,cyclic,Adaptive Held-Out Raw Sensor CP,sensor_1,"[""sensor_0"", ""sensor_2""]",posterior
"[""sensor_0"", ""sensor_1"", ""sensor_2""]",sensor_0,toy_spatial,0,,98.0,5.365507178772313,5.365507178772313,5.365507178772313,0.80455,1.0,0.80455,0.80455,,,19.46988931386471,20000,20000,,,20000,,0.2,raw_normalized,row,raw_sensor,1.0,0.0,1.0,cyclic,Adaptive Held-Out Raw Sensor CP,sensor_2,"[""sensor_0"", ""sensor_1""]",posterior
"[""sensor_0"", ""sensor_1"", ""sensor_2""]",sensor_0,toy_spatial,0,,98.0,1.2815515655446008,,,0.78435,0.78435,,,,,4.30622148513794,20000,0,,0.0,20000,,0.2,none,,,,,,,Fused Posterior Predictive,,"[""sensor_0"", ""sensor_1"", ""sensor_2""]",
"[""sensor_0"", ""sensor_1"", ""sensor_2""]",sensor_0,toy_spatial,0,,99.0,1.3383487462997437,1.3383487462997437,1.3383487462997437,0.80805,0.80805,,,,,4.497895223522186,20000,20000,,,20000,,0.2,model_normalized,row,reference,1.0,0.0,1.0,cyclic,Oracle Split Conformal,,"[""sensor_0"", ""sensor_1"", ""sensor_2""]",not_applicable
"[""sensor_0"", ""sensor_1"", ""sensor_2""]",sensor_0,toy_spatial,0,,99.0,1.8488199472597333,1.8488199472597333,1.8488199472597333,0.8053,0.9333,0.8053,0.8053,,,8.75098600691557,20000,20000,,,20000,,0.2,raw_normalized,row,raw_sensor,1.0,0.0,1.0,cyclic,Adaptive Held-Out Raw Sensor CP,sensor_0,"[""sensor_1"", ""sensor_2""]",posterior
"[""sensor_0"", ""sensor_1"", ""sensor_2""]",sensor_0,toy_spatial,0,,99.0,3.777472516556271,3.777472516556271,3.777472516556271,0.79655,0.99955,0.79655,0.79655,,,14.668104998064042,20000,20000,,,20000,,0.2,raw_normalized,row,raw_sensor,1.0,0.0,1.0,cyclic,Adaptive Held-Out Raw Sensor CP,sensor_1,"[""sensor_0"", ""sensor_2""]",posterior
"[""sensor_0"", ""sensor_1"", ""sensor_2""]",sensor_0,toy_spatial,0,,99.0,5.335050672565036,5.335050672565036,5.335050672565036,0.80095,1.0,0.80095,0.80095,,,19.361590107393265,20000,20000,,,20000,,0.2,raw_normalized,row,raw_sensor,1.0,0.0,1.0,cyclic,Adaptive Held-Out Raw Sensor CP,sensor_2,"[""sensor_0"", ""sensor_1""]",posterior
"[""sensor_0"", ""sensor_1"", ""sensor_2""]",sensor_0,toy_spatial,0,,99.0,1.2815515655446008,,,0.78855,0.78855,,,,,4.307012557983398,20000,0,,0.0,20000,,0.2,none,,,,,,,Fused Posterior Predictive,,"[""sensor_0"", ""sensor_1"", ""sensor_2""]",
"[""sensor_0"", ""sensor_1"", ""sensor_2""]",sensor_0,toy_spatial,1,,0.0,1.317975401878357,1.317975401878357,1.317975401878357,0.79235,0.79235,,,,,4.416612532281875,20000,20000,,,20000,,0.2,model_normalized,row,reference,1.0,0.0,1.0,cyclic,Oracle Split Conformal,,"[""sensor_0"", ""sensor_1"", ""sensor_2""]",not_applicable
"[""sensor_0"", ""sensor_1"", ""sensor_2""]",sensor_0,toy_spatial,1,,0.0,1.8047390002542112,1.8047390002542112,1.8047390002542112,0.7941,0.9259,0.7941,0.7941,,,8.562841282331943,20000,20000,,,20000,,0.2,raw_normalized,row,raw_sensor,1.0,0.0,1.0,cyclic,Adaptive Held-Out Raw Sensor CP,sensor_0,"[""sensor_1"", ""sensor_2""]",posterior
"[""sensor_0"", ""sensor_1"", ""sensor_2""]",sensor_0,toy_spatial,1,,0.0,3.784616448176207,3.784616448176207,3.784616448176207,0.80025,0.9996,0.80025,0.80025,,,14.628307061576844,20000,20000,,,20000,,0.2,raw_normalized,row,raw_sensor,1.0,0.0,1.0,cyclic,Adaptive Held-Out Raw Sensor CP,sensor_1,"[""sensor_0"", ""sensor_2""]",posterior
"[""sensor_0"", ""sensor_1"", ""sensor_2""]",sensor_0,toy_spatial,1,,0.0,5.320575009549751,5.320575009549751,5.320575009549751,0.79305,1.0,0.79305,0.79305,,,19.237965415811537,20000,20000,,,20000,,0.2,raw_normalized,row,raw_sensor,1.0,0.0,1.0,cyclic,Adaptive Held-Out Raw Sensor CP,sensor_2,"[""sensor_0"", ""sensor_1""]",posterior
"[""sensor_0"", ""sensor_1"", ""sensor_2""]",sensor_0,toy_spatial,1,,0.0,1.2815515655446008,,,0.7791,0.7791,,,,,4.294553756713867,20000,0,,0.0,20000,,0.2,none,,,,,,,Fused Posterior Predictive,,"[""sensor_0"", ""sensor_1"", ""sensor_2""]",
"[""sensor_0"", ""sensor_1"", ""sensor_2""]",sensor_0,toy_spatial,1,,1.0,1.330311298370361,1.330311298370361,1.330311298370361,0.80075,0.80075,,,,,4.458210757207871,20000,20000,,,20000,,0.2,model_normalized,row,reference,1.0,0.0,1.0,cyclic,Oracle Split Conformal,,"[""sensor_0"", ""sensor_1"", ""sensor_2""]",not_applicable
"[""sensor_0"", ""sensor_1"", ""sensor_2""]",sensor_0,toy_spatial,1,,1.0,1.8237889768249664,1.8237889768249664,1.8237889768249664,0.80405,0.93195,0.80405,0.80405,,,8.651738526797295,20000,20000,,,20000,,0.2,raw_normalized,row,raw_sensor,1.0,0.0,1.0,cyclic,Adaptive Held-Out Raw Sensor CP,sensor_0,"[""sensor_1"", ""sensor_2""]",posterior
"[""sensor_0"", ""sensor_1"", ""sensor_2""]",sensor_0,toy_spatial,1,,1.0,3.782663237755016,3.782663237755016,3.782663237755016,0.79995,0.9996,0.79995,0.79995,,,14.623127182805538,20000,20000,,,20000,,0.2,raw_normalized,row,raw_sensor,1.0,0.0,1.0,cyclic,Adaptive Held-Out Raw Sensor CP,sensor_1,"[""sensor_0"", ""sensor_2""]",posterior
"[""sensor_0"", ""sensor_1"", ""sensor_2""]",sensor_0,toy_spatial,1,,1.0,5.384778857266325,5.384778857266325,5.384778857266325,0.80435,1.0,0.80435,0.80435,,,19.47223662836552,20000,20000,,,20000,,0.2,raw_normalized,row,raw_sensor,1.0,0.0,1.0,cyclic,Adaptive Held-Out Raw Sensor CP,sensor_2,"[""sensor_0"", ""sensor_1""]",posterior
"[""sensor_0"", ""sensor_1"", ""sensor_2""]",sensor_0,toy_spatial,1,,1.0,1.2815515655446008,,,0.7848,0.7848,,,,,4.294804573059082,20000,0,,0.0,20000,,0.2,none,,,,,,,Fused Posterior Predictive,,"[""sensor_0"", ""sensor_1"", ""sensor_2""]",
"[""sensor_0"", ""sensor_1"", ""sensor_2""]",sensor_0,toy_spatial,1,,2.0,1.3334150314331057,1.3334150314331057,1.3334150314331057,0.80275,0.80275,,,,,4.468836709475517,20000,20000,,,20000,,0.2,model_normalized,row,reference,1.0,0.0,1.0,cyclic,Oracle Split Conformal,,"[""sensor_0"", ""sensor_1"", ""sensor_2""]",not_applicable
"[""sensor_0"", ""sensor_1"", ""sensor_2""]",sensor_0,toy_spatial,1,,2.0,1.8125198551731765,1.8125198551731765,1.8125198551731765,0.79845,0.92985,0.79845,0.79845,,,8.600261849021912,20000,20000,,,20000,,0.2,raw_normalized,row,raw_sensor,1.0,0.0,1.0,cyclic,Adaptive Held-Out Raw Sensor CP,sensor_0,"[""sensor_1"", ""sensor_2""]",posterior
"[""sensor_0"", ""sensor_1"", ""sensor_2""]",sensor_0,toy_spatial,1,,2.0,3.789306537575635,3.789306537575635,3.789306537575635,0.80145,0.9996,0.80145,0.80145,,,14.64800929414034,20000,20000,,,20000,,0.2,raw_normalized,row,raw_sensor,1.0,0.0,1.0,cyclic,Adaptive Held-Out Raw Sensor CP,sensor_1,"[""sensor_0"", ""sensor_2""]",posterior
"[""sensor_0"", ""sensor_1"", ""sensor_2""]",sensor_0,toy_spatial,1,,2.0,5.39313630990072,5.39313630990072,5.39313630990072,0.806,1.0,0.806,0.806,,,19.50264948375225,20000,20000,,,20000,,0.2,raw_normalized,row,raw_sensor,1.0,0.0,1.0,cyclic,Adaptive Held-Out Raw Sensor CP,sensor_2,"[""sensor_0"", ""sensor_1""]",posterior
"[""sensor_0"", ""sensor_1"", ""sensor_2""]",sensor_0,toy_spatial,1,,2.0,1.2815515655446008,,,0.78445,0.78445,,,,,4.29502010345459,20000,0,,0.0,20000,,0.2,none,,,,,,,Fused Posterior Predictive,,"[""sensor_0"", ""sensor_1"", ""sensor_2""]",
"[""sensor_0"", ""sensor_1"", ""sensor_2""]",sensor_0,toy_spatial,1,,3.0,1.3190178871154783,1.3190178871154783,1.3190178871154783,0.7934,0.7934,,,,,4.420056642889977,20000,20000,,,20000,,0.2,model_normalized,row,reference,1.0,0.0,1.0,cyclic,Oracle Split Conformal,,"[""sensor_0"", ""sensor_1"", ""sensor_2""]",not_applicable
"[""sensor_0"", ""sensor_1"", ""sensor_2""]",sensor_0,toy_spatial,1,,3.0,1.8144479447056112,1.8144479447056112,1.8144479447056112,0.7996,0.92715,0.7996,0.7996,,,8.608128097736836,20000,20000,,,20000,,0.2,raw_normalized,row,raw_sensor,1.0,0.0,1.0,cyclic,Adaptive Held-Out Raw Sensor CP,sensor_0,"[""sensor_1"", ""sensor_2""]",posterior
"[""sensor_0"", ""sensor_1"", ""sensor_2""]",sensor_0,toy_spatial,1,,3.0,3.776606689431054,3.776606689431054,3.776606689431054,0.7987,0.99955,0.7987,0.7987,,,14.59759282991886,20000,20000,,,20000,,0.2,raw_normalized,row,raw_sensor,1.0,0.0,1.0,cyclic,Adaptive Held-Out Raw Sensor CP,sensor_1,"[""sensor_0"", ""sensor_2""]",posterior
"[""sensor_0"", ""sensor_1"", ""sensor_2""]",sensor_0,toy_spatial,1,,3.0,5.412482206110088,5.412482206110088,5.412482206110088,0.80855,1.0,0.80855,0.80855,,,19.570293998646736,20000,20000,,,20000,,0.2,raw_normalized,row,raw_sensor,1.0,0.0,1.0,cyclic,Adaptive Held-Out Raw Sensor CP,sensor_2,"[""sensor_0"", ""sensor_1""]",posterior
"[""sensor_0"", ""sensor_1"", ""sensor_2""]",sensor_0,toy_spatial,1,,3.0,1.2815515655446008,,,0.77905,0.77905,,,,,4.294506549835205,20000,0,,0.0,20000,,0.2,none,,,,,,,Fused Posterior Predictive,,"[""sensor_0"", ""sensor_1"", ""sensor_2""]",
"[""sensor_0"", ""sensor_1"", ""sensor_2""]",sensor_0,toy_spatial,1,,4.0,1.3396060466766355,1.3396060466766355,1.3396060466766355,0.8065,0.8065,,,,,4.489313835287094,20000,20000,,,20000,,0.2,model_normalized,row,reference,1.0,0.0,1.0,cyclic,Oracle Split Conformal,,"[""sensor_0"", ""sensor_1"", ""sensor_2""]",not_applicable
"[""sensor_0"", ""sensor_1"", ""sensor_2""]",sensor_0,toy_spatial,1,,4.0,1.8188613608352957,1.8188613608352957,1.8188613608352957,0.8019,0.92965,0.8019,0.8019,,,8.629437593066692,20000,20000,,,20000,,0.2,raw_normalized,row,raw_sensor,1.0,0.0,1.0,cyclic,Adaptive Held-Out Raw Sensor CP,sensor_0,"[""sensor_1"", ""sensor_2""]",posterior
"[""sensor_0"", ""sensor_1"", ""sensor_2""]",sensor_0,toy_spatial,1,,4.0,3.803126121410017,3.803126121410017,3.803126121410017,0.8042,0.9995,0.8042,0.8042,,,14.700839945781231,20000,20000,,,20000,,0.2,raw_normalized,row,raw_sensor,1.0,0.0,1.0,cyclic,Adaptive Held-Out Raw Sensor CP,sensor_1,"[""sensor_0"", ""sensor_2""]",posterior
"[""sensor_0"", ""sensor_1"", ""sensor_2""]",sensor_0,toy_spatial,1,,4.0,5.366300972091263,5.366300972091263,5.366300972091263,0.8004,1.0,0.8004,0.8004,,,19.40464034626484,20000,20000,,,20000,,0.2,raw_normalized,row,raw_sensor,1.0,0.0,1.0,cyclic,Adaptive Held-Out Raw Sensor CP,sensor_2,"[""sensor_0"", ""sensor_1""]",posterior
"[""sensor_0"", ""sensor_1"", ""sensor_2""]",sensor_0,toy_spatial,1,,4.0,1.2815515655446008,,,0.7862,0.7862,,,,,4.294760704040527,20000,0,,0.0,20000,,0.2,none,,,,,,,Fused Posterior Predictive,,"[""sensor_0"", ""sensor_1"", ""sensor_2""]",
"[""sensor_0"", ""sensor_1"", ""sensor_2""]",sensor_0,toy_spatial,1,,5.0,1.3240444660186768,1.3240444660186768,1.3240444660186768,0.7967,0.7967,,,,,4.436972576165199,20000,20000,,,20000,,0.2,model_normalized,row,reference,1.0,0.0,1.0,cyclic,Oracle Split Conformal,,"[""sensor_0"", ""sensor_1"", ""sensor_2""]",not_applicable
"[""sensor_0"", ""sensor_1"", ""sensor_2""]",sensor_0,toy_spatial,1,,5.0,1.8251541123347177,1.8251541123347177,1.8251541123347177,0.80445,0.92855,0.80445,0.80445,,,8.659312495946883,20000,20000,,,20000,,0.2,raw_normalized,row,raw_sensor,1.0,0.0,1.0,cyclic,Adaptive Held-Out Raw Sensor CP,sensor_0,"[""sensor_1"", ""sensor_2""]",posterior
"[""sensor_0"", ""sensor_1"", ""sensor_2""]",sensor_0,toy_spatial,1,,5.0,3.785593058051364,3.785593058051364,3.785593058051364,0.80065,0.99965,0.80065,0.80065,,,14.632136262106895,20000,20000,,,20000,,0.2,raw_normalized,row,raw_sensor,1.0,0.0,1.0,cyclic,Adaptive Held-Out Raw Sensor CP,sensor_1,"[""sensor_0"", ""sensor_2""]",posterior
"[""sensor_0"", ""sensor_1"", ""sensor_2""]",sensor_0,toy_spatial,1,,5.0,5.387070669950578,5.387070669950578,5.387070669950578,0.80495,1.0,0.80495,0.80495,,,19.478879560041428,20000,20000,,,20000,,0.2,raw_normalized,row,raw_sensor,1.0,0.0,1.0,cyclic,Adaptive Held-Out Raw Sensor CP,sensor_2,"[""sensor_0"", ""sensor_1""]",posterior
"[""sensor_0"", ""sensor_1"", ""sensor_2""]",sensor_0,toy_spatial,1,,5.0,1.2815515655446008,,,0.7806,0.7806,,,,,4.2945756912231445,20000,0,,0.0,20000,,0.2,none,,,,,,,Fused Posterior Predictive,,"[""sensor_0"", ""sensor_1"", ""sensor_2""]",
"[""sensor_0"", ""sensor_1"", ""sensor_2""]",sensor_0,toy_spatial,1,,6.0,1.325994849205017,1.325994849205017,1.325994849205017,0.79785,0.79785,,,,,4.444114282226563,20000,20000,,,20000,,0.2,model_normalized,row,reference,1.0,0.0,1.0,cyclic,Oracle Split Conformal,,"[""sensor_0"", ""sensor_1"", ""sensor_2""]",not_applicable
"[""sensor_0"", ""sensor_1"", ""sensor_2""]",sensor_0,toy_spatial,1,,6.0,1.81670065899432,1.81670065899432,1.81670065899432,0.80105,0.92925,0.80105,0.80105,,,8.619820490658283,20000,20000,,,20000,,0.2,raw_normalized,row,raw_sensor,1.0,0.0,1.0,cyclic,Adaptive Held-Out Raw Sensor CP,sensor_0,"[""sensor_1"", ""sensor_2""]",posterior
"[""sensor_0"", ""sensor_1"", ""sensor_2""]",sensor_0,toy_spatial,1,,6.0,3.807356343375735,3.807356343375735,3.807356343375735,0.8049,0.99955,0.8049,0.8049,,,14.719047076010703,20000,20000,,,20000,,0.2,raw_normalized,row,raw_sensor,1.0,0.0,1.0,cyclic,Adaptive Held-Out Raw Sensor CP,sensor_1,"[""sensor_0"", ""sensor_2""]",posterior
"[""sensor_0"", ""sensor_1"", ""sensor_2""]",sensor_0,toy_spatial,1,,6.0,5.377874652573472,5.377874652573472,5.377874652573472,0.80265,1.0,0.80265,0.80265,,,19.44805318558216,20000,20000,,,20000,,0.2,raw_normalized,row,raw_sensor,1.0,0.0,1.0,cyclic,Adaptive Held-Out Raw Sensor CP,sensor_2,"[""sensor_0"", ""sensor_1""]",posterior
"[""sensor_0"", ""sensor_1"", ""sensor_2""]",sensor_0,toy_spatial,1,,6.0,1.2815515655446008,,,0.78115,0.78115,,,,,4.29516077041626,20000,0,,0.0,20000,,0.2,none,,,,,,,Fused Posterior Predictive,,"[""sensor_0"", ""sensor_1"", ""sensor_2""]",
"[""sensor_0"", ""sensor_1"", ""sensor_2""]",sensor_0,toy_spatial,1,,7.0,1.335232138633728,1.335232138633728,1.335232138633728,0.8034,0.8034,,,,,4.474502244639397,20000,20000,,,20000,,0.2,model_normalized,row,reference,1.0,0.0,1.0,cyclic,Oracle Split Conformal,,"[""sensor_0"", ""sensor_1"", ""sensor_2""]",not_applicable
"[""sensor_0"", ""sensor_1"", ""sensor_2""]",sensor_0,toy_spatial,1,,7.0,1.81179082622688,1.81179082622688,1.81179082622688,0.79745,0.9255,0.79745,0.79745,,,8.593512231969834,20000,20000,,,20000,,0.2,raw_normalized,row,raw_sensor,1.0,0.0,1.0,cyclic,Adaptive Held-Out Raw Sensor CP,sensor_0,"[""sensor_1"", ""sensor_2""]",posterior
"[""sensor_0"", ""sensor_1"", ""sensor_2""]",sensor_0,toy_spatial,1,,7.0,3.75414608888216,3.75414608888216,3.75414608888216,0.79335,0.9993,0.79335,0.79335,,,14.512958408129215,20000,20000,,,20000,,0.2,raw_normalized,row,raw_sensor,1.0,0.0,1.0,cyclic,Adaptive Held-Out Raw Sensor CP,sensor_1,"[""sensor_0"", ""sensor_2""]",posterior
"[""sensor_0"", ""sensor_1"", ""sensor_2""]",sensor_0,toy_spatial,1,,7.0,5.390950816454351,5.390950816454351,5.390950816454351,0.8057,1.0,0.8057,0.8057,,,19.49425858962536,20000,20000,,,20000,,0.2,raw_normalized,row,raw_sensor,1.0,0.0,1.0,cyclic,Adaptive Held-Out Raw Sensor CP,sensor_2,"[""sensor_0"", ""sensor_1""]",posterior
"[""sensor_0"", ""sensor_1"", ""sensor_2""]",sensor_0,toy_spatial,1,,7.0,1.2815515655446008,,,0.7835,0.7835,,,,,4.294612884521484,20000,0,,0.0,20000,,0.2,none,,,,,,,Fused Posterior Predictive,,"[""sensor_0"", ""sensor_1"", ""sensor_2""]",
"[""sensor_0"", ""sensor_1"", ""sensor_2""]",sensor_0,toy_spatial,1,,8.0,1.311905860900879,1.311905860900879,1.311905860900879,0.78805,0.78805,,,,,4.396779982876778,20000,20000,,,20000,,0.2,model_normalized,row,reference,1.0,0.0,1.0,cyclic,Oracle Split Conformal,,"[""sensor_0"", ""sensor_1"", ""sensor_2""]",not_applicable
"[""sensor_0"", ""sensor_1"", ""sensor_2""]",sensor_0,toy_spatial,1,,8.0,1.8132033829333856,1.8132033829333856,1.8132033829333856,0.79875,0.92635,0.79875,0.79875,,,8.601795209932327,20000,20000,,,20000,,0.2,raw_normalized,row,raw_sensor,1.0,0.0,1.0,cyclic,Adaptive Held-Out Raw Sensor CP,sensor_0,"[""sensor_1"", ""sensor_2""]",posterior
"[""sensor_0"", ""sensor_1"", ""sensor_2""]",sensor_0,toy_spatial,1,,8.0,3.750060370258097,3.750060370258097,3.750060370258097,0.79185,0.9994,0.79185,0.79185,,,14.498066933238508,20000,20000,,,20000,,0.2,raw_normalized,row,raw_sensor,1.0,0.0,1.0,cyclic,Adaptive Held-Out Raw Sensor CP,sensor_1,"[""sensor_0"", ""sensor_2""]",posterior
"[""sensor_0"", ""sensor_1"", ""sensor_2""]",sensor_0,toy_spatial,1,,8.0,5.339612540348751,5.339612540348751,5.339612540348751,0.79595,1.0,0.79595,0.79595,,,19.31014649386406,20000,20000,,,20000,,0.2,raw_normalized,row,raw_sensor,1.0,0.0,1.0,cyclic,Adaptive Held-Out Raw Sensor CP,sensor_2,"[""sensor_0"", ""sensor_1""]",posterior
"[""sensor_0"", ""sensor_1"", ""sensor_2""]",sensor_0,toy_spatial,1,,8.0,1.2815515655446008,,,0.7769,0.7769,,,,,4.295049667358398,20000,0,,0.0,20000,,0.2,none,,,,,,,Fused Posterior Predictive,,"[""sensor_0"", ""sensor_1"", ""sensor_2""]",
"[""sensor_0"", ""sensor_1"", ""sensor_2""]",sensor_0,toy_spatial,1,,9.0,1.325223445892334,1.325223445892334,1.325223445892334,0.7973,0.7973,,,,,4.440774900007248,20000,20000,,,20000,,0.2,model_normalized,row,reference,1.0,0.0,1.0,cyclic,Oracle Split Conformal,,"[""sensor_0"", ""sensor_1"", ""sensor_2""]",not_applicable
"[""sensor_0"", ""sensor_1"", ""sensor_2""]",sensor_0,toy_spatial,1,,9.0,1.8105604357415104,1.8105604357415104,1.8105604357415104,0.7968,0.92835,0.7968,0.7968,,,8.590140302658082,20000,20000,,,20000,,0.2,raw_normalized,row,raw_sensor,1.0,0.0,1.0,cyclic,Adaptive Held-Out Raw Sensor CP,sensor_0,"[""sensor_1"", ""sensor_2""]",posterior
"[""sensor_0"", ""sensor_1"", ""sensor_2""]",sensor_0,toy_spatial,1,,9.0,3.774732310616715,3.774732310616715,3.774732310616715,0.79825,0.9997,0.79825,0.79825,,,14.589540526664257,20000,20000,,,20000,,0.2,raw_normalized,row,raw_sensor,1.0,0.0,1.0,cyclic,Adaptive Held-Out Raw Sensor CP,sensor_1,"[""sensor_0"", ""sensor_2""]",posterior
"[""sensor_0"", ""sensor_1"", ""sensor_2""]",sensor_0,toy_spatial,1,,9.0,5.369702817432187,5.369702817432187,5.369702817432187,0.8011,1.0,0.8011,0.8011,,,19.41511303584576,20000,20000,,,20000,,0.2,raw_normalized,row,raw_sensor,1.0,0.0,1.0,cyclic,Adaptive Held-Out Raw Sensor CP,sensor_2,"[""sensor_0"", ""sensor_1""]",posterior
"[""sensor_0"", ""sensor_1"", ""sensor_2""]",sensor_0,toy_spatial,1,,9.0,1.2815515655446008,,,0.78215,0.78215,,,,,4.294432163238525,20000,0,,0.0,20000,,0.2,none,,,,,,,Fused Posterior Predictive,,"[""sensor_0"", ""sensor_1"", ""sensor_2""]",
"[""sensor_0"", ""sensor_1"", ""sensor_2""]",sensor_0,toy_spatial,1,,10.0,1.3240444660186768,1.3240444660186768,1.3240444660186768,0.7967,0.7967,,,,,4.436710029029846,20000,20000,,,20000,,0.2,model_normalized,row,reference,1.0,0.0,1.0,cyclic,Oracle Split Conformal,,"[""sensor_0"", ""sensor_1"", ""sensor_2""]",not_applicable
"[""sensor_0"", ""sensor_1"", ""sensor_2""]",sensor_0,toy_spatial,1,,10.0,1.8120145321898715,1.8120145321898715,1.8120145321898715,0.7978,0.9266,0.7978,0.7978,,,8.596727096354961,20000,20000,,,20000,,0.2,raw_normalized,row,raw_sensor,1.0,0.0,1.0,cyclic,Adaptive Held-Out Raw Sensor CP,sensor_0,"[""sensor_1"", ""sensor_2""]",posterior
"[""sensor_0"", ""sensor_1"", ""sensor_2""]",sensor_0,toy_spatial,1,,10.0,3.7687234342130393,3.7687234342130393,3.7687234342130393,0.797,0.99965,0.797,0.797,,,14.565412108075618,20000,20000,,,20000,,0.2,raw_normalized,row,raw_sensor,1.0,0.0,1.0,cyclic,Adaptive Held-Out Raw Sensor CP,sensor_1,"[""sensor_0"", ""sensor_2""]",posterior
"[""sensor_0"", ""sensor_1"", ""sensor_2""]",sensor_0,toy_spatial,1,,10.0,5.35592051912607,5.35592051912607,5.35592051912607,0.7988,1.0,0.7988,0.7988,,,19.364814378714563,20000,20000,,,20000,,0.2,raw_normalized,row,raw_sensor,1.0,0.0,1.0,cyclic,Adaptive Held-Out Raw Sensor CP,sensor_2,"[""sensor_0"", ""sensor_1""]",posterior
"[""sensor_0"", ""sensor_1"", ""sensor_2""]",sensor_0,toy_spatial,1,,10.0,1.2815515655446008,,,0.7807,0.7807,,,,,4.2943220138549805,20000,0,,0.0,20000,,0.2,none,,,,,,,Fused Posterior Predictive,,"[""sensor_0"", ""sensor_1"", ""sensor_2""]",
"[""sensor_0"", ""sensor_1"", ""sensor_2""]",sensor_0,toy_spatial,1,,11.0,1.3422476053237915,1.3422476053237915,1.3422476053237915,0.8082,0.8082,,,,,4.498546337366104,20000,20000,,,20000,,0.2,model_normalized,row,reference,1.0,0.0,1.0,cyclic,Oracle Split Conformal,,"[""sensor_0"", ""sensor_1"", ""sensor_2""]",not_applicable
"[""sensor_0"", ""sensor_1"", ""sensor_2""]",sensor_0,toy_spatial,1,,11.0,1.82642895220524,1.82642895220524,1.82642895220524,0.80555,0.9313,0.80555,0.80555,,,8.665751415789128,20000,20000,,,20000,,0.2,raw_normalized,row,raw_sensor,1.0,0.0,1.0,cyclic,Adaptive Held-Out Raw Sensor CP,sensor_0,"[""sensor_1"", ""sensor_2""]",posterior
"[""sensor_0"", ""sensor_1"", ""sensor_2""]",sensor_0,toy_spatial,1,,11.0,3.7892756396316254,3.7892756396316254,3.7892756396316254,0.8014,0.9997,0.8014,0.8014,,,14.648887216615677,20000,20000,,,20000,,0.2,raw_normalized,row,raw_sensor,1.0,0.0,1.0,cyclic,Adaptive Held-Out Raw Sensor CP,sensor_1,"[""sensor_0"", ""sensor_2""]",posterior
"[""sensor_0"", ""sensor_1"", ""sensor_2""]",sensor_0,toy_spatial,1,,11.0,5.38108130084691,5.38108130084691,5.38108130084691,0.80335,1.0,0.80335,0.80335,,,19.459571795988083,20000,20000,,,20000,,0.2,raw_normalized,row,raw_sensor,1.0,0.0,1.0,cyclic,Adaptive Held-Out Raw Sensor CP,sensor_2,"[""sensor_0"", ""sensor_1""]",posterior
"[""sensor_0"", ""sensor_1"", ""sensor_2""]",sensor_0,toy_spatial,1,,11.0,1.2815515655446008,,,0.78605,0.78605,,,,,4.29512357711792,20000,0,,0.0,20000,,0.2,none,,,,,,,Fused Posterior Predictive,,"[""sensor_0"", ""sensor_1"", ""sensor_2""]",
"[""sensor_0"", ""sensor_1"", ""sensor_2""]",sensor_0,toy_spatial,1,,12.0,1.3303543329238892,1.3303543329238892,1.3303543329238892,0.8008,0.8008,,,,,4.458373736333847,20000,20000,,,20000,,0.2,model_normalized,row,reference,1.0,0.0,1.0,cyclic,Oracle Split Conformal,,"[""sensor_0"", ""sensor_1"", ""sensor_2""]",not_applicable
"[""sensor_0"", ""sensor_1"", ""sensor_2""]",sensor_0,toy_spatial,1,,12.0,1.8214070913370952,1.8214070913370952,1.8214070913370952,0.80345,0.9293,0.80345,0.80345,,,8.641604698204993,20000,20000,,,20000,,0.2,raw_normalized,row,raw_sensor,1.0,0.0,1.0,cyclic,Adaptive Held-Out Raw Sensor CP,sensor_0,"[""sensor_1"", ""sensor_2""]",posterior
"[""sensor_0"", ""sensor_1"", ""sensor_2""]",sensor_0,toy_spatial,1,,12.0,3.760387371642569,3.760387371642569,3.760387371642569,0.79515,0.9993,0.79515,0.79515,,,14.536033698940278,20000,20000,,,20000,,0.2,raw_normalized,row,raw_sensor,1.0,0.0,1.0,cyclic,Adaptive Held-Out Raw Sensor CP,sensor_1,"[""sensor_0"", ""sensor_2""]",posterior
"[""sensor_0"", ""sensor_1"", ""sensor_2""]",sensor_0,toy_spatial,1,,12.0,5.353660862753935,5.353660862753935,5.353660862753935,0.7984,1.0,0.7984,0.7984,,,19.35905295250416,20000,20000,,,20000,,0.2,raw_normalized,row,raw_sensor,1.0,0.0,1.0,cyclic,Adaptive Held-Out Raw Sensor CP,sensor_2,"[""sensor_0"", ""sensor_1""]",posterior
"[""sensor_0"", ""sensor_1"", ""sensor_2""]",sensor_0,toy_spatial,1,,12.0,1.2815515655446008,,,0.7831,0.7831,,,,,4.294822692871094,20000,0,,0.0,20000,,0.2,none,,,,,,,Fused Posterior Predictive,,"[""sensor_0"", ""sensor_1"", ""sensor_2""]",
"[""sensor_0"", ""sensor_1"", ""sensor_2""]",sensor_0,toy_spatial,1,,13.0,1.328831434249878,1.328831434249878,1.328831434249878,0.7997,0.7997,,,,,4.453633739948272,20000,20000,,,20000,,0.2,model_normalized,row,reference,1.0,0.0,1.0,cyclic,Oracle Split Conformal,,"[""sensor_0"", ""sensor_1"", ""sensor_2""]",not_applicable
"[""sensor_0"", ""sensor_1"", ""sensor_2""]",sensor_0,toy_spatial,1,,13.0,1.8148158144844824,1.8148158144844824,1.8148158144844824,0.7997,0.92895,0.7997,0.7997,,,8.611796894061566,20000,20000,,,20000,,0.2,raw_normalized,row,raw_sensor,1.0,0.0,1.0,cyclic,Adaptive Held-Out Raw Sensor CP,sensor_0,"[""sensor_1"", ""sensor_2""]",posterior
"[""sensor_0"", ""sensor_1"", ""sensor_2""]",sensor_0,toy_spatial,1,,13.0,3.785064606381349,3.785064606381349,3.785064606381349,0.80045,0.99955,0.80045,0.80045,,,14.63241376720667,20000,20000,,,20000,,0.2,raw_normalized,row,raw_sensor,1.0,0.0,1.0,cyclic,Adaptive Held-Out Raw Sensor CP,sensor_1,"[""sensor_0"", ""sensor_2""]",posterior
"[""sensor_0"", ""sensor_1"", ""sensor_2""]",sensor_0,toy_spatial,1,,13.0,5.344329294032368,5.344329294032368,5.344329294032368,0.79645,1.0,0.79645,0.79645,,,19.326591365695,20000,20000,,,20000,,0.2,raw_normalized,row,raw_sensor,1.0,0.0,1.0,cyclic,Adaptive Held-Out Raw Sensor CP,sensor_2,"[""sensor_0"", ""sensor_1""]",posterior
"[""sensor_0"", ""sensor_1"", ""sensor_2""]",sensor_0,toy_spatial,1,,13.0,1.2815515655446008,,,0.7815,0.7815,,,,,4.295173645019531,20000,0,,0.0,20000,,0.2,none,,,,,,,Fused Posterior Predictive,,"[""sensor_0"", ""sensor_1"", ""sensor_2""]",
"[""sensor_0"", ""sensor_1"", ""sensor_2""]",sensor_0,toy_spatial,1,,14.0,1.3374099731445312,1.3374099731445312,1.3374099731445312,0.8049,0.8049,,,,,4.482214866781235,20000,20000,,,20000,,0.2,model_normalized,row,reference,1.0,0.0,1.0,cyclic,Oracle Split Conformal,,"[""sensor_0"", ""sensor_1"", ""sensor_2""]",not_applicable
"[""sensor_0"", ""sensor_1"", ""sensor_2""]",sensor_0,toy_spatial,1,,14.0,1.8179977161205665,1.8179977161205665,1.8179977161205665,0.80145,0.9316,0.80145,0.80145,,,8.62581292386055,20000,20000,,,20000,,0.2,raw_normalized,row,raw_sensor,1.0,0.0,1.0,cyclic,Adaptive Held-Out Raw Sensor CP,sensor_0,"[""sensor_1"", ""sensor_2""]",posterior
"[""sensor_0"", ""sensor_1"", ""sensor_2""]",sensor_0,toy_spatial,1,,14.0,3.762663793212784,3.762663793212784,3.762663793212784,0.79575,0.99955,0.79575,0.79575,,,14.54562486833334,20000,20000,,,20000,,0.2,raw_normalized,row,raw_sensor,1.0,0.0,1.0,cyclic,Adaptive Held-Out Raw Sensor CP,sensor_1,"[""sensor_0"", ""sensor_2""]",posterior
"[""sensor_0"", ""sensor_1"", ""sensor_2""]",sensor_0,toy_spatial,1,,14.0,5.362945247850237,5.362945247850237,5.362945247850237,0.8,1.0,0.8,0.8,,,19.393464086318016,20000,20000,,,20000,,0.2,raw_normalized,row,raw_sensor,1.0,0.0,1.0,cyclic,Adaptive Held-Out Raw Sensor CP,sensor_2,"[""sensor_0"", ""sensor_1""]",posterior
"[""sensor_0"", ""sensor_1"", ""sensor_2""]",sensor_0,toy_spatial,1,,14.0,1.2815515655446008,,,0.78405,0.78405,,,,,4.295010089874268,20000,0,,0.0,20000,,0.2,none,,,,,,,Fused Posterior Predictive,,"[""sensor_0"", ""sensor_1"", ""sensor_2""]",
"[""sensor_0"", ""sensor_1"", ""sensor_2""]",sensor_0,toy_spatial,1,,15.0,1.3312538862228394,1.3312538862228394,1.3312538862228394,0.8015,0.8015,,,,,4.460725934767723,20000,20000,,,20000,,0.2,model_normalized,row,reference,1.0,0.0,1.0,cyclic,Oracle Split Conformal,,"[""sensor_0"", ""sensor_1"", ""sensor_2""]",not_applicable
"[""sensor_0"", ""sensor_1"", ""sensor_2""]",sensor_0,toy_spatial,1,,15.0,1.79930746442091,1.79930746442091,1.79930746442091,0.79125,0.9253,0.79125,0.79125,,,8.53482723338604,20000,20000,,,20000,,0.2,raw_normalized,row,raw_sensor,1.0,0.0,1.0,cyclic,Adaptive Held-Out Raw Sensor CP,sensor_0,"[""sensor_1"", ""sensor_2""]",posterior
"[""sensor_0"", ""sensor_1"", ""sensor_2""]",sensor_0,toy_spatial,1,,15.0,3.780765300588561,3.780765300588561,3.780765300588561,0.7994,0.99955,0.7994,0.7994,,,14.613078278005124,20000,20000,,,20000,,0.2,raw_normalized,row,raw_sensor,1.0,0.0,1.0,cyclic,Adaptive Held-Out Raw Sensor CP,sensor_1,"[""sensor_0"", ""sensor_2""]",posterior
"[""sensor_0"", ""sensor_1"", ""sensor_2""]",sensor_0,toy_spatial,1,,15.0,5.3464740523588175,5.3464740523588175,5.3464740523588175,0.79725,1.0,0.79725,0.79725,,,19.33106720030308,20000,20000,,,20000,,0.2,raw_normalized,row,raw_sensor,1.0,0.0,1.0,cyclic,Adaptive Held-Out Raw Sensor CP,sensor_2,"[""sensor_0"", ""sensor_1""]",posterior
"[""sensor_0"", ""sensor_1"", ""sensor_2""]",sensor_0,toy_spatial,1,,15.0,1.2815515655446008,,,0.78375,0.78375,,,,,4.294185161590576,20000,0,,0.0,20000,,0.2,none,,,,,,,Fused Posterior Predictive,,"[""sensor_0"", ""sensor_1"", ""sensor_2""]",
"[""sensor_0"", ""sensor_1"", ""sensor_2""]",sensor_0,toy_spatial,1,,16.0,1.3418158292770386,1.3418158292770386,1.3418158292770386,0.8079,0.8079,,,,,4.497832817220688,20000,20000,,,20000,,0.2,model_normalized,row,reference,1.0,0.0,1.0,cyclic,Oracle Split Conformal,,"[""sensor_0"", ""sensor_1"", ""sensor_2""]",not_applicable
"[""sensor_0"", ""sensor_1"", ""sensor_2""]",sensor_0,toy_spatial,1,,16.0,1.8143570207389803,1.8143570207389803,1.8143570207389803,0.7995,0.93055,0.7995,0.7995,,,8.608347032499314,20000,20000,,,20000,,0.2,raw_normalized,row,raw_sensor,1.0,0.0,1.0,cyclic,Adaptive Held-Out Raw Sensor CP,sensor_0,"[""sensor_1"", ""sensor_2""]",posterior
"[""sensor_0"", ""sensor_1"", ""sensor_2""]",sensor_0,toy_spatial,1,,16.0,3.768869579461259,3.768869579461259,3.768869579461259,0.7971,0.99965,0.7971,0.7971,,,14.573281737077236,20000,20000,,,20000,,0.2,raw_normalized,row,raw_sensor,1.0,0.0,1.0,cyclic,Adaptive Held-Out Raw Sensor CP,sensor_1,"[""sensor_0"", ""sensor_2""]",posterior
"[""sensor_0"", ""sensor_1"", ""sensor_2""]",sensor_0,toy_spatial,1,,16.0,5.367032286044047,5.367032286044047,5.367032286044047,0.8005,1.0,0.8005,0.8005,,,19.41252675254345,20000,20000,,,20000,,0.2,raw_normalized,row,raw_sensor,1.0,0.0,1.0,cyclic,Adaptive Held-Out Raw Sensor CP,sensor_2,"[""sensor_0"", ""sensor_1""]",posterior
"[""sensor_0"", ""sensor_1"", ""sensor_2""]",sensor_0,toy_spatial,1,,16.0,1.2815515655446008,,,0.78685,0.78685,,,,,4.29582405090332,20000,0,,0.0,20000,,0.2,none,,,,,,,Fused Posterior Predictive,,"[""sensor_0"", ""sensor_1"", ""sensor_2""]",
"[""sensor_0"", ""sensor_1"", ""sensor_2""]",sensor_0,toy_spatial,1,,17.0,1.3282965421676636,1.3282965421676636,1.3282965421676636,0.7994,0.7994,,,,,4.4510483744859695,20000,20000,,,20000,,0.2,model_normalized,row,reference,1.0,0.0,1.0,cyclic,Oracle Split Conformal,,"[""sensor_0"", ""sensor_1"", ""sensor_2""]",not_applicable
"[""sensor_0"", ""sensor_1"", ""sensor_2""]",sensor_0,toy_spatial,1,,17.0,1.8237203281013512,1.8237203281013512,1.8237203281013512,0.804,0.9282,0.804,0.804,,,8.651115318167209,20000,20000,,,20000,,0.2,raw_normalized,row,raw_sensor,1.0,0.0,1.0,cyclic,Adaptive Held-Out Raw Sensor CP,sensor_0,"[""sensor_1"", ""sensor_2""]",posterior
"[""sensor_0"", ""sensor_1"", ""sensor_2""]",sensor_0,toy_spatial,1,,17.0,3.769056098516188,3.769056098516188,3.769056098516188,0.79715,0.9996,0.79715,0.79715,,,14.568677199971676,20000,20000,,,20000,,0.2,raw_normalized,row,raw_sensor,1.0,0.0,1.0,cyclic,Adaptive Held-Out Raw Sensor CP,sensor_1,"[""sensor_0"", ""sensor_2""]",posterior
"[""sensor_0"", ""sensor_1"", ""sensor_2""]",sensor_0,toy_spatial,1,,17.0,5.377874652573472,5.377874652573472,5.377874652573472,0.80265,1.0,0.80265,0.80265,,,19.445334236431123,20000,20000,,,20000,,0.2,raw_normalized,row,raw_sensor,1.0,0.0,1.0,cyclic,Adaptive Held-Out Raw Sensor CP,sensor_2,"[""sensor_0"", ""sensor_1""]",posterior
"[""sensor_0"", ""sensor_1"", ""sensor_2""]",sensor_0,toy_spatial,1,,17.0,1.2815515655446008,,,0.78135,0.78135,,,,,4.294408798217773,20000,0,,0.0,20000,,0.2,none,,,,,,,Fused Posterior Predictive,,"[""sensor_0"", ""sensor_1"", ""sensor_2""]",
"[""sensor_0"", ""sensor_1"", ""sensor_2""]",sensor_0,toy_spatial,1,,18.0,1.3340848684310913,1.3340848684310913,1.3340848684310913,0.80305,0.80305,,,,,4.471078788876533,20000,20000,,,20000,,0.2,model_normalized,row,reference,1.0,0.0,1.0,cyclic,Oracle Split Conformal,,"[""sensor_0"", ""sensor_1"", ""sensor_2""]",not_applicable
"[""sensor_0"", ""sensor_1"", ""sensor_2""]",sensor_0,toy_spatial,1,,18.0,1.8189577851330447,1.8189577851330447,1.8189577851330447,0.80195,0.93025,0.80195,0.80195,,,8.631080193531513,20000,20000,,,20000,,0.2,raw_normalized,row,raw_sensor,1.0,0.0,1.0,cyclic,Adaptive Held-Out Raw Sensor CP,sensor_0,"[""sensor_1"", ""sensor_2""]",posterior
"[""sensor_0"", ""sensor_1"", ""sensor_2""]",sensor_0,toy_spatial,1,,18.0,3.7857838044237577,3.7857838044237577,3.7857838044237577,0.8008,0.9995,0.8008,0.8008,,,14.634255972290038,20000,20000,,,20000,,0.2,raw_normalized,row,raw_sensor,1.0,0.0,1.0,cyclic,Adaptive Held-Out Raw Sensor CP,sensor_1,"[""sensor_0"", ""sensor_2""]",posterior
"[""sensor_0"", ""sensor_1"", ""sensor_2""]",sensor_0,toy_spatial,1,,18.0,5.367170054203029,5.367170054203029,5.367170054203029,0.8006,1.0,0.8006,0.8006,,,19.408276533031465,20000,20000,,,20000,,0.2,raw_normalized,row,raw_sensor,1.0,0.0,1.0,cyclic,Adaptive Held-Out Raw Sensor CP,sensor_2,"[""sensor_0"", ""sensor_1""]",posterior
"[""sensor_0"", ""sensor_1"", ""sensor_2""]",sensor_0,toy_spatial,1,,18.0,1.2815515655446008,,,0.7833,0.7833,,,,,4.295018196105957,20000,0,,0.0,20000,,0.2,none,,,,,,,Fused Posterior Predictive,,"[""sensor_0"", ""sensor_1"", ""sensor_2""]",
"[""sensor_0"", ""sensor_1"", ""sensor_2""]",sensor_0,toy_spatial,1,,19.0,1.3311896324157717,1.3311896324157717,1.3311896324157717,0.8014,0.8014,,,,,4.461909103417397,20000,20000,,,20000,,0.2,model_normalized,row,reference,1.0,0.0,1.0,cyclic,Oracle Split Conformal,,"[""sensor_0"", ""sensor_1"", ""sensor_2""]",not_applicable
"[""sensor_0"", ""sensor_1"", ""sensor_2""]",sensor_0,toy_spatial,1,,19.0,1.803983743709775,1.803983743709775,1.803983743709775,0.79385,0.9269,0.79385,0.79385,,,8.560217393934726,20000,20000,,,20000,,0.2,raw_normalized,row,raw_sensor,1.0,0.0,1.0,cyclic,Adaptive Held-Out Raw Sensor CP,sensor_0,"[""sensor_1"", ""sensor_2""]",posterior
"[""sensor_0"", ""sensor_1"", ""sensor_2""]",sensor_0,toy_spatial,1,,19.0,3.818347483586911,3.818347483586911,3.818347483586911,0.80795,0.99975,0.80795,0.80795,,,14.762932500088215,20000,20000,,,20000,,0.2,raw_normalized,row,raw_sensor,1.0,0.0,1.0,cyclic,Adaptive Held-Out Raw Sensor CP,sensor_1,"[""sensor_0"", ""sensor_2""]",posterior
"[""sensor_0"", ""sensor_1"", ""sensor_2""]",sensor_0,toy_spatial,1,,19.0,5.38633545003337,5.38633545003337,5.38633545003337,0.80465,1.0,0.80465,0.80465,,,19.48025851550102,20000,20000,,,20000,,0.2,raw_normalized,row,raw_sensor,1.0,0.0,1.0,cyclic,Adaptive Held-Out Raw Sensor CP,sensor_2,"[""sensor_0"", ""sensor_1""]",posterior
"[""sensor_0"", ""sensor_1"", ""sensor_2""]",sensor_0,toy_spatial,1,,19.0,1.2815515655446008,,,0.7843,0.7843,,,,,4.295531272888184,20000,0,,0.0,20000,,0.2,none,,,,,,,Fused Posterior Predictive,,"[""sensor_0"", ""sensor_1"", ""sensor_2""]",
"[""sensor_0"", ""sensor_1"", ""sensor_2""]",sensor_0,toy_spatial,1,,20.0,1.3254660367965698,1.3254660367965698,1.3254660367965698,0.79755,0.79755,,,,,4.441963095641136,20000,20000,,,20000,,0.2,model_normalized,row,reference,1.0,0.0,1.0,cyclic,Oracle Split Conformal,,"[""sensor_0"", ""sensor_1"", ""sensor_2""]",not_applicable
"[""sensor_0"", ""sensor_1"", ""sensor_2""]",sensor_0,toy_spatial,1,,20.0,1.813545918032776,1.813545918032776,1.813545918032776,0.79885,0.92865,0.79885,0.79885,,,8.604429662191867,20000,20000,,,20000,,0.2,raw_normalized,row,raw_sensor,1.0,0.0,1.0,cyclic,Adaptive Held-Out Raw Sensor CP,sensor_0,"[""sensor_1"", ""sensor_2""]",posterior
"[""sensor_0"", ""sensor_1"", ""sensor_2""]",sensor_0,toy_spatial,1,,20.0,3.783089697770042,3.783089697770042,3.783089697770042,0.8001,0.9997,0.8001,0.8001,,,14.623509882855416,20000,20000,,,20000,,0.2,raw_normalized,row,raw_sensor,1.0,0.0,1.0,cyclic,Adaptive Held-Out Raw Sensor CP,sensor_1,"[""sensor_0"", ""sensor_2""]",posterior
"[""sensor_0"", ""sensor_1"", ""sensor_2""]",sensor_0,toy_spatial,1,,20.0,5.3619431716759145,5.3619431716759145,5.3619431716759145,0.79985,1.0,0.79985,0.79985,,,19.388945086884497,20000,20000,,,20000,,0.2,raw_normalized,row,raw_sensor,1.0,0.0,1.0,cyclic,Adaptive Held-Out Raw Sensor CP,sensor_2,"[""sensor_0"", ""sensor_1""]",posterior
"[""sensor_0"", ""sensor_1"", ""sensor_2""]",sensor_0,toy_spatial,1,,20.0,1.2815515655446008,,,0.7817,0.7817,,,,,4.294795513153076,20000,0,,0.0,20000,,0.2,none,,,,,,,Fused Posterior Predictive,,"[""sensor_0"", ""sensor_1"", ""sensor_2""]",
"[""sensor_0"", ""sensor_1"", ""sensor_2""]",sensor_0,toy_spatial,1,,21.0,1.3243860006332395,1.3243860006332395,1.3243860006332395,0.79695,0.79695,,,,,4.4379774060726165,20000,20000,,,20000,,0.2,model_normalized,row,reference,1.0,0.0,1.0,cyclic,Oracle Split Conformal,,"[""sensor_0"", ""sensor_1"", ""sensor_2""]",not_applicable
"[""sensor_0"", ""sensor_1"", ""sensor_2""]",sensor_0,toy_spatial,1,,21.0,1.8186638033083269,1.8186638033083269,1.8186638033083269,0.80185,0.9288,0.80185,0.80185,,,8.628123191607,20000,20000,,,20000,,0.2,raw_normalized,row,raw_sensor,1.0,0.0,1.0,cyclic,Adaptive Held-Out Raw Sensor CP,sensor_0,"[""sensor_1"", ""sensor_2""]",posterior
"[""sensor_0"", ""sensor_1"", ""sensor_2""]",sensor_0,toy_spatial,1,,21.0,3.771591064261131,3.771591064261131,3.771591064261131,0.7976,0.99955,0.7976,0.7976,,,14.577849609661104,20000,20000,,,20000,,0.2,raw_normalized,row,raw_sensor,1.0,0.0,1.0,cyclic,Adaptive Held-Out Raw Sensor CP,sensor_1,"[""sensor_0"", ""sensor_2""]",posterior
"[""sensor_0"", ""sensor_1"", ""sensor_2""]",sensor_0,toy_spatial,1,,21.0,5.357954611421239,5.357954611421239,5.357954611421239,0.79915,1.0,0.79915,0.79915,,,19.372820531606678,20000,20000,,,20000,,0.2,raw_normalized,row,raw_sensor,1.0,0.0,1.0,cyclic,Adaptive Held-Out Raw Sensor CP,sensor_2,"[""sensor_0"", ""sensor_1""]",posterior
"[""sensor_0"", ""sensor_1"", ""sensor_2""]",sensor_0,toy_spatial,1,,21.0,1.2815515655446008,,,0.7812,0.7812,,,,,4.294440746307373,20000,0,,0.0,20000,,0.2,none,,,,,,,Fused Posterior Predictive,,"[""sensor_0"", ""sensor_1"", ""sensor_2""]",
"[""sensor_0"", ""sensor_1"", ""sensor_2""]",sensor_0,toy_spatial,1,,22.0,1.3310225009918213,1.3310225009918213,1.3310225009918213,0.8012,0.8012,,,,,4.4606924908161165,20000,20000,,,20000,,0.2,model_normalized,row,reference,1.0,0.0,1.0,cyclic,Oracle Split Conformal,,"[""sensor_0"", ""sensor_1"", ""sensor_2""]",not_applicable
"[""sensor_0"", ""sensor_1"", ""sensor_2""]",sensor_0,toy_spatial,1,,22.0,1.8195338730812984,1.8195338730812984,1.8195338730812984,0.80235,0.9302,0.80235,0.80235,,,8.631680893146992,20000,20000,,,20000,,0.2,raw_normalized,row,raw_sensor,1.0,0.0,1.0,cyclic,Adaptive Held-Out Raw Sensor CP,sensor_0,"[""sensor_1"", ""sensor_2""]",posterior
"[""sensor_0"", ""sensor_1"", ""sensor_2""]",sensor_0,toy_spatial,1,,22.0,3.754628202591688,3.754628202591688,3.754628202591688,0.7935,0.99945,0.7935,0.7935,,,14.515243129515648,20000,20000,,,20000,,0.2,raw_normalized,row,raw_sensor,1.0,0.0,1.0,cyclic,Adaptive Held-Out Raw Sensor CP,sensor_1,"[""sensor_0"", ""sensor_2""]",posterior
"[""sensor_0"", ""sensor_1"", ""sensor_2""]",sensor_0,toy_spatial,1,,22.0,5.367285384038654,5.367285384038654,5.367285384038654,0.8007,1.0,0.8007,0.8007,,,19.409154903173448,20000,20000,,,20000,,0.2,raw_normalized,row,raw_sensor,1.0,0.0,1.0,cyclic,Adaptive Held-Out Raw Sensor CP,sensor_2,"[""sensor_0"", ""sensor_1""]",posterior
"[""sensor_0"", ""sensor_1"", ""sensor_2""]",sensor_0,toy_spatial,1,,22.0,1.2815515655446008,,,0.78265,0.78265,,,,,4.294898986816406,20000,0,,0.0,20000,,0.2,none,,,,,,,Fused Posterior Predictive,,"[""sensor_0"", ""sensor_1"", ""sensor_2""]",
"[""sensor_0"", ""sensor_1"", ""sensor_2""]",sensor_0,toy_spatial,1,,23.0,1.3288763761520386,1.3288763761520386,1.3288763761520386,0.7998,0.7998,,,,,4.4531318900585175,20000,20000,,,20000,,0.2,model_normalized,row,reference,1.0,0.0,1.0,cyclic,Oracle Split Conformal,,"[""sensor_0"", ""sensor_1"", ""sensor_2""]",not_applicable
"[""sensor_0"", ""sensor_1"", ""sensor_2""]",sensor_0,toy_spatial,1,,23.0,1.835004280530908,1.835004280530908,1.835004280530908,0.80915,0.9323,0.80915,0.80915,,,8.706502871716022,20000,20000,,,20000,,0.2,raw_normalized,row,raw_sensor,1.0,0.0,1.0,cyclic,Adaptive Held-Out Raw Sensor CP,sensor_0,"[""sensor_1"", ""sensor_2""]",posterior
"[""sensor_0"", ""sensor_1"", ""sensor_2""]",sensor_0,toy_spatial,1,,23.0,3.777416386426644,3.777416386426644,3.777416386426644,0.79885,0.99955,0.79885,0.79885,,,14.600398468482494,20000,20000,,,20000,,0.2,raw_normalized,row,raw_sensor,1.0,0.0,1.0,cyclic,Adaptive Held-Out Raw Sensor CP,sensor_1,"[""sensor_0"", ""sensor_2""]",posterior
"[""sensor_0"", ""sensor_1"", ""sensor_2""]",sensor_0,toy_spatial,1,,23.0,5.366525049095108,5.366525049095108,5.366525049095108,0.80045,1.0,0.80045,0.80045,,,19.40340468478203,20000,20000,,,20000,,0.2,raw_normalized,row,raw_sensor,1.0,0.0,1.0,cyclic,Adaptive Held-Out Raw Sensor CP,sensor_2,"[""sensor_0"", ""sensor_1""]",posterior
"[""sensor_0"", ""sensor_1"", ""sensor_2""]",sensor_0,toy_spatial,1,,23.0,1.2815515655446008,,,0.7817,0.7817,,,,,4.294544219970703,20000,0,,0.0,20000,,0.2,none,,,,,,,Fused Posterior Predictive,,"[""sensor_0"", ""sensor_1"", ""sensor_2""]",
"[""sensor_0"", ""sensor_1"", ""sensor_2""]",sensor_0,toy_spatial,1,,24.0,1.3282816410064695,1.3282816410064695,1.3282816410064695,0.79935,0.79935,,,,,4.450801318407058,20000,20000,,,20000,,0.2,model_normalized,row,reference,1.0,0.0,1.0,cyclic,Oracle Split Conformal,,"[""sensor_0"", ""sensor_1"", ""sensor_2""]",not_applicable
"[""sensor_0"", ""sensor_1"", ""sensor_2""]",sensor_0,toy_spatial,1,,24.0,1.8240704667401029,1.8240704667401029,1.8240704667401029,0.8041,0.9308,0.8041,0.8041,,,8.65311235575676,20000,20000,,,20000,,0.2,raw_normalized,row,raw_sensor,1.0,0.0,1.0,cyclic,Adaptive Held-Out Raw Sensor CP,sensor_0,"[""sensor_1"", ""sensor_2""]",posterior
"[""sensor_0"", ""sensor_1"", ""sensor_2""]",sensor_0,toy_spatial,1,,24.0,3.79135810833511,3.79135810833511,3.79135810833511,0.8019,0.9995,0.8019,0.8019,,,14.65320701121092,20000,20000,,,20000,,0.2,raw_normalized,row,raw_sensor,1.0,0.0,1.0,cyclic,Adaptive Held-Out Raw Sensor CP,sensor_1,"[""sensor_0"", ""sensor_2""]",posterior
"[""sensor_0"", ""sensor_1"", ""sensor_2""]",sensor_0,toy_spatial,1,,24.0,5.358162274212563,5.358162274212563,5.358162274212563,0.7992,1.0,0.7992,0.7992,,,19.37279533762932,20000,20000,,,20000,,0.2,raw_normalized,row,raw_sensor,1.0,0.0,1.0,cyclic,Adaptive Held-Out Raw Sensor CP,sensor_2,"[""sensor_0"", ""sensor_1""]",posterior
"[""sensor_0"", ""sensor_1"", ""sensor_2""]",sensor_0,toy_spatial,1,,24.0,1.2815515655446008,,,0.7826,0.7826,,,,,4.29421854019165,20000,0,,0.0,20000,,0.2,none,,,,,,,Fused Posterior Predictive,,"[""sensor_0"", ""sensor_1"", ""sensor_2""]",
"[""sensor_0"", ""sensor_1"", ""sensor_2""]",sensor_0,toy_spatial,1,,25.0,1.3475909233093262,1.3475909233093262,1.3475909233093262,0.81135,0.81135,,,,,4.516509178137779,20000,20000,,,20000,,0.2,model_normalized,row,reference,1.0,0.0,1.0,cyclic,Oracle Split Conformal,,"[""sensor_0"", ""sensor_1"", ""sensor_2""]",not_applicable
"[""sensor_0"", ""sensor_1"", ""sensor_2""]",sensor_0,toy_spatial,1,,25.0,1.810965029278173,1.810965029278173,1.810965029278173,0.797,0.9283,0.797,0.797,,,8.591798402428626,20000,20000,,,20000,,0.2,raw_normalized,row,raw_sensor,1.0,0.0,1.0,cyclic,Adaptive Held-Out Raw Sensor CP,sensor_0,"[""sensor_1"", ""sensor_2""]",posterior
"[""sensor_0"", ""sensor_1"", ""sensor_2""]",sensor_0,toy_spatial,1,,25.0,3.783089697770042,3.783089697770042,3.783089697770042,0.8001,0.99955,0.8001,0.8001,,,14.62620593613386,20000,20000,,,20000,,0.2,raw_normalized,row,raw_sensor,1.0,0.0,1.0,cyclic,Adaptive Held-Out Raw Sensor CP,sensor_1,"[""sensor_0"", ""sensor_2""]",posterior
"[""sensor_0"", ""sensor_1"", ""sensor_2""]",sensor_0,toy_spatial,1,,25.0,5.353060018837931,5.353060018837931,5.353060018837931,0.7982,1.0,0.7982,0.7982,,,19.35898951458931,20000,20000,,,20000,,0.2,raw_normalized,row,raw_sensor,1.0,0.0,1.0,cyclic,Adaptive Held-Out Raw Sensor CP,sensor_2,"[""sensor_0"", ""sensor_1""]",posterior
"[""sensor_0"", ""sensor_1"", ""sensor_2""]",sensor_0,toy_spatial,1,,25.0,1.2815515655446008,,,0.78835,0.78835,,,,,4.295175552368164,20000,0,,0.0,20000,,0.2,none,,,,,,,Fused Posterior Predictive,,"[""sensor_0"", ""sensor_1"", ""sensor_2""]",
"[""sensor_0"", ""sensor_1"", ""sensor_2""]",sensor_0,toy_spatial,1,,26.0,1.3216928243637085,1.3216928243637085,1.3216928243637085,0.79525,0.79525,,,,,4.429402484917641,20000,20000,,,20000,,0.2,model_normalized,row,reference,1.0,0.0,1.0,cyclic,Oracle Split Conformal,,"[""sensor_0"", ""sensor_1"", ""sensor_2""]",not_applicable
"[""sensor_0"", ""sensor_1"", ""sensor_2""]",sensor_0,toy_spatial,1,,26.0,1.8122303948193756,1.8122303948193756,1.8122303948193756,0.79825,0.9281,0.79825,0.79825,,,8.599394960522652,20000,20000,,,20000,,0.2,raw_normalized,row,raw_sensor,1.0,0.0,1.0,cyclic,Adaptive Held-Out Raw Sensor CP,sensor_0,"[""sensor_1"", ""sensor_2""]",posterior
"[""sensor_0"", ""sensor_1"", ""sensor_2""]",sensor_0,toy_spatial,1,,26.0,3.771751082101844,3.771751082101844,3.771751082101844,0.79765,0.99945,0.79765,0.79765,,,14.579353396916389,20000,20000,,,20000,,0.2,raw_normalized,row,raw_sensor,1.0,0.0,1.0,cyclic,Adaptive Held-Out Raw Sensor CP,sensor_1,"[""sensor_0"", ""sensor_2""]",posterior
"[""sensor_0"", ""sensor_1"", ""sensor_2""]",sensor_0,toy_spatial,1,,26.0,5.328613088614892,5.328613088614892,5.328613088614892,0.79435,1.0,0.79435,0.79435,,,19.268028115844725,20000,20000,,,20000,,0.2,raw_normalized,row,raw_sensor,1.0,0.0,1.0,cyclic,Adaptive Held-Out Raw Sensor CP,sensor_2,"[""sensor_0"", ""sensor_1""]",posterior
"[""sensor_0"", ""sensor_1"", ""sensor_2""]",sensor_0,toy_spatial,1,,26.0,1.2815515655446008,,,0.78115,0.78115,,,,,4.294877052307129,20000,0,,0.0,20000,,0.2,none,,,,,,,Fused Posterior Predictive,,"[""sensor_0"", ""sensor_1"", ""sensor_2""]",
"[""sensor_0"", ""sensor_1"", ""sensor_2""]",sensor_0,toy_spatial,1,,27.0,1.3325564861297607,1.3325564861297607,1.3325564861297607,0.8023,0.8023,,,,,4.465384096121788,20000,20000,,,20000,,0.2,model_normalized,row,reference,1.0,0.0,1.0,cyclic,Oracle Split Conformal,,"[""sensor_0"", ""sensor_1"", ""sensor_2""]",not_applicable
"[""sensor_0"", ""sensor_1"", ""sensor_2""]",sensor_0,toy_spatial,1,,27.0,1.8002170791638046,1.8002170791638046,1.8002170791638046,0.79185,0.92585,0.79185,0.79185,,,8.539734613752366,20000,20000,,,20000,,0.2,raw_normalized,row,raw_sensor,1.0,0.0,1.0,cyclic,Adaptive Held-Out Raw Sensor CP,sensor_0,"[""sensor_1"", ""sensor_2""]",posterior
"[""sensor_0"", ""sensor_1"", ""sensor_2""]",sensor_0,toy_spatial,1,,27.0,3.768869579461259,3.768869579461259,3.768869579461259,0.7971,0.99945,0.7971,0.7971,,,14.568440644311904,20000,20000,,,20000,,0.2,raw_normalized,row,raw_sensor,1.0,0.0,1.0,cyclic,Adaptive Held-Out Raw Sensor CP,sensor_1,"[""sensor_0"", ""sensor_2""]",posterior
"[""sensor_0"", ""sensor_1"", ""sensor_2""]",sensor_0,toy_spatial,1,,27.0,5.3456677370274965,5.3456677370274965,5.3456677370274965,0.797,1.0,0.797,0.797,,,19.328985061955454,20000,20000,,,20000,,0.2,raw_normalized,row,raw_sensor,1.0,0.0,1.0,cyclic,Adaptive Held-Out Raw Sensor CP,sensor_2,"[""sensor_0"", ""sensor_1""]",posterior
"[""sensor_0"", ""sensor_1"", ""sensor_2""]",sensor_0,toy_spatial,1,,27.0,1.2815515655446008,,,0.7842,0.7842,,,,,4.294466972351074,20000,0,,0.0,20000,,0.2,none,,,,,,,Fused Posterior Predictive,,"[""sensor_0"", ""sensor_1"", ""sensor_2""]",
"[""sensor_0"", ""sensor_1"", ""sensor_2""]",sensor_0,toy_spatial,1,,28.0,1.334406495094299,1.334406495094299,1.334406495094299,0.8032,0.8032,,,,,4.471673847293854,20000,20000,,,20000,,0.2,model_normalized,row,reference,1.0,0.0,1.0,cyclic,Oracle Split Conformal,,"[""sensor_0"", ""sensor_1"", ""sensor_2""]",not_applicable
"[""sensor_0"", ""sensor_1"", ""sensor_2""]",sensor_0,toy_spatial,1,,28.0,1.8011730554665577,1.8011730554665577,1.8011730554665577,0.79245,0.92705,0.79245,0.79245,,,8.544619394028187,20000,20000,,,20000,,0.2,raw_normalized,row,raw_sensor,1.0,0.0,1.0,cyclic,Adaptive Held-Out Raw Sensor CP,sensor_0,"[""sensor_1"", ""sensor_2""]",posterior
"[""sensor_0"", ""sensor_1"", ""sensor_2""]",sensor_0,toy_spatial,1,,28.0,3.777023768753892,3.777023768753892,3.777023768753892,0.79875,0.99955,0.79875,0.79875,,,14.599779805862903,20000,20000,,,20000,,0.2,raw_normalized,row,raw_sensor,1.0,0.0,1.0,cyclic,Adaptive Held-Out Raw Sensor CP,sensor_1,"[""sensor_0"", ""sensor_2""]",posterior
"[""sensor_0"", ""sensor_1"", ""sensor_2""]",sensor_0,toy_spatial,1,,28.0,5.3735131204659945,5.3735131204659945,5.3735131204659945,0.802,1.0,0.802,0.802,,,19.430142392849923,20000,20000,,,20000,,0.2,raw_normalized,row,raw_sensor,1.0,0.0,1.0,cyclic,Adaptive Held-Out Raw Sensor CP,sensor_2,"[""sensor_0"", ""sensor_1""]",posterior
"[""sensor_0"", ""sensor_1"", ""sensor_2""]",sensor_0,toy_spatial,1,,28.0,1.2815515655446008,,,0.7831,0.7831,,,,,4.294553756713867,20000,0,,0.0,20000,,0.2,none,,,,,,,Fused Posterior Predictive,,"[""sensor_0"", ""sensor_1"", ""sensor_2""]",
"[""sensor_0"", ""sensor_1"", ""sensor_2""]",sensor_0,toy_spatial,1,,29.0,1.3325564861297607,1.3325564861297607,1.3325564861297607,0.8023,0.8023,,,,,4.465574435424805,20000,20000,,,20000,,0.2,model_normalized,row,reference,1.0,0.0,1.0,cyclic,Oracle Split Conformal,,"[""sensor_0"", ""sensor_1"", ""sensor_2""]",not_applicable
"[""sensor_0"", ""sensor_1"", ""sensor_2""]",sensor_0,toy_spatial,1,,29.0,1.8189577851330447,1.8189577851330447,1.8189577851330447,0.80195,0.9306,0.80195,0.80195,,,8.62986387835741,20000,20000,,,20000,,0.2,raw_normalized,row,raw_sensor,1.0,0.0,1.0,cyclic,Adaptive Held-Out Raw Sensor CP,sensor_0,"[""sensor_1"", ""sensor_2""]",posterior
"[""sensor_0"", ""sensor_1"", ""sensor_2""]",sensor_0,toy_spatial,1,,29.0,3.760155952146948,3.760155952146948,3.760155952146948,0.79505,0.9996,0.79505,0.79505,,,14.534395396006108,20000,20000,,,20000,,0.2,raw_normalized,row,raw_sensor,1.0,0.0,1.0,cyclic,Adaptive Held-Out Raw Sensor CP,sensor_1,"[""sensor_0"", ""sensor_2""]",posterior
"[""sensor_0"", ""sensor_1"", ""sensor_2""]",sensor_0,toy_spatial,1,,29.0,5.359124103737682,5.359124103737682,5.359124103737682,0.7994,1.0,0.7994,0.7994,,,19.378203780817987,20000,20000,,,20000,,0.2,raw_normalized,row,raw_sensor,1.0,0.0,1.0,cyclic,Adaptive Held-Out Raw Sensor CP,sensor_2,"[""sensor_0"", ""sensor_1""]",posterior
"[""sensor_0"", ""sensor_1"", ""sensor_2""]",sensor_0,toy_spatial,1,,29.0,1.2815515655446008,,,0.78335,0.78335,,,,,4.294650554656982,20000,0,,0.0,20000,,0.2,none,,,,,,,Fused Posterior Predictive,,"[""sensor_0"", ""sensor_1"", ""sensor_2""]",
"[""sensor_0"", ""sensor_1"", ""sensor_2""]",sensor_0,toy_spatial,1,,30.0,1.3254040479660034,1.3254040479660034,1.3254040479660034,0.7975,0.7975,,,,,4.441988220262528,20000,20000,,,20000,,0.2,model_normalized,row,reference,1.0,0.0,1.0,cyclic,Oracle Split Conformal,,"[""sensor_0"", ""sensor_1"", ""sensor_2""]",not_applicable
"[""sensor_0"", ""sensor_1"", ""sensor_2""]",sensor_0,toy_spatial,1,,30.0,1.8188613608352957,1.8188613608352957,1.8188613608352957,0.8019,0.92955,0.8019,0.8019,,,8.629732272195817,20000,20000,,,20000,,0.2,raw_normalized,row,raw_sensor,1.0,0.0,1.0,cyclic,Adaptive Held-Out Raw Sensor CP,sensor_0,"[""sensor_1"", ""sensor_2""]",posterior
"[""sensor_0"", ""sensor_1"", ""sensor_2""]",sensor_0,toy_spatial,1,,30.0,3.758615396386887,3.758615396386887,3.758615396386887,0.79445,0.9994,0.79445,0.79445,,,14.529993283510208,20000,20000,,,20000,,0.2,raw_normalized,row,raw_sensor,1.0,0.0,1.0,cyclic,Adaptive Held-Out Raw Sensor CP,sensor_1,"[""sensor_0"", ""sensor_2""]",posterior
"[""sensor_0"", ""sensor_1"", ""sensor_2""]",sensor_0,toy_spatial,1,,30.0,5.344895120713171,5.344895120713171,5.344895120713171,0.79675,1.0,0.79675,0.79675,,,19.32843080458641,20000,20000,,,20000,,0.2,raw_normalized,row,raw_sensor,1.0,0.0,1.0,cyclic,Adaptive Held-Out Raw Sensor CP,sensor_2,"[""sensor_0"", ""sensor_1""]",posterior
"[""sensor_0"", ""sensor_1"", ""sensor_2""]",sensor_0,toy_spatial,1,,30.0,1.2815515655446008,,,0.78105,0.78105,,,,,4.29502010345459,20000,0,,0.0,20000,,0.2,none,,,,,,,Fused Posterior Predictive,,"[""sensor_0"", ""sensor_1"", ""sensor_2""]",
"[""sensor_0"", ""sensor_1"", ""sensor_2""]",sensor_0,toy_spatial,1,,31.0,1.3247605562210083,1.3247605562210083,1.3247605562210083,0.79725,0.79725,,,,,4.440386515140533,20000,20000,,,20000,,0.2,model_normalized,row,reference,1.0,0.0,1.0,cyclic,Oracle Split Conformal,,"[""sensor_0"", ""sensor_1"", ""sensor_2""]",not_applicable
"[""sensor_0"", ""sensor_1"", ""sensor_2""]",sensor_0,toy_spatial,1,,31.0,1.8088068848494032,1.8088068848494032,1.8088068848494032,0.79615,0.9297,0.79615,0.79615,,,8.581912874221802,20000,20000,,,20000,,0.2,raw_normalized,row,raw_sensor,1.0,0.0,1.0,cyclic,Adaptive Held-Out Raw Sensor CP,sensor_0,"[""sensor_1"", ""sensor_2""]",posterior
"[""sensor_0"", ""sensor_1"", ""sensor_2""]",sensor_0,toy_spatial,1,,31.0,3.785448570915192,3.785448570915192,3.785448570915192,0.8006,0.9996,0.8006,0.8006,,,14.636896697068217,20000,20000,,,20000,,0.2,raw_normalized,row,raw_sensor,1.0,0.0,1.0,cyclic,Adaptive Held-Out Raw Sensor CP,sensor_1,"[""sensor_0"", ""sensor_2""]",posterior
"[""sensor_0"", ""sensor_1"", ""sensor_2""]",sensor_0,toy_spatial,1,,31.0,5.367698767706879,5.367698767706879,5.367698767706879,0.80095,1.0,0.80095,0.80095,,,19.413833581018448,20000,20000,,,20000,,0.2,raw_normalized,row,raw_sensor,1.0,0.0,1.0,cyclic,Adaptive Held-Out Raw Sensor CP,sensor_2,"[""sensor_0"", ""sensor_1""]",posterior
"[""sensor_0"", ""sensor_1"", ""sensor_2""]",sensor_0,toy_spatial,1,,31.0,1.2815515655446008,,,0.78065,0.78065,,,,,4.295557022094727,20000,0,,0.0,20000,,0.2,none,,,,,,,Fused Posterior Predictive,,"[""sensor_0"", ""sensor_1"", ""sensor_2""]",
"[""sensor_0"", ""sensor_1"", ""sensor_2""]",sensor_0,toy_spatial,1,,32.0,1.326952338218689,1.326952338218689,1.326952338218689,0.79845,0.79845,,,,,4.447185545372963,20000,20000,,,20000,,0.2,model_normalized,row,reference,1.0,0.0,1.0,cyclic,Oracle Split Conformal,,"[""sensor_0"", ""sensor_1"", ""sensor_2""]",not_applicable
"[""sensor_0"", ""sensor_1"", ""sensor_2""]",sensor_0,toy_spatial,1,,32.0,1.8258856785431727,1.8258856785431727,1.8258856785431727,0.80515,0.9284,0.80515,0.80515,,,8.665397189319133,20000,20000,,,20000,,0.2,raw_normalized,row,raw_sensor,1.0,0.0,1.0,cyclic,Adaptive Held-Out Raw Sensor CP,sensor_0,"[""sensor_1"", ""sensor_2""]",posterior
"[""sensor_0"", ""sensor_1"", ""sensor_2""]",sensor_0,toy_spatial,1,,32.0,3.774732310616715,3.774732310616715,3.774732310616715,0.79825,0.99955,0.79825,0.79825,,,14.590895600950718,20000,20000,,,20000,,0.2,raw_normalized,row,raw_sensor,1.0,0.0,1.0,cyclic,Adaptive Held-Out Raw Sensor CP,sensor_1,"[""sensor_0"", ""sensor_2""]",posterior
"[""sensor_0"", ""sensor_1"", ""sensor_2""]",sensor_0,toy_spatial,1,,32.0,5.300870772419413,5.300870772419413,5.300870772419413,0.78915,1.0,0.78915,0.78915,,,19.167740209650997,20000,20000,,,20000,,0.2,raw_normalized,row,raw_sensor,1.0,0.0,1.0,cyclic,Adaptive Held-Out Raw Sensor CP,sensor_2,"[""sensor_0"", ""sensor_1""]",posterior
"[""sensor_0"", ""sensor_1"", ""sensor_2""]",sensor_0,toy_spatial,1,,32.0,1.2815515655446008,,,0.7816,0.7816,,,,,4.295028209686279,20000,0,,0.0,20000,,0.2,none,,,,,,,Fused Posterior Predictive,,"[""sensor_0"", ""sensor_1"", ""sensor_2""]",
"[""sensor_0"", ""sensor_1"", ""sensor_2""]",sensor_0,toy_spatial,1,,33.0,1.3382561206817627,1.3382561206817627,1.3382561206817627,0.8055,0.8055,,,,,4.484677171325684,20000,20000,,,20000,,0.2,model_normalized,row,reference,1.0,0.0,1.0,cyclic,Oracle Split Conformal,,"[""sensor_0"", ""sensor_1"", ""sensor_2""]",not_applicable
"[""sensor_0"", ""sensor_1"", ""sensor_2""]",sensor_0,toy_spatial,1,,33.0,1.8077888411790288,1.8077888411790288,1.8077888411790288,0.7956,0.92875,0.7956,0.7956,,,8.576166020762921,20000,20000,,,20000,,0.2,raw_normalized,row,raw_sensor,1.0,0.0,1.0,cyclic,Adaptive Held-Out Raw Sensor CP,sensor_0,"[""sensor_1"", ""sensor_2""]",posterior
"[""sensor_0"", ""sensor_1"", ""sensor_2""]",sensor_0,toy_spatial,1,,33.0,3.778351601621644,3.778351601621644,3.778351601621644,0.799,0.9995,0.799,0.799,,,14.605049493050576,20000,20000,,,20000,,0.2,raw_normalized,row,raw_sensor,1.0,0.0,1.0,cyclic,Adaptive Held-Out Raw Sensor CP,sensor_1,"[""sensor_0"", ""sensor_2""]",posterior
"[""sensor_0"", ""sensor_1"", ""sensor_2""]",sensor_0,toy_spatial,1,,33.0,5.358431261084415,5.358431261084415,5.358431261084415,0.7993,1.0,0.7993,0.7993,,,19.37598903298378,20000,20000,,,20000,,0.2,raw_normalized,row,raw_sensor,1.0,0.0,1.0,cyclic,Adaptive Held-Out Raw Sensor CP,sensor_2,"[""sensor_0"", ""sensor_1""]",posterior
"[""sensor_0"", ""sensor_1"", ""sensor_2""]",sensor_0,toy_spatial,1,,33.0,1.2815515655446008,,,0.78535,0.78535,,,,,4.294652938842773,20000,0,,0.0,20000,,0.2,none,,,,,,,Fused Posterior Predictive,,"[""sensor_0"", ""sensor_1"", ""sensor_2""]",
"[""sensor_0"", ""sensor_1"", ""sensor_2""]",sensor_0,toy_spatial,1,,34.0,1.331104040145874,1.331104040145874,1.331104040145874,0.8013,0.8013,,,,,4.461377070307732,20000,20000,,,20000,,0.2,model_normalized,row,reference,1.0,0.0,1.0,cyclic,Oracle Split Conformal,,"[""sensor_0"", ""sensor_1"", ""sensor_2""]",not_applicable
"[""sensor_0"", ""sensor_1"", ""sensor_2""]",sensor_0,toy_spatial,1,,34.0,1.812003501041454,1.812003501041454,1.812003501041454,0.79775,0.92775,0.79775,0.79775,,,8.597855700659752,20000,20000,,,20000,,0.2,raw_normalized,row,raw_sensor,1.0,0.0,1.0,cyclic,Adaptive Held-Out Raw Sensor CP,sensor_0,"[""sensor_1"", ""sensor_2""]",posterior
"[""sensor_0"", ""sensor_1"", ""sensor_2""]",sensor_0,toy_spatial,1,,34.0,3.760387371642569,3.760387371642569,3.760387371642569,0.79515,0.99955,0.79515,0.79515,,,14.538205143797398,20000,20000,,,20000,,0.2,raw_normalized,row,raw_sensor,1.0,0.0,1.0,cyclic,Adaptive Held-Out Raw Sensor CP,sensor_1,"[""sensor_0"", ""sensor_2""]",posterior
"[""sensor_0"", ""sensor_1"", ""sensor_2""]",sensor_0,toy_spatial,1,,34.0,5.345584731628129,5.345584731628129,5.345584731628129,0.79685,1.0,0.79685,0.79685,,,19.33201995830536,20000,20000,,,20000,,0.2,raw_normalized,row,raw_sensor,1.0,0.0,1.0,cyclic,Adaptive Held-Out Raw Sensor CP,sensor_2,"[""sensor_0"", ""sensor_1""]",posterior
"[""sensor_0"", ""sensor_1"", ""sensor_2""]",sensor_0,toy_spatial,1,,34.0,1.2815515655446008,,,0.78295,0.78295,,,,,4.295295238494873,20000,0,,0.0,20000,,0.2,none,,,,,,,Fused Posterior Predictive,,"[""sensor_0"", ""sensor_1"", ""sensor_2""]",
"[""sensor_0"", ""sensor_1"", ""sensor_2""]",sensor_0,toy_spatial,1,,35.0,1.3287932872772217,1.3287932872772217,1.3287932872772217,0.79965,0.79965,,,,,4.45275572078228,20000,20000,,,20000,,0.2,model_normalized,row,reference,1.0,0.0,1.0,cyclic,Oracle Split Conformal,,"[""sensor_0"", ""sensor_1"", ""sensor_2""]",not_applicable
"[""sensor_0"", ""sensor_1"", ""sensor_2""]",sensor_0,toy_spatial,1,,35.0,1.8358224002190264,1.8358224002190264,1.8358224002190264,0.8096,0.93335,0.8096,0.8096,,,8.709808063149453,20000,20000,,,20000,,0.2,raw_normalized,row,raw_sensor,1.0,0.0,1.0,cyclic,Adaptive Held-Out Raw Sensor CP,sensor_0,"[""sensor_1"", ""sensor_2""]",posterior
"[""sensor_0"", ""sensor_1"", ""sensor_2""]",sensor_0,toy_spatial,1,,35.0,3.7673813204626576,3.7673813204626576,3.7673813204626576,0.7966,0.99935,0.7966,0.7966,,,14.561522721588611,20000,20000,,,20000,,0.2,raw_normalized,row,raw_sensor,1.0,0.0,1.0,cyclic,Adaptive Held-Out Raw Sensor CP,sensor_1,"[""sensor_0"", ""sensor_2""]",posterior
"[""sensor_0"", ""sensor_1"", ""sensor_2""]",sensor_0,toy_spatial,1,,35.0,5.32443960651615,5.32443960651615,5.32443960651615,0.79375,1.0,0.79375,0.79375,,,19.251412638354303,20000,20000,,,20000,,0.2,raw_normalized,row,raw_sensor,1.0,0.0,1.0,cyclic,Adaptive Held-Out Raw Sensor CP,sensor_2,"[""sensor_0"", ""sensor_1""]",posterior
"[""sensor_0"", ""sensor_1"", ""sensor_2""]",sensor_0,toy_spatial,1,,35.0,1.2815515655446008,,,0.7823,0.7823,,,,,4.294449806213379,20000,0,,0.0,20000,,0.2,none,,,,,,,Fused Posterior Predictive,,"[""sensor_0"", ""sensor_1"", ""sensor_2""]",
"[""sensor_0"", ""sensor_1"", ""sensor_2""]",sensor_0,toy_spatial,1,,36.0,1.328075289726257,1.328075289726257,1.328075289726257,0.79925,0.79925,,,,,4.450932785201073,20000,20000,,,20000,,0.2,model_normalized,row,reference,1.0,0.0,1.0,cyclic,Oracle Split Conformal,,"[""sensor_0"", ""sensor_1"", ""sensor_2""]",not_applicable
"[""sensor_0"", ""sensor_1"", ""sensor_2""]",sensor_0,toy_spatial,1,,36.0,1.8032527618789105,1.8032527618789105,1.8032527618789105,0.7935,0.92675,0.7935,0.7935,,,8.555908119547366,20000,20000,,,20000,,0.2,raw_normalized,row,raw_sensor,1.0,0.0,1.0,cyclic,Adaptive Held-Out Raw Sensor CP,sensor_0,"[""sensor_1"", ""sensor_2""]",posterior
"[""sensor_0"", ""sensor_1"", ""sensor_2""]",sensor_0,toy_spatial,1,,36.0,3.783685860985773,3.783685860985773,3.783685860985773,0.80015,0.99955,0.80015,0.80015,,,14.626941378748416,20000,20000,,,20000,,0.2,raw_normalized,row,raw_sensor,1.0,0.0,1.0,cyclic,Adaptive Held-Out Raw Sensor CP,sensor_1,"[""sensor_0"", ""sensor_2""]",posterior
"[""sensor_0"", ""sensor_1"", ""sensor_2""]",sensor_0,toy_spatial,1,,36.0,5.319111819866732,5.319111819866732,5.319111819866732,0.7927,1.0,0.7927,0.7927,,,19.23491547021866,20000,20000,,,20000,,0.2,raw_normalized,row,raw_sensor,1.0,0.0,1.0,cyclic,Adaptive Held-Out Raw Sensor CP,sensor_2,"[""sensor_0"", ""sensor_1""]",posterior
"[""sensor_0"", ""sensor_1"", ""sensor_2""]",sensor_0,toy_spatial,1,,36.0,1.2815515655446008,,,0.78275,0.78275,,,,,4.295012474060059,20000,0,,0.0,20000,,0.2,none,,,,,,,Fused Posterior Predictive,,"[""sensor_0"", ""sensor_1"", ""sensor_2""]",
"[""sensor_0"", ""sensor_1"", ""sensor_2""]",sensor_0,toy_spatial,1,,37.0,1.3393579721450806,1.3393579721450806,1.3393579721450806,0.80625,0.80625,,,,,4.488857944393158,20000,20000,,,20000,,0.2,model_normalized,row,reference,1.0,0.0,1.0,cyclic,Oracle Split Conformal,,"[""sensor_0"", ""sensor_1"", ""sensor_2""]",not_applicable
"[""sensor_0"", ""sensor_1"", ""sensor_2""]",sensor_0,toy_spatial,1,,37.0,1.8152298188753235,1.8152298188753235,1.8152298188753235,0.79985,0.9302,0.79985,0.79985,,,8.6123188270092,20000,20000,,,20000,,0.2,raw_normalized,row,raw_sensor,1.0,0.0,1.0,cyclic,Adaptive Held-Out Raw Sensor CP,sensor_0,"[""sensor_1"", ""sensor_2""]",posterior
"[""sensor_0"", ""sensor_1"", ""sensor_2""]",sensor_0,toy_spatial,1,,37.0,3.768869579461259,3.768869579461259,3.768869579461259,0.7971,0.9997,0.7971,0.7971,,,14.569768611121178,20000,20000,,,20000,,0.2,raw_normalized,row,raw_sensor,1.0,0.0,1.0,cyclic,Adaptive Held-Out Raw Sensor CP,sensor_1,"[""sensor_0"", ""sensor_2""]",posterior
"[""sensor_0"", ""sensor_1"", ""sensor_2""]",sensor_0,toy_spatial,1,,37.0,5.3891398903217125,5.3891398903217125,5.3891398903217125,0.80525,1.0,0.80525,0.80525,,,19.48906048095226,20000,20000,,,20000,,0.2,raw_normalized,row,raw_sensor,1.0,0.0,1.0,cyclic,Adaptive Held-Out Raw Sensor CP,sensor_2,"[""sensor_0"", ""sensor_1""]",posterior
"[""sensor_0"", ""sensor_1"", ""sensor_2""]",sensor_0,toy_spatial,1,,37.0,1.2815515655446008,,,0.78605,0.78605,,,,,4.295119762420654,20000,0,,0.0,20000,,0.2,none,,,,,,,Fused Posterior Predictive,,"[""sensor_0"", ""sensor_1"", ""sensor_2""]",
"[""sensor_0"", ""sensor_1"", ""sensor_2""]",sensor_0,toy_spatial,1,,38.0,1.3226521015167236,1.3226521015167236,1.3226521015167236,0.79585,0.79585,,,,,4.432464133810997,20000,20000,,,20000,,0.2,model_normalized,row,reference,1.0,0.0,1.0,cyclic,Oracle Split Conformal,,"[""sensor_0"", ""sensor_1"", ""sensor_2""]",not_applicable
"[""sensor_0"", ""sensor_1"", ""sensor_2""]",sensor_0,toy_spatial,1,,38.0,1.8200938176663133,1.8200938176663133,1.8200938176663133,0.8026,0.9303,0.8026,0.8026,,,8.635151786339282,20000,20000,,,20000,,0.2,raw_normalized,row,raw_sensor,1.0,0.0,1.0,cyclic,Adaptive Held-Out Raw Sensor CP,sensor_0,"[""sensor_1"", ""sensor_2""]",posterior
"[""sensor_0"", ""sensor_1"", ""sensor_2""]",sensor_0,toy_spatial,1,,38.0,3.785593058051364,3.785593058051364,3.785593058051364,0.80065,0.99945,0.80065,0.80065,,,14.633219696569444,20000,20000,,,20000,,0.2,raw_normalized,row,raw_sensor,1.0,0.0,1.0,cyclic,Adaptive Held-Out Raw Sensor CP,sensor_1,"[""sensor_0"", ""sensor_2""]",posterior
"[""sensor_0"", ""sensor_1"", ""sensor_2""]",sensor_0,toy_spatial,1,,38.0,5.366198245705128,5.366198245705128,5.366198245705128,0.80035,1.0,0.80035,0.80035,,,19.403936976075173,20000,20000,,,20000,,0.2,raw_normalized,row,raw_sensor,1.0,0.0,1.0,cyclic,Adaptive Held-Out Raw Sensor CP,sensor_2,"[""sensor_0"", ""sensor_1""]",posterior
"[""sensor_0"", ""sensor_1"", ""sensor_2""]",sensor_0,toy_spatial,1,,38.0,1.2815515655446008,,,0.7803,0.7803,,,,,4.2947282791137695,20000,0,,0.0,20000,,0.2,none,,,,,,,Fused Posterior Predictive,,"[""sensor_0"", ""sensor_1"", ""sensor_2""]",
"[""sensor_0"", ""sensor_1"", ""sensor_2""]",sensor_0,toy_spatial,1,,39.0,1.326372504234314,1.326372504234314,1.326372504234314,0.7981,0.7981,,,,,4.445209060955047,20000,20000,,,20000,,0.2,model_normalized,row,reference,1.0,0.0,1.0,cyclic,Oracle Split Conformal,,"[""sensor_0"", ""sensor_1"", ""sensor_2""]",not_applicable
"[""sensor_0"", ""sensor_1"", ""sensor_2""]",sensor_0,toy_spatial,1,,39.0,1.8105672711612764,1.8105672711612764,1.8105672711612764,0.79685,0.9304,0.79685,0.79685,,,8.589458114159108,20000,20000,,,20000,,0.2,raw_normalized,row,raw_sensor,1.0,0.0,1.0,cyclic,Adaptive Held-Out Raw Sensor CP,sensor_0,"[""sensor_1"", ""sensor_2""]",posterior
"[""sensor_0"", ""sensor_1"", ""sensor_2""]",sensor_0,toy_spatial,1,,39.0,3.776544932634808,3.776544932634808,3.776544932634808,0.7986,0.99975,0.7986,0.7986,,,14.599931985032558,20000,20000,,,20000,,0.2,raw_normalized,row,raw_sensor,1.0,0.0,1.0,cyclic,Adaptive Held-Out Raw Sensor CP,sensor_1,"[""sensor_0"", ""sensor_2""]",posterior
"[""sensor_0"", ""sensor_1"", ""sensor_2""]",sensor_0,toy_spatial,1,,39.0,5.366300972091263,5.366300972091263,5.366300972091263,0.8004,1.0,0.8004,0.8004,,,19.406405406403543,20000,20000,,,20000,,0.2,raw_normalized,row,raw_sensor,1.0,0.0,1.0,cyclic,Adaptive Held-Out Raw Sensor CP,sensor_2,"[""sensor_0"", ""sensor_1""]",posterior
"[""sensor_0"", ""sensor_1"", ""sensor_2""]",sensor_0,toy_spatial,1,,39.0,1.2815515655446008,,,0.78145,0.78145,,,,,4.29499626159668,20000,0,,0.0,20000,,0.2,none,,,,,,,Fused Posterior Predictive,,"[""sensor_0"", ""sensor_1"", ""sensor_2""]",
"[""sensor_0"", ""sensor_1"", ""sensor_2""]",sensor_0,toy_spatial,1,,40.0,1.3286162614822388,1.3286162614822388,1.3286162614822388,0.7996,0.7996,,,,,4.452492003440857,20000,20000,,,20000,,0.2,model_normalized,row,reference,1.0,0.0,1.0,cyclic,Oracle Split Conformal,,"[""sensor_0"", ""sensor_1"", ""sensor_2""]",not_applicable
"[""sensor_0"", ""sensor_1"", ""sensor_2""]",sensor_0,toy_spatial,1,,40.0,1.806837823746517,1.806837823746517,1.806837823746517,0.79495,0.9269,0.79495,0.79495,,,8.572457111918926,20000,20000,,,20000,,0.2,raw_normalized,row,raw_sensor,1.0,0.0,1.0,cyclic,Adaptive Held-Out Raw Sensor CP,sensor_0,"[""sensor_1"", ""sensor_2""]",posterior
"[""sensor_0"", ""sensor_1"", ""sensor_2""]",sensor_0,toy_spatial,1,,40.0,3.8141416354220175,3.8141416354220175,3.8141416354220175,0.8069,0.9997,0.8069,0.8069,,,14.743685539221763,20000,20000,,,20000,,0.2,raw_normalized,row,raw_sensor,1.0,0.0,1.0,cyclic,Adaptive Held-Out Raw Sensor CP,sensor_1,"[""sensor_0"", ""sensor_2""]",posterior
"[""sensor_0"", ""sensor_1"", ""sensor_2""]",sensor_0,toy_spatial,1,,40.0,5.387070669950578,5.387070669950578,5.387070669950578,0.80495,1.0,0.80495,0.80495,,,19.479542639660835,20000,20000,,,20000,,0.2,raw_normalized,row,raw_sensor,1.0,0.0,1.0,cyclic,Adaptive Held-Out Raw Sensor CP,sensor_2,"[""sensor_0"", ""sensor_1""]",posterior
"[""sensor_0"", ""sensor_1"", ""sensor_2""]",sensor_0,toy_spatial,1,,40.0,1.2815515655446008,,,0.7821,0.7821,,,,,4.294767379760742,20000,0,,0.0,20000,,0.2,none,,,,,,,Fused Posterior Predictive,,"[""sensor_0"", ""sensor_1"", ""sensor_2""]",
"[""sensor_0"", ""sensor_1"", ""sensor_2""]",sensor_0,toy_spatial,1,,41.0,1.3323774337768557,1.3323774337768557,1.3323774337768557,0.8022,0.8022,,,,,4.465504126644134,20000,20000,,,20000,,0.2,model_normalized,row,reference,1.0,0.0,1.0,cyclic,Oracle Split Conformal,,"[""sensor_0"", ""sensor_1"", ""sensor_2""]",not_applicable
"[""sensor_0"", ""sensor_1"", ""sensor_2""]",sensor_0,toy_spatial,1,,41.0,1.8172670752997055,1.8172670752997055,1.8172670752997055,0.80125,0.9292,0.80125,0.80125,,,8.622711289346219,20000,20000,,,20000,,0.2,raw_normalized,row,raw_sensor,1.0,0.0,1.0,cyclic,Adaptive Held-Out Raw Sensor CP,sensor_0,"[""sensor_1"", ""sensor_2""]",posterior
"[""sensor_0"", ""sensor_1"", ""sensor_2""]",sensor_0,toy_spatial,1,,41.0,3.795536581652717,3.795536581652717,3.795536581652717,0.80285,0.99955,0.80285,0.80285,,,14.672913857805728,20000,20000,,,20000,,0.2,raw_normalized,row,raw_sensor,1.0,0.0,1.0,cyclic,Adaptive Held-Out Raw Sensor CP,sensor_1,"[""sensor_0"", ""sensor_2""]",posterior
"[""sensor_0"", ""sensor_1"", ""sensor_2""]",sensor_0,toy_spatial,1,,41.0,5.36148852441331,5.36148852441331,5.36148852441331,0.79965,1.0,0.79965,0.79965,,,19.38853216640949,20000,20000,,,20000,,0.2,raw_normalized,row,raw_sensor,1.0,0.0,1.0,cyclic,Adaptive Held-Out Raw Sensor CP,sensor_2,"[""sensor_0"", ""sensor_1""]",posterior
"[""sensor_0"", ""sensor_1"", ""sensor_2""]",sensor_0,toy_spatial,1,,41.0,1.2815515655446008,,,0.78355,0.78355,,,,,4.295159816741943,20000,0,,0.0,20000,,0.2,none,,,,,,,Fused Posterior Predictive,,"[""sensor_0"", ""sensor_1"", ""sensor_2""]",
"[""sensor_0"", ""sensor_1"", ""sensor_2""]",sensor_0,toy_spatial,1,,42.0,1.3282965421676636,1.3282965421676636,1.3282965421676636,0.7994,0.7994,,,,,4.451299891972542,20000,20000,,,20000,,0.2,model_normalized,row,reference,1.0,0.0,1.0,cyclic,Oracle Split Conformal,,"[""sensor_0"", ""sensor_1"", ""sensor_2""]",not_applicable
"[""sensor_0"", ""sensor_1"", ""sensor_2""]",sensor_0,toy_spatial,1,,42.0,1.8175385519638607,1.8175385519638607,1.8175385519638607,0.8013,0.9304,0.8013,0.8013,,,8.622972143483162,20000,20000,,,20000,,0.2,raw_normalized,row,raw_sensor,1.0,0.0,1.0,cyclic,Adaptive Held-Out Raw Sensor CP,sensor_0,"[""sensor_1"", ""sensor_2""]",posterior
"[""sensor_0"", ""sensor_1"", ""sensor_2""]",sensor_0,toy_spatial,1,,42.0,3.7722172224766783,3.7722172224766783,3.7722172224766783,0.79775,0.99935,0.79775,0.79775,,,14.580663818478584,20000,20000,,,20000,,0.2,raw_normalized,row,raw_sensor,1.0,0.0,1.0,cyclic,Adaptive Held-Out Raw Sensor CP,sensor_1,"[""sensor_0"", ""sensor_2""]",posterior
"[""sensor_0"", ""sensor_1"", ""sensor_2""]",sensor_0,toy_spatial,1,,42.0,5.3456677370274965,5.3456677370274965,5.3456677370274965,0.797,1.0,0.797,0.797,,,19.32944257478714,20000,20000,,,20000,,0.2,raw_normalized,row,raw_sensor,1.0,0.0,1.0,cyclic,Adaptive Held-Out Raw Sensor CP,sensor_2,"[""sensor_0"", ""sensor_1""]",posterior
"[""sensor_0"", ""sensor_1"", ""sensor_2""]",sensor_0,toy_spatial,1,,42.0,1.2815515655446008,,,0.78225,0.78225,,,,,4.294651508331299,20000,0,,0.0,20000,,0.2,none,,,,,,,Fused Posterior Predictive,,"[""sensor_0"", ""sensor_1"", ""sensor_2""]",
"[""sensor_0"", ""sensor_1"", ""sensor_2""]",sensor_0,toy_spatial,1,,43.0,1.327535629272461,1.327535629272461,1.327535629272461,0.79895,0.79895,,,,,4.448882082557678,20000,20000,,,20000,,0.2,model_normalized,row,reference,1.0,0.0,1.0,cyclic,Oracle Split Conformal,,"[""sensor_0"", ""sensor_1"", ""sensor_2""]",not_applicable
"[""sensor_0"", ""sensor_1"", ""sensor_2""]",sensor_0,toy_spatial,1,,43.0,1.8194450479295632,1.8194450479295632,1.8194450479295632,0.80225,0.9293,0.80225,0.80225,,,8.632883660924435,20000,20000,,,20000,,0.2,raw_normalized,row,raw_sensor,1.0,0.0,1.0,cyclic,Adaptive Held-Out Raw Sensor CP,sensor_0,"[""sensor_1"", ""sensor_2""]",posterior
"[""sensor_0"", ""sensor_1"", ""sensor_2""]",sensor_0,toy_spatial,1,,43.0,3.7981280217833775,3.7981280217833775,3.7981280217833775,0.8034,0.99965,0.8034,0.8034,,,14.681199916505811,20000,20000,,,20000,,0.2,raw_normalized,row,raw_sensor,1.0,0.0,1.0,cyclic,Adaptive Held-Out Raw Sensor CP,sensor_1,"[""sensor_0"", ""sensor_2""]",posterior
"[""sensor_0"", ""sensor_1"", ""sensor_2""]",sensor_0,toy_spatial,1,,43.0,5.354535279153835,5.354535279153835,5.354535279153835,0.7987,1.0,0.7987,0.7987,,,19.361698951625826,20000,20000,,,20000,,0.2,raw_normalized,row,raw_sensor,1.0,0.0,1.0,cyclic,Adaptive Held-Out Raw Sensor CP,sensor_2,"[""sensor_0"", ""sensor_1""]",posterior
"[""sensor_0"", ""sensor_1"", ""sensor_2""]",sensor_0,toy_spatial,1,,43.0,1.2815515655446008,,,0.78205,0.78205,,,,,4.294778823852539,20000,0,,0.0,20000,,0.2,none,,,,,,,Fused Posterior Predictive,,"[""sensor_0"", ""sensor_1"", ""sensor_2""]",
"[""sensor_0"", ""sensor_1"", ""sensor_2""]",sensor_0,toy_spatial,1,,44.0,1.3276500701904297,1.3276500701904297,1.3276500701904297,0.7991,0.7991,,,,,4.449391127753258,20000,20000,,,20000,,0.2,model_normalized,row,reference,1.0,0.0,1.0,cyclic,Oracle Split Conformal,,"[""sensor_0"", ""sensor_1"", ""sensor_2""]",not_applicable
"[""sensor_0"", ""sensor_1"", ""sensor_2""]",sensor_0,toy_spatial,1,,44.0,1.816016038955237,1.816016038955237,1.816016038955237,0.80045,0.92885,0.80045,0.80045,,,8.616796875655652,20000,20000,,,20000,,0.2,raw_normalized,row,raw_sensor,1.0,0.0,1.0,cyclic,Adaptive Held-Out Raw Sensor CP,sensor_0,"[""sensor_1"", ""sensor_2""]",posterior
"[""sensor_0"", ""sensor_1"", ""sensor_2""]",sensor_0,toy_spatial,1,,44.0,3.788937420606541,3.788937420606541,3.788937420606541,0.8013,0.99965,0.8013,0.8013,,,14.64583393716812,20000,20000,,,20000,,0.2,raw_normalized,row,raw_sensor,1.0,0.0,1.0,cyclic,Adaptive Held-Out Raw Sensor CP,sensor_1,"[""sensor_0"", ""sensor_2""]",posterior
"[""sensor_0"", ""sensor_1"", ""sensor_2""]",sensor_0,toy_spatial,1,,44.0,5.370888746629452,5.370888746629452,5.370888746629452,0.8014,1.0,0.8014,0.8014,,,19.42118784182072,20000,20000,,,20000,,0.2,raw_normalized,row,raw_sensor,1.0,0.0,1.0,cyclic,Adaptive Held-Out Raw Sensor CP,sensor_2,"[""sensor_0"", ""sensor_1""]",posterior
"[""sensor_0"", ""sensor_1"", ""sensor_2""]",sensor_0,toy_spatial,1,,44.0,1.2815515655446008,,,0.78345,0.78345,,,,,4.294899940490723,20000,0,,0.0,20000,,0.2,none,,,,,,,Fused Posterior Predictive,,"[""sensor_0"", ""sensor_1"", ""sensor_2""]",
"[""sensor_0"", ""sensor_1"", ""sensor_2""]",sensor_0,toy_spatial,1,,45.0,1.3245229721069336,1.3245229721069336,1.3245229721069336,0.79705,0.79705,,,,,4.439097321677208,20000,20000,,,20000,,0.2,model_normalized,row,reference,1.0,0.0,1.0,cyclic,Oracle Split Conformal,,"[""sensor_0"", ""sensor_1"", ""sensor_2""]",not_applicable
"[""sensor_0"", ""sensor_1"", ""sensor_2""]",sensor_0,toy_spatial,1,,45.0,1.8138188032851972,1.8138188032851972,1.8138188032851972,0.7991,0.9266,0.7991,0.7991,,,8.605700001239777,20000,20000,,,20000,,0.2,raw_normalized,row,raw_sensor,1.0,0.0,1.0,cyclic,Adaptive Held-Out Raw Sensor CP,sensor_0,"[""sensor_1"", ""sensor_2""]",posterior
"[""sensor_0"", ""sensor_1"", ""sensor_2""]",sensor_0,toy_spatial,1,,45.0,3.785347765745815,3.785347765745815,3.785347765745815,0.80055,0.99975,0.80055,0.80055,,,14.633811156857014,20000,20000,,,20000,,0.2,raw_normalized,row,raw_sensor,1.0,0.0,1.0,cyclic,Adaptive Held-Out Raw Sensor CP,sensor_1,"[""sensor_0"", ""sensor_2""]",posterior
"[""sensor_0"", ""sensor_1"", ""sensor_2""]",sensor_0,toy_spatial,1,,45.0,5.359690954766476,5.359690954766476,5.359690954766476,0.79945,1.0,0.79945,0.79945,,,19.38215126035213,20000,20000,,,20000,,0.2,raw_normalized,row,raw_sensor,1.0,0.0,1.0,cyclic,Adaptive Held-Out Raw Sensor CP,sensor_2,"[""sensor_0"", ""sensor_1""]",posterior
"[""sensor_0"", ""sensor_1"", ""sensor_2""]",sensor_0,toy_spatial,1,,45.0,1.2815515655446008,,,0.7814,0.7814,,,,,4.295080184936523,20000,0,,0.0,20000,,0.2,none,,,,,,,Fused Posterior Predictive,,"[""sensor_0"", ""sensor_1"", ""sensor_2""]",
"[""sensor_0"", ""sensor_1"", ""sensor_2""]",sensor_0,toy_spatial,1,,46.0,1.3274201154708862,1.3274201154708862,1.3274201154708862,0.7988,0.7988,,,,,4.448623395276069,20000,20000,,,20000,,0.2,model_normalized,row,reference,1.0,0.0,1.0,cyclic,Oracle Split Conformal,,"[""sensor_0"", ""sensor_1"", ""sensor_2""]",not_applicable
"[""sensor_0"", ""sensor_1"", ""sensor_2""]",sensor_0,toy_spatial,1,,46.0,1.8048314265325711,1.8048314265325711,1.8048314265325711,0.7942,0.92665,0.7942,0.7942,,,8.563128603315354,20000,20000,,,20000,,0.2,raw_normalized,row,raw_sensor,1.0,0.0,1.0,cyclic,Adaptive Held-Out Raw Sensor CP,sensor_0,"[""sensor_1"", ""sensor_2""]",posterior
"[""sensor_0"", ""sensor_1"", ""sensor_2""]",sensor_0,toy_spatial,1,,46.0,3.8023581993295856,3.8023581993295856,3.8023581993295856,0.80395,0.99975,0.80395,0.80395,,,14.698693519723417,20000,20000,,,20000,,0.2,raw_normalized,row,raw_sensor,1.0,0.0,1.0,cyclic,Adaptive Held-Out Raw Sensor CP,sensor_1,"[""sensor_0"", ""sensor_2""]",posterior
"[""sensor_0"", ""sensor_1"", ""sensor_2""]",sensor_0,toy_spatial,1,,46.0,5.316032752438143,5.316032752438143,5.316032752438143,0.79235,1.0,0.79235,0.79235,,,19.22361372725964,20000,20000,,,20000,,0.2,raw_normalized,row,raw_sensor,1.0,0.0,1.0,cyclic,Adaptive Held-Out Raw Sensor CP,sensor_2,"[""sensor_0"", ""sensor_1""]",posterior
"[""sensor_0"", ""sensor_1"", ""sensor_2""]",sensor_0,toy_spatial,1,,46.0,1.2815515655446008,,,0.7821,0.7821,,,,,4.294902801513672,20000,0,,0.0,20000,,0.2,none,,,,,,,Fused Posterior Predictive,,"[""sensor_0"", ""sensor_1"", ""sensor_2""]",
"[""sensor_0"", ""sensor_1"", ""sensor_2""]",sensor_0,toy_spatial,1,,47.0,1.3320999145507812,1.3320999145507812,1.3320999145507812,0.80185,0.80185,,,,,4.46459992454052,20000,20000,,,20000,,0.2,model_normalized,row,reference,1.0,0.0,1.0,cyclic,Oracle Split Conformal,,"[""sensor_0"", ""sensor_1"", ""sensor_2""]",not_applicable
"[""sensor_0"", ""sensor_1"", ""sensor_2""]",sensor_0,toy_spatial,1,,47.0,1.811396319593356,1.811396319593356,1.811396319593356,0.79715,0.9288,0.79715,0.79715,,,8.595358807635307,20000,20000,,,20000,,0.2,raw_normalized,row,raw_sensor,1.0,0.0,1.0,cyclic,Adaptive Held-Out Raw Sensor CP,sensor_0,"[""sensor_1"", ""sensor_2""]",posterior
"[""sensor_0"", ""sensor_1"", ""sensor_2""]",sensor_0,toy_spatial,1,,47.0,3.7589664982036863,3.7589664982036863,3.7589664982036863,0.79465,0.9994,0.79465,0.79465,,,14.53156744389534,20000,20000,,,20000,,0.2,raw_normalized,row,raw_sensor,1.0,0.0,1.0,cyclic,Adaptive Held-Out Raw Sensor CP,sensor_1,"[""sensor_0"", ""sensor_2""]",posterior
"[""sensor_0"", ""sensor_1"", ""sensor_2""]",sensor_0,toy_spatial,1,,47.0,5.402090092685064,5.402090092685064,5.402090092685064,0.8072,1.0,0.8072,0.8072,,,19.53557368783951,20000,20000,,,20000,,0.2,raw_normalized,row,raw_sensor,1.0,0.0,1.0,cyclic,Adaptive Held-Out Raw Sensor CP,sensor_2,"[""sensor_0"", ""sensor_1""]",posterior
"[""sensor_0"", ""sensor_1"", ""sensor_2""]",sensor_0,toy_spatial,1,,47.0,1.2815515655446008,,,0.78365,0.78365,,,,,4.29518461227417,20000,0,,0.0,20000,,0.2,none,,,,,,,Fused Posterior Predictive,,"[""sensor_0"", ""sensor_1"", ""sensor_2""]",
"[""sensor_0"", ""sensor_1"", ""sensor_2""]",sensor_0,toy_spatial,1,,48.0,1.3259347677230835,1.3259347677230835,1.3259347677230835,0.7978,0.7978,,,,,4.443135610723496,20000,20000,,,20000,,0.2,model_normalized,row,reference,1.0,0.0,1.0,cyclic,Oracle Split Conformal,,"[""sensor_0"", ""sensor_1"", ""sensor_2""]",not_applicable
"[""sensor_0"", ""sensor_1"", ""sensor_2""]",sensor_0,toy_spatial,1,,48.0,1.8100595561372996,1.8100595561372996,1.8100595561372996,0.7967,0.9275,0.7967,0.7967,,,8.587538706886768,20000,20000,,,20000,,0.2,raw_normalized,row,raw_sensor,1.0,0.0,1.0,cyclic,Adaptive Held-Out Raw Sensor CP,sensor_0,"[""sensor_1"", ""sensor_2""]",posterior
"[""sensor_0"", ""sensor_1"", ""sensor_2""]",sensor_0,toy_spatial,1,,48.0,3.768168604560214,3.768168604560214,3.768168604560214,0.7969,0.9994,0.7969,0.7969,,,14.564112983679772,20000,20000,,,20000,,0.2,raw_normalized,row,raw_sensor,1.0,0.0,1.0,cyclic,Adaptive Held-Out Raw Sensor CP,sensor_1,"[""sensor_0"", ""sensor_2""]",posterior
"[""sensor_0"", ""sensor_1"", ""sensor_2""]",sensor_0,toy_spatial,1,,48.0,5.344693680721646,5.344693680721646,5.344693680721646,0.79655,1.0,0.79655,0.79655,,,19.324535013222693,20000,20000,,,20000,,0.2,raw_normalized,row,raw_sensor,1.0,0.0,1.0,cyclic,Adaptive Held-Out Raw Sensor CP,sensor_2,"[""sensor_0"", ""sensor_1""]",posterior
"[""sensor_0"", ""sensor_1"", ""sensor_2""]",sensor_0,toy_spatial,1,,48.0,1.2815515655446008,,,0.781,0.781,,,,,4.294410228729248,20000,0,,0.0,20000,,0.2,none,,,,,,,Fused Posterior Predictive,,"[""sensor_0"", ""sensor_1"", ""sensor_2""]",
"[""sensor_0"", ""sensor_1"", ""sensor_2""]",sensor_0,toy_spatial,1,,49.0,1.3363703489303589,1.3363703489303589,1.3363703489303589,0.80455,0.80455,,,,,4.478396840906143,20000,20000,,,20000,,0.2,model_normalized,row,reference,1.0,0.0,1.0,cyclic,Oracle Split Conformal,,"[""sensor_0"", ""sensor_1"", ""sensor_2""]",not_applicable
"[""sensor_0"", ""sensor_1"", ""sensor_2""]",sensor_0,toy_spatial,1,,49.0,1.8257299014053936,1.8257299014053936,1.8257299014053936,0.8049,0.9332,0.8049,0.8049,,,8.66098759957552,20000,20000,,,20000,,0.2,raw_normalized,row,raw_sensor,1.0,0.0,1.0,cyclic,Adaptive Held-Out Raw Sensor CP,sensor_0,"[""sensor_1"", ""sensor_2""]",posterior
"[""sensor_0"", ""sensor_1"", ""sensor_2""]",sensor_0,toy_spatial,1,,49.0,3.7798888179764503,3.7798888179764503,3.7798888179764503,0.79925,0.9997,0.79925,0.79925,,,14.611432864427568,20000,20000,,,20000,,0.2,raw_normalized,row,raw_sensor,1.0,0.0,1.0,cyclic,Adaptive Held-Out Raw Sensor CP,sensor_1,"[""sensor_0"", ""sensor_2""]",posterior
"[""sensor_0"", ""sensor_1"", ""sensor_2""]",sensor_0,toy_spatial,1,,49.0,5.367170054203029,5.367170054203029,5.367170054203029,0.8006,1.0,0.8006,0.8006,,,19.40784740078449,20000,20000,,,20000,,0.2,raw_normalized,row,raw_sensor,1.0,0.0,1.0,cyclic,Adaptive Held-Out Raw Sensor CP,sensor_2,"[""sensor_0"", ""sensor_1""]",posterior
"[""sensor_0"", ""sensor_1"", ""sensor_2""]",sensor_0,toy_spatial,1,,49.0,1.2815515655446008,,,0.78425,0.78425,,,,,4.294690132141113,20000,0,,0.0,20000,,0.2,none,,,,,,,Fused Posterior Predictive,,"[""sensor_0"", ""sensor_1"", ""sensor_2""]",
"[""sensor_0"", ""sensor_1"", ""sensor_2""]",sensor_0,toy_spatial,1,,50.0,1.3275514841079712,1.3275514841079712,1.3275514841079712,0.799,0.799,,,,,4.448932843875885,20000,20000,,,20000,,0.2,model_normalized,row,reference,1.0,0.0,1.0,cyclic,Oracle Split Conformal,,"[""sensor_0"", ""sensor_1"", ""sensor_2""]",not_applicable
"[""sensor_0"", ""sensor_1"", ""sensor_2""]",sensor_0,toy_spatial,1,,50.0,1.8138598458171604,1.8138598458171604,1.8138598458171604,0.79915,0.92965,0.79915,0.79915,,,8.60635066614151,20000,20000,,,20000,,0.2,raw_normalized,row,raw_sensor,1.0,0.0,1.0,cyclic,Adaptive Held-Out Raw Sensor CP,sensor_0,"[""sensor_1"", ""sensor_2""]",posterior
"[""sensor_0"", ""sensor_1"", ""sensor_2""]",sensor_0,toy_spatial,1,,50.0,3.822020618695783,3.822020618695783,3.822020618695783,0.8088,0.99965,0.8088,0.8088,,,14.773775374174118,20000,20000,,,20000,,0.2,raw_normalized,row,raw_sensor,1.0,0.0,1.0,cyclic,Adaptive Held-Out Raw Sensor CP,sensor_1,"[""sensor_0"", ""sensor_2""]",posterior
"[""sensor_0"", ""sensor_1"", ""sensor_2""]",sensor_0,toy_spatial,1,,50.0,5.389903942790043,5.389903942790043,5.389903942790043,0.80545,1.0,0.80545,0.80545,,,19.489333823490146,20000,20000,,,20000,,0.2,raw_normalized,row,raw_sensor,1.0,0.0,1.0,cyclic,Adaptive Held-Out Raw Sensor CP,sensor_2,"[""sensor_0"", ""sensor_1""]",posterior
"[""sensor_0"", ""sensor_1"", ""sensor_2""]",sensor_0,toy_spatial,1,,50.0,1.2815515655446008,,,0.78225,0.78225,,,,,4.294776439666748,20000,0,,0.0,20000,,0.2,none,,,,,,,Fused Posterior Predictive,,"[""sensor_0"", ""sensor_1"", ""sensor_2""]",
"[""sensor_0"", ""sensor_1"", ""sensor_2""]",sensor_0,toy_spatial,1,,51.0,1.336739420890808,1.336739420890808,1.336739420890808,0.8046,0.8046,,,,,4.480110551333428,20000,20000,,,20000,,0.2,model_normalized,row,reference,1.0,0.0,1.0,cyclic,Oracle Split Conformal,,"[""sensor_0"", ""sensor_1"", ""sensor_2""]",not_applicable
"[""sensor_0"", ""sensor_1"", ""sensor_2""]",sensor_0,toy_spatial,1,,51.0,1.8107287293547008,1.8107287293547008,1.8107287293547008,0.79695,0.9285,0.79695,0.79695,,,8.59112781316042,20000,20000,,,20000,,0.2,raw_normalized,row,raw_sensor,1.0,0.0,1.0,cyclic,Adaptive Held-Out Raw Sensor CP,sensor_0,"[""sensor_1"", ""sensor_2""]",posterior
"[""sensor_0"", ""sensor_1"", ""sensor_2""]",sensor_0,toy_spatial,1,,51.0,3.7878237377287176,3.7878237377287176,3.7878237377287176,0.80115,0.9995,0.80115,0.80115,,,14.643601505315305,20000,20000,,,20000,,0.2,raw_normalized,row,raw_sensor,1.0,0.0,1.0,cyclic,Adaptive Held-Out Raw Sensor CP,sensor_1,"[""sensor_0"", ""sensor_2""]",posterior
"[""sensor_0"", ""sensor_1"", ""sensor_2""]",sensor_0,toy_spatial,1,,51.0,5.364606334170875,5.364606334170875,5.364606334170875,0.8001,1.0,0.8001,0.8001,,,19.400064405679704,20000,20000,,,20000,,0.2,raw_normalized,row,raw_sensor,1.0,0.0,1.0,cyclic,Adaptive Held-Out Raw Sensor CP,sensor_2,"[""sensor_0"", ""sensor_1""]",posterior
"[""sensor_0"", ""sensor_1"", ""sensor_2""]",sensor_0,toy_spatial,1,,51.0,1.2815515655446008,,,0.7842,0.7842,,,,,4.29514741897583,20000,0,,0.0,20000,,0.2,none,,,,,,,Fused Posterior Predictive,,"[""sensor_0"", ""sensor_1"", ""sensor_2""]",
"[""sensor_0"", ""sensor_1"", ""sensor_2""]",sensor_0,toy_spatial,1,,52.0,1.3270654678344729,1.3270654678344729,1.3270654678344729,0.79855,0.79855,,,,,4.448070297265053,20000,20000,,,20000,,0.2,model_normalized,row,reference,1.0,0.0,1.0,cyclic,Oracle Split Conformal,,"[""sensor_0"", ""sensor_1"", ""sensor_2""]",not_applicable
"[""sensor_0"", ""sensor_1"", ""sensor_2""]",sensor_0,toy_spatial,1,,52.0,1.8327221471666324,1.8327221471666324,1.8327221471666324,0.80805,0.9304,0.80805,0.80805,,,8.696225053572654,20000,20000,,,20000,,0.2,raw_normalized,row,raw_sensor,1.0,0.0,1.0,cyclic,Adaptive Held-Out Raw Sensor CP,sensor_0,"[""sensor_1"", ""sensor_2""]",posterior
"[""sensor_0"", ""sensor_1"", ""sensor_2""]",sensor_0,toy_spatial,1,,52.0,3.82099611867128,3.82099611867128,3.82099611867128,0.8084,0.99965,0.8084,0.8084,,,14.773193429231643,20000,20000,,,20000,,0.2,raw_normalized,row,raw_sensor,1.0,0.0,1.0,cyclic,Adaptive Held-Out Raw Sensor CP,sensor_1,"[""sensor_0"", ""sensor_2""]",posterior
"[""sensor_0"", ""sensor_1"", ""sensor_2""]",sensor_0,toy_spatial,1,,52.0,5.344415726419793,5.344415726419793,5.344415726419793,0.7965,1.0,0.7965,0.7965,,,19.328853599643708,20000,20000,,,20000,,0.2,raw_normalized,row,raw_sensor,1.0,0.0,1.0,cyclic,Adaptive Held-Out Raw Sensor CP,sensor_2,"[""sensor_0"", ""sensor_1""]",posterior
"[""sensor_0"", ""sensor_1"", ""sensor_2""]",sensor_0,toy_spatial,1,,52.0,1.2815515655446008,,,0.7819,0.7819,,,,,4.295516490936279,20000,0,,0.0,20000,,0.2,none,,,,,,,Fused Posterior Predictive,,"[""sensor_0"", ""sensor_1"", ""sensor_2""]",
"[""sensor_0"", ""sensor_1"", ""sensor_2""]",sensor_0,toy_spatial,1,,53.0,1.3230913877487185,1.3230913877487185,1.3230913877487185,0.796,0.796,,,,,4.434313815903663,20000,20000,,,20000,,0.2,model_normalized,row,reference,1.0,0.0,1.0,cyclic,Oracle Split Conformal,,"[""sensor_0"", ""sensor_1"", ""sensor_2""]",not_applicable
"[""sensor_0"", ""sensor_1"", ""sensor_2""]",sensor_0,toy_spatial,1,,53.0,1.8105604357415104,1.8105604357415104,1.8105604357415104,0.7968,0.92705,0.7968,0.7968,,,8.590908705186845,20000,20000,,,20000,,0.2,raw_normalized,row,raw_sensor,1.0,0.0,1.0,cyclic,Adaptive Held-Out Raw Sensor CP,sensor_0,"[""sensor_1"", ""sensor_2""]",posterior
"[""sensor_0"", ""sensor_1"", ""sensor_2""]",sensor_0,toy_spatial,1,,53.0,3.815047394264397,3.815047394264397,3.815047394264397,0.8072,0.99965,0.8072,0.8072,,,14.748341787970066,20000,20000,,,20000,,0.2,raw_normalized,row,raw_sensor,1.0,0.0,1.0,cyclic,Adaptive Held-Out Raw Sensor CP,sensor_1,"[""sensor_0"", ""sensor_2""]",posterior
"[""sensor_0"", ""sensor_1"", ""sensor_2""]",sensor_0,toy_spatial,1,,53.0,5.3837367861096,5.3837367861096,5.3837367861096,0.8041,1.0,0.8041,0.8041,,,19.469097640538216,20000,20000,,,20000,,0.2,raw_normalized,row,raw_sensor,1.0,0.0,1.0,cyclic,Adaptive Held-Out Raw Sensor CP,sensor_2,"[""sensor_0"", ""sensor_1""]",posterior
"[""sensor_0"", ""sensor_1"", ""sensor_2""]",sensor_0,toy_spatial,1,,53.0,1.2815515655446008,,,0.78,0.78,,,,,4.295093536376953,20000,0,,0.0,20000,,0.2,none,,,,,,,Fused Posterior Predictive,,"[""sensor_0"", ""sensor_1"", ""sensor_2""]",
"[""sensor_0"", ""sensor_1"", ""sensor_2""]",sensor_0,toy_spatial,1,,54.0,1.3257240056991575,1.3257240056991575,1.3257240056991575,0.79765,0.79765,,,,,4.442724218082428,20000,20000,,,20000,,0.2,model_normalized,row,reference,1.0,0.0,1.0,cyclic,Oracle Split Conformal,,"[""sensor_0"", ""sensor_1"", ""sensor_2""]",not_applicable
"[""sensor_0"", ""sensor_1"", ""sensor_2""]",sensor_0,toy_spatial,1,,54.0,1.8204034696708664,1.8204034696708664,1.8204034696708664,0.80275,0.9304,0.80275,0.80275,,,8.63582290787697,20000,20000,,,20000,,0.2,raw_normalized,row,raw_sensor,1.0,0.0,1.0,cyclic,Adaptive Held-Out Raw Sensor CP,sensor_0,"[""sensor_1"", ""sensor_2""]",posterior
"[""sensor_0"", ""sensor_1"", ""sensor_2""]",sensor_0,toy_spatial,1,,54.0,3.7771434044884695,3.7771434044884695,3.7771434044884695,0.7988,0.99945,0.7988,0.7988,,,14.60130426067114,20000,20000,,,20000,,0.2,raw_normalized,row,raw_sensor,1.0,0.0,1.0,cyclic,Adaptive Held-Out Raw Sensor CP,sensor_1,"[""sensor_0"", ""sensor_2""]",posterior
"[""sensor_0"", ""sensor_1"", ""sensor_2""]",sensor_0,toy_spatial,1,,54.0,5.328613088614892,5.328613088614892,5.328613088614892,0.79435,1.0,0.79435,0.79435,,,19.26832201628685,20000,20000,,,20000,,0.2,raw_normalized,row,raw_sensor,1.0,0.0,1.0,cyclic,Adaptive Held-Out Raw Sensor CP,sensor_2,"[""sensor_0"", ""sensor_1""]",posterior
"[""sensor_0"", ""sensor_1"", ""sensor_2""]",sensor_0,toy_spatial,1,,54.0,1.2815515655446008,,,0.7817,0.7817,,,,,4.294694900512695,20000,0,,0.0,20000,,0.2,none,,,,,,,Fused Posterior Predictive,,"[""sensor_0"", ""sensor_1"", ""sensor_2""]",
"[""sensor_0"", ""sensor_1"", ""sensor_2""]",sensor_0,toy_spatial,1,,55.0,1.3239994049072266,1.3239994049072266,1.3239994049072266,0.79665,0.79665,,,,,4.436928067159653,20000,20000,,,20000,,0.2,model_normalized,row,reference,1.0,0.0,1.0,cyclic,Oracle Split Conformal,,"[""sensor_0"", ""sensor_1"", ""sensor_2""]",not_applicable
"[""sensor_0"", ""sensor_1"", ""sensor_2""]",sensor_0,toy_spatial,1,,55.0,1.8135975314178767,1.8135975314178767,1.8135975314178767,0.7989,0.92775,0.7989,0.7989,,,8.603891074204444,20000,20000,,,20000,,0.2,raw_normalized,row,raw_sensor,1.0,0.0,1.0,cyclic,Adaptive Held-Out Raw Sensor CP,sensor_0,"[""sensor_1"", ""sensor_2""]",posterior
"[""sensor_0"", ""sensor_1"", ""sensor_2""]",sensor_0,toy_spatial,1,,55.0,3.81076644567308,3.81076644567308,3.81076644567308,0.80575,0.99965,0.80575,0.80575,,,14.730723168873787,20000,20000,,,20000,,0.2,raw_normalized,row,raw_sensor,1.0,0.0,1.0,cyclic,Adaptive Held-Out Raw Sensor CP,sensor_1,"[""sensor_0"", ""sensor_2""]",posterior
"[""sensor_0"", ""sensor_1"", ""sensor_2""]",sensor_0,toy_spatial,1,,55.0,5.367642913589189,5.367642913589189,5.367642913589189,0.8009,1.0,0.8009,0.8009,,,19.409454724025725,20000,20000,,,20000,,0.2,raw_normalized,row,raw_sensor,1.0,0.0,1.0,cyclic,Adaptive Held-Out Raw Sensor CP,sensor_2,"[""sensor_0"", ""sensor_1""]",posterior
"[""sensor_0"", ""sensor_1"", ""sensor_2""]",sensor_0,toy_spatial,1,,55.0,1.2815515655446008,,,0.78115,0.78115,,,,,4.294678688049316,20000,0,,0.0,20000,,0.2,none,,,,,,,Fused Posterior Predictive,,"[""sensor_0"", ""sensor_1"", ""sensor_2""]",
"[""sensor_0"", ""sensor_1"", ""sensor_2""]",sensor_0,toy_spatial,1,,56.0,1.3232927322387695,1.3232927322387695,1.3232927322387695,0.79605,0.79605,,,,,4.43474070212841,20000,20000,,,20000,,0.2,model_normalized,row,reference,1.0,0.0,1.0,cyclic,Oracle Split Conformal,,"[""sensor_0"", ""sensor_1"", ""sensor_2""]",not_applicable
"[""sensor_0"", ""sensor_1"", ""sensor_2""]",sensor_0,toy_spatial,1,,56.0,1.8091686943262264,1.8091686943262264,1.8091686943262264,0.7963,0.92905,0.7963,0.7963,,,8.583883854937554,20000,20000,,,20000,,0.2,raw_normalized,row,raw_sensor,1.0,0.0,1.0,cyclic,Adaptive Held-Out Raw Sensor CP,sensor_0,"[""sensor_1"", ""sensor_2""]",posterior
"[""sensor_0"", ""sensor_1"", ""sensor_2""]",sensor_0,toy_spatial,1,,56.0,3.7692727626787152,3.7692727626787152,3.7692727626787152,0.79725,0.9995,0.79725,0.79725,,,14.5701086907506,20000,20000,,,20000,,0.2,raw_normalized,row,raw_sensor,1.0,0.0,1.0,cyclic,Adaptive Held-Out Raw Sensor CP,sensor_1,"[""sensor_0"", ""sensor_2""]",posterior
"[""sensor_0"", ""sensor_1"", ""sensor_2""]",sensor_0,toy_spatial,1,,56.0,5.364456693054911,5.364456693054911,5.364456693054911,0.80005,1.0,0.80005,0.80005,,,19.397840744280813,20000,20000,,,20000,,0.2,raw_normalized,row,raw_sensor,1.0,0.0,1.0,cyclic,Adaptive Held-Out Raw Sensor CP,sensor_2,"[""sensor_0"", ""sensor_1""]",posterior
"[""sensor_0"", ""sensor_1"", ""sensor_2""]",sensor_0,toy_spatial,1,,56.0,1.2815515655446008,,,0.7804,0.7804,,,,,4.294853687286377,20000,0,,0.0,20000,,0.2,none,,,,,,,Fused Posterior Predictive,,"[""sensor_0"", ""sensor_1"", ""sensor_2""]",
"[""sensor_0"", ""sensor_1"", ""sensor_2""]",sensor_0,toy_spatial,1,,57.0,1.338716745376587,1.338716745376587,1.338716745376587,0.8059,0.8059,,,,,4.486481263923645,20000,20000,,,20000,,0.2,model_normalized,row,reference,1.0,0.0,1.0,cyclic,Oracle Split Conformal,,"[""sensor_0"", ""sensor_1"", ""sensor_2""]",not_applicable
"[""sensor_0"", ""sensor_1"", ""sensor_2""]",sensor_0,toy_spatial,1,,57.0,1.8209033409332327,1.8209033409332327,1.8209033409332327,0.80295,0.93125,0.80295,0.80295,,,8.639471663033962,20000,20000,,,20000,,0.2,raw_normalized,row,raw_sensor,1.0,0.0,1.0,cyclic,Adaptive Held-Out Raw Sensor CP,sensor_0,"[""sensor_1"", ""sensor_2""]",posterior
"[""sensor_0"", ""sensor_1"", ""sensor_2""]",sensor_0,toy_spatial,1,,57.0,3.7819379165542433,3.7819379165542433,3.7819379165542433,0.7997,0.99975,0.7997,0.7997,,,14.61994831790924,20000,20000,,,20000,,0.2,raw_normalized,row,raw_sensor,1.0,0.0,1.0,cyclic,Adaptive Held-Out Raw Sensor CP,sensor_1,"[""sensor_0"", ""sensor_2""]",posterior
"[""sensor_0"", ""sensor_1"", ""sensor_2""]",sensor_0,toy_spatial,1,,57.0,5.37181216136219,5.37181216136219,5.37181216136219,0.80165,1.0,0.80165,0.80165,,,19.4252020203352,20000,20000,,,20000,,0.2,raw_normalized,row,raw_sensor,1.0,0.0,1.0,cyclic,Adaptive Held-Out Raw Sensor CP,sensor_2,"[""sensor_0"", ""sensor_1""]",posterior
"[""sensor_0"", ""sensor_1"", ""sensor_2""]",sensor_0,toy_spatial,1,,57.0,1.2815515655446008,,,0.7851,0.7851,,,,,4.294901847839356,20000,0,,0.0,20000,,0.2,none,,,,,,,Fused Posterior Predictive,,"[""sensor_0"", ""sensor_1"", ""sensor_2""]",
"[""sensor_0"", ""sensor_1"", ""sensor_2""]",sensor_0,toy_spatial,1,,58.0,1.3279335498809814,1.3279335498809814,1.3279335498809814,0.7992,0.7992,,,,,4.450523791408539,20000,20000,,,20000,,0.2,model_normalized,row,reference,1.0,0.0,1.0,cyclic,Oracle Split Conformal,,"[""sensor_0"", ""sensor_1"", ""sensor_2""]",not_applicable
"[""sensor_0"", ""sensor_1"", ""sensor_2""]",sensor_0,toy_spatial,1,,58.0,1.804774295817732,1.804774295817732,1.804774295817732,0.79415,0.9263,0.79415,0.79415,,,8.562100428676604,20000,20000,,,20000,,0.2,raw_normalized,row,raw_sensor,1.0,0.0,1.0,cyclic,Adaptive Held-Out Raw Sensor CP,sensor_0,"[""sensor_1"", ""sensor_2""]",posterior
"[""sensor_0"", ""sensor_1"", ""sensor_2""]",sensor_0,toy_spatial,1,,58.0,3.782489234243814,3.782489234243814,3.782489234243814,0.7999,0.9996,0.7999,0.7999,,,14.62270269100666,20000,20000,,,20000,,0.2,raw_normalized,row,raw_sensor,1.0,0.0,1.0,cyclic,Adaptive Held-Out Raw Sensor CP,sensor_1,"[""sensor_0"", ""sensor_2""]",posterior
"[""sensor_0"", ""sensor_1"", ""sensor_2""]",sensor_0,toy_spatial,1,,58.0,5.423309756996259,5.423309756996259,5.423309756996259,0.81035,1.0,0.81035,0.81035,,,19.61289203417301,20000,20000,,,20000,,0.2,raw_normalized,row,raw_sensor,1.0,0.0,1.0,cyclic,Adaptive Held-Out Raw Sensor CP,sensor_2,"[""sensor_0"", ""sensor_1""]",posterior
"[""sensor_0"", ""sensor_1"", ""sensor_2""]",sensor_0,toy_spatial,1,,58.0,1.2815515655446008,,,0.7817,0.7817,,,,,4.295076370239258,20000,0,,0.0,20000,,0.2,none,,,,,,,Fused Posterior Predictive,,"[""sensor_0"", ""sensor_1"", ""sensor_2""]",
"[""sensor_0"", ""sensor_1"", ""sensor_2""]",sensor_0,toy_spatial,1,,59.0,1.339099645614624,1.339099645614624,1.339099645614624,0.80605,0.80605,,,,,4.488456920146942,20000,20000,,,20000,,0.2,model_normalized,row,reference,1.0,0.0,1.0,cyclic,Oracle Split Conformal,,"[""sensor_0"", ""sensor_1"", ""sensor_2""]",not_applicable
"[""sensor_0"", ""sensor_1"", ""sensor_2""]",sensor_0,toy_spatial,1,,59.0,1.8162940591215484,1.8162940591215484,1.8162940591215484,0.80065,0.92875,0.80065,0.80065,,,8.617120545458794,20000,20000,,,20000,,0.2,raw_normalized,row,raw_sensor,1.0,0.0,1.0,cyclic,Adaptive Held-Out Raw Sensor CP,sensor_0,"[""sensor_1"", ""sensor_2""]",posterior
"[""sensor_0"", ""sensor_1"", ""sensor_2""]",sensor_0,toy_spatial,1,,59.0,3.775233593960592,3.775233593960592,3.775233593960592,0.7983,0.99935,0.7983,0.7983,,,14.597410557961464,20000,20000,,,20000,,0.2,raw_normalized,row,raw_sensor,1.0,0.0,1.0,cyclic,Adaptive Held-Out Raw Sensor CP,sensor_1,"[""sensor_0"", ""sensor_2""]",posterior
"[""sensor_0"", ""sensor_1"", ""sensor_2""]",sensor_0,toy_spatial,1,,59.0,5.357954611421239,5.357954611421239,5.357954611421239,0.79915,1.0,0.79915,0.79915,,,19.378523892903328,20000,20000,,,20000,,0.2,raw_normalized,row,raw_sensor,1.0,0.0,1.0,cyclic,Adaptive Held-Out Raw Sensor CP,sensor_2,"[""sensor_0"", ""sensor_1""]",posterior
"[""sensor_0"", ""sensor_1"", ""sensor_2""]",sensor_0,toy_spatial,1,,59.0,1.2815515655446008,,,0.78535,0.78535,,,,,4.295564651489258,20000,0,,0.0,20000,,0.2,none,,,,,,,Fused Posterior Predictive,,"[""sensor_0"", ""sensor_1"", ""sensor_2""]",
"[""sensor_0"", ""sensor_1"", ""sensor_2""]",sensor_0,toy_spatial,1,,60.0,1.3332922458648682,1.3332922458648682,1.3332922458648682,0.8027,0.8027,,,,,4.468079487657547,20000,20000,,,20000,,0.2,model_normalized,row,reference,1.0,0.0,1.0,cyclic,Oracle Split Conformal,,"[""sensor_0"", ""sensor_1"", ""sensor_2""]",not_applicable
"[""sensor_0"", ""sensor_1"", ""sensor_2""]",sensor_0,toy_spatial,1,,60.0,1.8211790576082196,1.8211790576082196,1.8211790576082196,0.8032,0.9306,0.8032,0.8032,,,8.639957239544392,20000,20000,,,20000,,0.2,raw_normalized,row,raw_sensor,1.0,0.0,1.0,cyclic,Adaptive Held-Out Raw Sensor CP,sensor_0,"[""sensor_1"", ""sensor_2""]",posterior
"[""sensor_0"", ""sensor_1"", ""sensor_2""]",sensor_0,toy_spatial,1,,60.0,3.802812453390036,3.802812453390036,3.802812453390036,0.8041,0.9998,0.8041,0.8041,,,14.699522198808191,20000,20000,,,20000,,0.2,raw_normalized,row,raw_sensor,1.0,0.0,1.0,cyclic,Adaptive Held-Out Raw Sensor CP,sensor_1,"[""sensor_0"", ""sensor_2""]",posterior
"[""sensor_0"", ""sensor_1"", ""sensor_2""]",sensor_0,toy_spatial,1,,60.0,5.344693680721646,5.344693680721646,5.344693680721646,0.79655,1.0,0.79655,0.79655,,,19.326640627503394,20000,20000,,,20000,,0.2,raw_normalized,row,raw_sensor,1.0,0.0,1.0,cyclic,Adaptive Held-Out Raw Sensor CP,sensor_2,"[""sensor_0"", ""sensor_1""]",posterior
"[""sensor_0"", ""sensor_1"", ""sensor_2""]",sensor_0,toy_spatial,1,,60.0,1.2815515655446008,,,0.78365,0.78365,,,,,4.2946882247924805,20000,0,,0.0,20000,,0.2,none,,,,,,,Fused Posterior Predictive,,"[""sensor_0"", ""sensor_1"", ""sensor_2""]",
"[""sensor_0"", ""sensor_1"", ""sensor_2""]",sensor_0,toy_spatial,1,,61.0,1.3363703489303589,1.3363703489303589,1.3363703489303589,0.80455,0.80455,,,,,4.479196607041359,20000,20000,,,20000,,0.2,model_normalized,row,reference,1.0,0.0,1.0,cyclic,Oracle Split Conformal,,"[""sensor_0"", ""sensor_1"", ""sensor_2""]",not_applicable
"[""sensor_0"", ""sensor_1"", ""sensor_2""]",sensor_0,toy_spatial,1,,61.0,1.817720551427901,1.817720551427901,1.817720551427901,0.80135,0.9312,0.80135,0.80135,,,8.623682416045666,20000,20000,,,20000,,0.2,raw_normalized,row,raw_sensor,1.0,0.0,1.0,cyclic,Adaptive Held-Out Raw Sensor CP,sensor_0,"[""sensor_1"", ""sensor_2""]",posterior
"[""sensor_0"", ""sensor_1"", ""sensor_2""]",sensor_0,toy_spatial,1,,61.0,3.794597537177729,3.794597537177729,3.794597537177729,0.8026,0.99955,0.8026,0.8026,,,14.6716555105567,20000,20000,,,20000,,0.2,raw_normalized,row,raw_sensor,1.0,0.0,1.0,cyclic,Adaptive Held-Out Raw Sensor CP,sensor_1,"[""sensor_0"", ""sensor_2""]",posterior
"[""sensor_0"", ""sensor_1"", ""sensor_2""]",sensor_0,toy_spatial,1,,61.0,5.37513230801727,5.37513230801727,5.37513230801727,0.80235,1.0,0.80235,0.80235,,,19.440289003896712,20000,20000,,,20000,,0.2,raw_normalized,row,raw_sensor,1.0,0.0,1.0,cyclic,Adaptive Held-Out Raw Sensor CP,sensor_2,"[""sensor_0"", ""sensor_1""]",posterior
"[""sensor_0"", ""sensor_1"", ""sensor_2""]",sensor_0,toy_spatial,1,,61.0,1.2815515655446008,,,0.7862,0.7862,,,,,4.295456886291504,20000,0,,0.0,20000,,0.2,none,,,,,,,Fused Posterior Predictive,,"[""sensor_0"", ""sensor_1"", ""sensor_2""]",
"[""sensor_0"", ""sensor_1"", ""sensor_2""]",sensor_0,toy_spatial,1,,62.0,1.3311474323272705,1.3311474323272705,1.3311474323272705,0.80135,0.80135,,,,,4.461155354166031,20000,20000,,,20000,,0.2,model_normalized,row,reference,1.0,0.0,1.0,cyclic,Oracle Split Conformal,,"[""sensor_0"", ""sensor_1"", ""sensor_2""]",not_applicable
"[""sensor_0"", ""sensor_1"", ""sensor_2""]",sensor_0,toy_spatial,1,,62.0,1.8190213280390832,1.8190213280390832,1.8190213280390832,0.8021,0.92945,0.8021,0.8021,,,8.629954731225967,20000,20000,,,20000,,0.2,raw_normalized,row,raw_sensor,1.0,0.0,1.0,cyclic,Adaptive Held-Out Raw Sensor CP,sensor_0,"[""sensor_1"", ""sensor_2""]",posterior
"[""sensor_0"", ""sensor_1"", ""sensor_2""]",sensor_0,toy_spatial,1,,62.0,3.7604590000564113,3.7604590000564113,3.7604590000564113,0.79525,0.99955,0.79525,0.79525,,,14.53737342453003,20000,20000,,,20000,,0.2,raw_normalized,row,raw_sensor,1.0,0.0,1.0,cyclic,Adaptive Held-Out Raw Sensor CP,sensor_1,"[""sensor_0"", ""sensor_2""]",posterior
"[""sensor_0"", ""sensor_1"", ""sensor_2""]",sensor_0,toy_spatial,1,,62.0,5.36148852441331,5.36148852441331,5.36148852441331,0.79965,1.0,0.79965,0.79965,,,19.388547675800325,20000,20000,,,20000,,0.2,raw_normalized,row,raw_sensor,1.0,0.0,1.0,cyclic,Adaptive Held-Out Raw Sensor CP,sensor_2,"[""sensor_0"", ""sensor_1""]",posterior
"[""sensor_0"", ""sensor_1"", ""sensor_2""]",sensor_0,toy_spatial,1,,62.0,1.2815515655446008,,,0.78345,0.78345,,,,,4.294942378997803,20000,0,,0.0,20000,,0.2,none,,,,,,,Fused Posterior Predictive,,"[""sensor_0"", ""sensor_1"", ""sensor_2""]",
"[""sensor_0"", ""sensor_1"", ""sensor_2""]",sensor_0,toy_spatial,1,,63.0,1.3337918519973757,1.3337918519973757,1.3337918519973757,0.8029,0.8029,,,,,4.46968284907341,20000,20000,,,20000,,0.2,model_normalized,row,reference,1.0,0.0,1.0,cyclic,Oracle Split Conformal,,"[""sensor_0"", ""sensor_1"", ""sensor_2""]",not_applicable
"[""sensor_0"", ""sensor_1"", ""sensor_2""]",sensor_0,toy_spatial,1,,63.0,1.8209033409332327,1.8209033409332327,1.8209033409332327,0.80295,0.9313,0.80295,0.80295,,,8.6384570322752,20000,20000,,,20000,,0.2,raw_normalized,row,raw_sensor,1.0,0.0,1.0,cyclic,Adaptive Held-Out Raw Sensor CP,sensor_0,"[""sensor_1"", ""sensor_2""]",posterior
"[""sensor_0"", ""sensor_1"", ""sensor_2""]",sensor_0,toy_spatial,1,,63.0,3.785139605465901,3.785139605465901,3.785139605465901,0.8005,0.99965,0.8005,0.8005,,,14.631399711942672,20000,20000,,,20000,,0.2,raw_normalized,row,raw_sensor,1.0,0.0,1.0,cyclic,Adaptive Held-Out Raw Sensor CP,sensor_1,"[""sensor_0"", ""sensor_2""]",posterior
"[""sensor_0"", ""sensor_1"", ""sensor_2""]",sensor_0,toy_spatial,1,,63.0,5.320498889485689,5.320498889485689,5.320498889485689,0.793,1.0,0.793,0.793,,,19.23852481701374,20000,20000,,,20000,,0.2,raw_normalized,row,raw_sensor,1.0,0.0,1.0,cyclic,Adaptive Held-Out Raw Sensor CP,sensor_2,"[""sensor_0"", ""sensor_1""]",posterior
"[""sensor_0"", ""sensor_1"", ""sensor_2""]",sensor_0,toy_spatial,1,,63.0,1.2815515655446008,,,0.78405,0.78405,,,,,4.294620037078857,20000,0,,0.0,20000,,0.2,none,,,,,,,Fused Posterior Predictive,,"[""sensor_0"", ""sensor_1"", ""sensor_2""]",
"[""sensor_0"", ""sensor_1"", ""sensor_2""]",sensor_0,toy_spatial,1,,64.0,1.3373507261276243,1.3373507261276243,1.3373507261276243,0.80485,0.80485,,,,,4.480840793514251,20000,20000,,,20000,,0.2,model_normalized,row,reference,1.0,0.0,1.0,cyclic,Oracle Split Conformal,,"[""sensor_0"", ""sensor_1"", ""sensor_2""]",not_applicable
"[""sensor_0"", ""sensor_1"", ""sensor_2""]",sensor_0,toy_spatial,1,,64.0,1.8159991620129807,1.8159991620129807,1.8159991620129807,0.8004,0.93075,0.8004,0.8004,,,8.614770040583611,20000,20000,,,20000,,0.2,raw_normalized,row,raw_sensor,1.0,0.0,1.0,cyclic,Adaptive Held-Out Raw Sensor CP,sensor_0,"[""sensor_1"", ""sensor_2""]",posterior
"[""sensor_0"", ""sensor_1"", ""sensor_2""]",sensor_0,toy_spatial,1,,64.0,3.7926991073195135,3.7926991073195135,3.7926991073195135,0.80225,0.99965,0.80225,0.80225,,,14.65721892143488,20000,20000,,,20000,,0.2,raw_normalized,row,raw_sensor,1.0,0.0,1.0,cyclic,Adaptive Held-Out Raw Sensor CP,sensor_1,"[""sensor_0"", ""sensor_2""]",posterior
"[""sensor_0"", ""sensor_1"", ""sensor_2""]",sensor_0,toy_spatial,1,,64.0,5.382879320617865,5.382879320617865,5.382879320617865,0.8037,1.0,0.8037,0.8037,,,19.46016645927429,20000,20000,,,20000,,0.2,raw_normalized,row,raw_sensor,1.0,0.0,1.0,cyclic,Adaptive Held-Out Raw Sensor CP,sensor_2,"[""sensor_0"", ""sensor_1""]",posterior
"[""sensor_0"", ""sensor_1"", ""sensor_2""]",sensor_0,toy_spatial,1,,64.0,1.2815515655446008,,,0.7849,0.7849,,,,,4.293883800506592,20000,0,,0.0,20000,,0.2,none,,,,,,,Fused Posterior Predictive,,"[""sensor_0"", ""sensor_1"", ""sensor_2""]",
"[""sensor_0"", ""sensor_1"", ""sensor_2""]",sensor_0,toy_spatial,1,,65.0,1.3396060466766355,1.3396060466766355,1.3396060466766355,0.8065,0.8065,,,,,4.48937378513813,20000,20000,,,20000,,0.2,model_normalized,row,reference,1.0,0.0,1.0,cyclic,Oracle Split Conformal,,"[""sensor_0"", ""sensor_1"", ""sensor_2""]",not_applicable
"[""sensor_0"", ""sensor_1"", ""sensor_2""]",sensor_0,toy_spatial,1,,65.0,1.8134473168856025,1.8134473168856025,1.8134473168856025,0.7988,0.93005,0.7988,0.7988,,,8.603493271923066,20000,20000,,,20000,,0.2,raw_normalized,row,raw_sensor,1.0,0.0,1.0,cyclic,Adaptive Held-Out Raw Sensor CP,sensor_0,"[""sensor_1"", ""sensor_2""]",posterior
"[""sensor_0"", ""sensor_1"", ""sensor_2""]",sensor_0,toy_spatial,1,,65.0,3.788293809797924,3.788293809797924,3.788293809797924,0.80125,0.99965,0.80125,0.80125,,,14.644111071288586,20000,20000,,,20000,,0.2,raw_normalized,row,raw_sensor,1.0,0.0,1.0,cyclic,Adaptive Held-Out Raw Sensor CP,sensor_1,"[""sensor_0"", ""sensor_2""]",posterior
"[""sensor_0"", ""sensor_1"", ""sensor_2""]",sensor_0,toy_spatial,1,,65.0,5.344766661632662,5.344766661632662,5.344766661632662,0.79665,1.0,0.79665,0.79665,,,19.327501934742926,20000,20000,,,20000,,0.2,raw_normalized,row,raw_sensor,1.0,0.0,1.0,cyclic,Adaptive Held-Out Raw Sensor CP,sensor_2,"[""sensor_0"", ""sensor_1""]",posterior
"[""sensor_0"", ""sensor_1"", ""sensor_2""]",sensor_0,toy_spatial,1,,65.0,1.2815515655446008,,,0.7858,0.7858,,,,,4.294817924499512,20000,0,,0.0,20000,,0.2,none,,,,,,,Fused Posterior Predictive,,"[""sensor_0"", ""sensor_1"", ""sensor_2""]",
"[""sensor_0"", ""sensor_1"", ""sensor_2""]",sensor_0,toy_spatial,1,,66.0,1.3317198753356934,1.3317198753356934,1.3317198753356934,0.8017,0.8017,,,,,4.463019645118713,20000,20000,,,20000,,0.2,model_normalized,row,reference,1.0,0.0,1.0,cyclic,Oracle Split Conformal,,"[""sensor_0"", ""sensor_1"", ""sensor_2""]",not_applicable
"[""sensor_0"", ""sensor_1"", ""sensor_2""]",sensor_0,toy_spatial,1,,66.0,1.817720551427901,1.817720551427901,1.817720551427901,0.80135,0.92895,0.80135,0.80135,,,8.624682794189454,20000,20000,,,20000,,0.2,raw_normalized,row,raw_sensor,1.0,0.0,1.0,cyclic,Adaptive Held-Out Raw Sensor CP,sensor_0,"[""sensor_1"", ""sensor_2""]",posterior
"[""sensor_0"", ""sensor_1"", ""sensor_2""]",sensor_0,toy_spatial,1,,66.0,3.774198323068605,3.774198323068605,3.774198323068605,0.7982,0.99965,0.7982,0.7982,,,14.589473974001407,20000,20000,,,20000,,0.2,raw_normalized,row,raw_sensor,1.0,0.0,1.0,cyclic,Adaptive Held-Out Raw Sensor CP,sensor_1,"[""sensor_0"", ""sensor_2""]",posterior
"[""sensor_0"", ""sensor_1"", ""sensor_2""]",sensor_0,toy_spatial,1,,66.0,5.392761287942682,5.392761287942682,5.392761287942682,0.80595,1.0,0.80595,0.80595,,,19.500363792014124,20000,20000,,,20000,,0.2,raw_normalized,row,raw_sensor,1.0,0.0,1.0,cyclic,Adaptive Held-Out Raw Sensor CP,sensor_2,"[""sensor_0"", ""sensor_1""]",posterior
"[""sensor_0"", ""sensor_1"", ""sensor_2""]",sensor_0,toy_spatial,1,,66.0,1.2815515655446008,,,0.7837,0.7837,,,,,4.294889450073242,20000,0,,0.0,20000,,0.2,none,,,,,,,Fused Posterior Predictive,,"[""sensor_0"", ""sensor_1"", ""sensor_2""]",
"[""sensor_0"", ""sensor_1"", ""sensor_2""]",sensor_0,toy_spatial,1,,67.0,1.3260263204574585,1.3260263204574585,1.3260263204574585,0.79795,0.79795,,,,,4.44399334974289,20000,20000,,,20000,,0.2,model_normalized,row,reference,1.0,0.0,1.0,cyclic,Oracle Split Conformal,,"[""sensor_0"", ""sensor_1"", ""sensor_2""]",not_applicable
"[""sensor_0"", ""sensor_1"", ""sensor_2""]",sensor_0,toy_spatial,1,,67.0,1.8091686943262264,1.8091686943262264,1.8091686943262264,0.7963,0.9276,0.7963,0.7963,,,8.581533166658879,20000,20000,,,20000,,0.2,raw_normalized,row,raw_sensor,1.0,0.0,1.0,cyclic,Adaptive Held-Out Raw Sensor CP,sensor_0,"[""sensor_1"", ""sensor_2""]",posterior
"[""sensor_0"", ""sensor_1"", ""sensor_2""]",sensor_0,toy_spatial,1,,67.0,3.79367538645863,3.79367538645863,3.79367538645863,0.80245,0.99955,0.80245,0.80245,,,14.666679163062572,20000,20000,,,20000,,0.2,raw_normalized,row,raw_sensor,1.0,0.0,1.0,cyclic,Adaptive Held-Out Raw Sensor CP,sensor_1,"[""sensor_0"", ""sensor_2""]",posterior
"[""sensor_0"", ""sensor_1"", ""sensor_2""]",sensor_0,toy_spatial,1,,67.0,5.397464377971643,5.397464377971643,5.397464377971643,0.80655,1.0,0.80655,0.80655,,,19.51941286587715,20000,20000,,,20000,,0.2,raw_normalized,row,raw_sensor,1.0,0.0,1.0,cyclic,Adaptive Held-Out Raw Sensor CP,sensor_2,"[""sensor_0"", ""sensor_1""]",posterior
"[""sensor_0"", ""sensor_1"", ""sensor_2""]",sensor_0,toy_spatial,1,,67.0,1.2815515655446008,,,0.78225,0.78225,,,,,4.294942378997803,20000,0,,0.0,20000,,0.2,none,,,,,,,Fused Posterior Predictive,,"[""sensor_0"", ""sensor_1"", ""sensor_2""]",
"[""sensor_0"", ""sensor_1"", ""sensor_2""]",sensor_0,toy_spatial,1,,68.0,1.339185118675232,1.339185118675232,1.339185118675232,0.8061,0.8061,,,,,4.487931217169762,20000,20000,,,20000,,0.2,model_normalized,row,reference,1.0,0.0,1.0,cyclic,Oracle Split Conformal,,"[""sensor_0"", ""sensor_1"", ""sensor_2""]",not_applicable
"[""sensor_0"", ""sensor_1"", ""sensor_2""]",sensor_0,toy_spatial,1,,68.0,1.810965029278173,1.810965029278173,1.810965029278173,0.797,0.93085,0.797,0.797,,,8.59170587695837,20000,20000,,,20000,,0.2,raw_normalized,row,raw_sensor,1.0,0.0,1.0,cyclic,Adaptive Held-Out Raw Sensor CP,sensor_0,"[""sensor_1"", ""sensor_2""]",posterior
"[""sensor_0"", ""sensor_1"", ""sensor_2""]",sensor_0,toy_spatial,1,,68.0,3.795536581652717,3.795536581652717,3.795536581652717,0.80285,0.99975,0.80285,0.80285,,,14.67230173791647,20000,20000,,,20000,,0.2,raw_normalized,row,raw_sensor,1.0,0.0,1.0,cyclic,Adaptive Held-Out Raw Sensor CP,sensor_1,"[""sensor_0"", ""sensor_2""]",posterior
"[""sensor_0"", ""sensor_1"", ""sensor_2""]",sensor_0,toy_spatial,1,,68.0,5.283196611267168,5.283196611267168,5.283196611267168,0.7861,1.0,0.7861,0.7861,,,19.104383402061465,20000,20000,,,20000,,0.2,raw_normalized,row,raw_sensor,1.0,0.0,1.0,cyclic,Adaptive Held-Out Raw Sensor CP,sensor_2,"[""sensor_0"", ""sensor_1""]",posterior
"[""sensor_0"", ""sensor_1"", ""sensor_2""]",sensor_0,toy_spatial,1,,68.0,1.2815515655446008,,,0.78575,0.78575,,,,,4.294787406921387,20000,0,,0.0,20000,,0.2,none,,,,,,,Fused Posterior Predictive,,"[""sensor_0"", ""sensor_1"", ""sensor_2""]",
"[""sensor_0"", ""sensor_1"", ""sensor_2""]",sensor_0,toy_spatial,1,,69.0,1.3307082653045654,1.3307082653045654,1.3307082653045654,0.80105,0.80105,,,,,4.459059531569481,20000,20000,,,20000,,0.2,model_normalized,row,reference,1.0,0.0,1.0,cyclic,Oracle Split Conformal,,"[""sensor_0"", ""sensor_1"", ""sensor_2""]",not_applicable
"[""sensor_0"", ""sensor_1"", ""sensor_2""]",sensor_0,toy_spatial,1,,69.0,1.8117550124101716,1.8117550124101716,1.8117550124101716,0.7974,0.92895,0.7974,0.7974,,,8.594178917169572,20000,20000,,,20000,,0.2,raw_normalized,row,raw_sensor,1.0,0.0,1.0,cyclic,Adaptive Held-Out Raw Sensor CP,sensor_0,"[""sensor_1"", ""sensor_2""]",posterior
"[""sensor_0"", ""sensor_1"", ""sensor_2""]",sensor_0,toy_spatial,1,,69.0,3.7937227643830926,3.7937227643830926,3.7937227643830926,0.8025,0.9996,0.8025,0.8025,,,14.66405326025486,20000,20000,,,20000,,0.2,raw_normalized,row,raw_sensor,1.0,0.0,1.0,cyclic,Adaptive Held-Out Raw Sensor CP,sensor_1,"[""sensor_0"", ""sensor_2""]",posterior
"[""sensor_0"", ""sensor_1"", ""sensor_2""]",sensor_0,toy_spatial,1,,69.0,5.347389069990923,5.347389069990923,5.347389069990923,0.79735,1.0,0.79735,0.79735,,,19.33448723683357,20000,20000,,,20000,,0.2,raw_normalized,row,raw_sensor,1.0,0.0,1.0,cyclic,Adaptive Held-Out Raw Sensor CP,sensor_2,"[""sensor_0"", ""sensor_1""]",posterior
"[""sensor_0"", ""sensor_1"", ""sensor_2""]",sensor_0,toy_spatial,1,,69.0,1.2815515655446008,,,0.7848,0.7848,,,,,4.294341087341309,20000,0,,0.0,20000,,0.2,none,,,,,,,Fused Posterior Predictive,,"[""sensor_0"", ""sensor_1"", ""sensor_2""]",
"[""sensor_0"", ""sensor_1"", ""sensor_2""]",sensor_0,toy_spatial,1,,70.0,1.3317385911941528,1.3317385911941528,1.3317385911941528,0.80175,0.80175,,,,,4.46296304807663,20000,20000,,,20000,,0.2,model_normalized,row,reference,1.0,0.0,1.0,cyclic,Oracle Split Conformal,,"[""sensor_0"", ""sensor_1"", ""sensor_2""]",not_applicable
"[""sensor_0"", ""sensor_1"", ""sensor_2""]",sensor_0,toy_spatial,1,,70.0,1.818651189341189,1.818651189341189,1.818651189341189,0.8018,0.9311,0.8018,0.8018,,,8.628862968146802,20000,20000,,,20000,,0.2,raw_normalized,row,raw_sensor,1.0,0.0,1.0,cyclic,Adaptive Held-Out Raw Sensor CP,sensor_0,"[""sensor_1"", ""sensor_2""]",posterior
"[""sensor_0"", ""sensor_1"", ""sensor_2""]",sensor_0,toy_spatial,1,,70.0,3.7724048174137863,3.7724048174137863,3.7724048174137863,0.79785,0.99955,0.79785,0.79785,,,14.581603462982178,20000,20000,,,20000,,0.2,raw_normalized,row,raw_sensor,1.0,0.0,1.0,cyclic,Adaptive Held-Out Raw Sensor CP,sensor_1,"[""sensor_0"", ""sensor_2""]",posterior
"[""sensor_0"", ""sensor_1"", ""sensor_2""]",sensor_0,toy_spatial,1,,70.0,5.367032286044047,5.367032286044047,5.367032286044047,0.8005,1.0,0.8005,0.8005,,,19.40705168876648,20000,20000,,,20000,,0.2,raw_normalized,row,raw_sensor,1.0,0.0,1.0,cyclic,Adaptive Held-Out Raw Sensor CP,sensor_2,"[""sensor_0"", ""sensor_1""]",posterior
"[""sensor_0"", ""sensor_1"", ""sensor_2""]",sensor_0,toy_spatial,1,,70.0,1.2815515655446008,,,0.783,0.783,,,,,4.294774532318115,20000,0,,0.0,20000,,0.2,none,,,,,,,Fused Posterior Predictive,,"[""sensor_0"", ""sensor_1"", ""sensor_2""]",
"[""sensor_0"", ""sensor_1"", ""sensor_2""]",sensor_0,toy_spatial,1,,71.0,1.3207775354385376,1.3207775354385376,1.3207775354385376,0.79455,0.79455,,,,,4.425992344927788,20000,20000,,,20000,,0.2,model_normalized,row,reference,1.0,0.0,1.0,cyclic,Oracle Split Conformal,,"[""sensor_0"", ""sensor_1"", ""sensor_2""]",not_applicable
"[""sensor_0"", ""sensor_1"", ""sensor_2""]",sensor_0,toy_spatial,1,,71.0,1.8214547027659145,1.8214547027659145,1.8214547027659145,0.8035,0.92945,0.8035,0.8035,,,8.641165477645398,20000,20000,,,20000,,0.2,raw_normalized,row,raw_sensor,1.0,0.0,1.0,cyclic,Adaptive Held-Out Raw Sensor CP,sensor_0,"[""sensor_1"", ""sensor_2""]",posterior
"[""sensor_0"", ""sensor_1"", ""sensor_2""]",sensor_0,toy_spatial,1,,71.0,3.7962500294491495,3.7962500294491495,3.7962500294491495,0.80305,0.99965,0.80305,0.80305,,,14.674154795658588,20000,20000,,,20000,,0.2,raw_normalized,row,raw_sensor,1.0,0.0,1.0,cyclic,Adaptive Held-Out Raw Sensor CP,sensor_1,"[""sensor_0"", ""sensor_2""]",posterior
"[""sensor_0"", ""sensor_1"", ""sensor_2""]",sensor_0,toy_spatial,1,,71.0,5.377898532456784,5.377898532456784,5.377898532456784,0.8027,1.0,0.8027,0.8027,,,19.44567361917496,20000,20000,,,20000,,0.2,raw_normalized,row,raw_sensor,1.0,0.0,1.0,cyclic,Adaptive Held-Out Raw Sensor CP,sensor_2,"[""sensor_0"", ""sensor_1""]",posterior
"[""sensor_0"", ""sensor_1"", ""sensor_2""]",sensor_0,toy_spatial,1,,71.0,1.2815515655446008,,,0.7807,0.7807,,,,,4.294544696807861,20000,0,,0.0,20000,,0.2,none,,,,,,,Fused Posterior Predictive,,"[""sensor_0"", ""sensor_1"", ""sensor_2""]",
"[""sensor_0"", ""sensor_1"", ""sensor_2""]",sensor_0,toy_spatial,1,,72.0,1.330183982849121,1.330183982849121,1.330183982849121,0.8006,0.8006,,,,,4.457838132977486,20000,20000,,,20000,,0.2,model_normalized,row,reference,1.0,0.0,1.0,cyclic,Oracle Split Conformal,,"[""sensor_0"", ""sensor_1"", ""sensor_2""]",not_applicable
"[""sensor_0"", ""sensor_1"", ""sensor_2""]",sensor_0,toy_spatial,1,,72.0,1.8138188032851972,1.8138188032851972,1.8138188032851972,0.7991,0.92935,0.7991,0.7991,,,8.606219553494453,20000,20000,,,20000,,0.2,raw_normalized,row,raw_sensor,1.0,0.0,1.0,cyclic,Adaptive Held-Out Raw Sensor CP,sensor_0,"[""sensor_1"", ""sensor_2""]",posterior
"[""sensor_0"", ""sensor_1"", ""sensor_2""]",sensor_0,toy_spatial,1,,72.0,3.7991801388053568,3.7991801388053568,3.7991801388053568,0.8036,0.9996,0.8036,0.8036,,,14.685947801077369,20000,20000,,,20000,,0.2,raw_normalized,row,raw_sensor,1.0,0.0,1.0,cyclic,Adaptive Held-Out Raw Sensor CP,sensor_1,"[""sensor_0"", ""sensor_2""]",posterior
"[""sensor_0"", ""sensor_1"", ""sensor_2""]",sensor_0,toy_spatial,1,,72.0,5.3544945035612415,5.3544945035612415,5.3544945035612415,0.79865,1.0,0.79865,0.79865,,,19.361970476579668,20000,20000,,,20000,,0.2,raw_normalized,row,raw_sensor,1.0,0.0,1.0,cyclic,Adaptive Held-Out Raw Sensor CP,sensor_2,"[""sensor_0"", ""sensor_1""]",posterior
"[""sensor_0"", ""sensor_1"", ""sensor_2""]",sensor_0,toy_spatial,1,,72.0,1.2815515655446008,,,0.7822,0.7822,,,,,4.294857025146484,20000,0,,0.0,20000,,0.2,none,,,,,,,Fused Posterior Predictive,,"[""sensor_0"", ""sensor_1"", ""sensor_2""]",
"[""sensor_0"", ""sensor_1"", ""sensor_2""]",sensor_0,toy_spatial,1,,73.0,1.321124792098999,1.321124792098999,1.321124792098999,0.7948,0.7948,,,,,4.427439230155945,20000,20000,,,20000,,0.2,model_normalized,row,reference,1.0,0.0,1.0,cyclic,Oracle Split Conformal,,"[""sensor_0"", ""sensor_1"", ""sensor_2""]",not_applicable
"[""sensor_0"", ""sensor_1"", ""sensor_2""]",sensor_0,toy_spatial,1,,73.0,1.8253472848783907,1.8253472848783907,1.8253472848783907,0.8045,0.92975,0.8045,0.8045,,,8.65966479575634,20000,20000,,,20000,,0.2,raw_normalized,row,raw_sensor,1.0,0.0,1.0,cyclic,Adaptive Held-Out Raw Sensor CP,sensor_0,"[""sensor_1"", ""sensor_2""]",posterior
"[""sensor_0"", ""sensor_1"", ""sensor_2""]",sensor_0,toy_spatial,1,,73.0,3.769626481581131,3.769626481581131,3.769626481581131,0.79735,0.9994,0.79735,0.79735,,,14.572240793669224,20000,20000,,,20000,,0.2,raw_normalized,row,raw_sensor,1.0,0.0,1.0,cyclic,Adaptive Held-Out Raw Sensor CP,sensor_1,"[""sensor_0"", ""sensor_2""]",posterior
"[""sensor_0"", ""sensor_1"", ""sensor_2""]",sensor_0,toy_spatial,1,,73.0,5.383329552818966,5.383329552818966,5.383329552818966,0.80385,1.0,0.80385,0.80385,,,19.466228219366077,20000,20000,,,20000,,0.2,raw_normalized,row,raw_sensor,1.0,0.0,1.0,cyclic,Adaptive Held-Out Raw Sensor CP,sensor_2,"[""sensor_0"", ""sensor_1""]",posterior
"[""sensor_0"", ""sensor_1"", ""sensor_2""]",sensor_0,toy_spatial,1,,73.0,1.2815515655446008,,,0.7794,0.7794,,,,,4.294818878173828,20000,0,,0.0,20000,,0.2,none,,,,,,,Fused Posterior Predictive,,"[""sensor_0"", ""sensor_1"", ""sensor_2""]",
"[""sensor_0"", ""sensor_1"", ""sensor_2""]",sensor_0,toy_spatial,1,,74.0,1.3300189971923828,1.3300189971923828,1.3300189971923828,0.80045,0.80045,,,,,4.457175087094307,20000,20000,,,20000,,0.2,model_normalized,row,reference,1.0,0.0,1.0,cyclic,Oracle Split Conformal,,"[""sensor_0"", ""sensor_1"", ""sensor_2""]",not_applicable
"[""sensor_0"", ""sensor_1"", ""sensor_2""]",sensor_0,toy_spatial,1,,74.0,1.8122303948193756,1.8122303948193756,1.8122303948193756,0.79825,0.9294,0.79825,0.79825,,,8.59769722737074,20000,20000,,,20000,,0.2,raw_normalized,row,raw_sensor,1.0,0.0,1.0,cyclic,Adaptive Held-Out Raw Sensor CP,sensor_0,"[""sensor_1"", ""sensor_2""]",posterior
"[""sensor_0"", ""sensor_1"", ""sensor_2""]",sensor_0,toy_spatial,1,,74.0,3.78208733881688,3.78208733881688,3.78208733881688,0.79975,0.9995,0.79975,0.79975,,,14.620082088804246,20000,20000,,,20000,,0.2,raw_normalized,row,raw_sensor,1.0,0.0,1.0,cyclic,Adaptive Held-Out Raw Sensor CP,sensor_1,"[""sensor_0"", ""sensor_2""]",posterior
"[""sensor_0"", ""sensor_1"", ""sensor_2""]",sensor_0,toy_spatial,1,,74.0,5.345541460392078,5.345541460392078,5.345541460392078,0.7968,1.0,0.7968,0.7968,,,19.329581140303613,20000,20000,,,20000,,0.2,raw_normalized,row,raw_sensor,1.0,0.0,1.0,cyclic,Adaptive Held-Out Raw Sensor CP,sensor_2,"[""sensor_0"", ""sensor_1""]",posterior
"[""sensor_0"", ""sensor_1"", ""sensor_2""]",sensor_0,toy_spatial,1,,74.0,1.2815515655446008,,,0.7833,0.7833,,,,,4.294750213623047,20000,0,,0.0,20000,,0.2,none,,,,,,,Fused Posterior Predictive,,"[""sensor_0"", ""sensor_1"", ""sensor_2""]",
"[""sensor_0"", ""sensor_1"", ""sensor_2""]",sensor_0,toy_spatial,1,,75.0,1.339042067527771,1.339042067527771,1.339042067527771,0.806,0.806,,,,,4.488100699043274,20000,20000,,,20000,,0.2,model_normalized,row,reference,1.0,0.0,1.0,cyclic,Oracle Split Conformal,,"[""sensor_0"", ""sensor_1"", ""sensor_2""]",not_applicable
"[""sensor_0"", ""sensor_1"", ""sensor_2""]",sensor_0,toy_spatial,1,,75.0,1.8253816426563405,1.8253816426563405,1.8253816426563405,0.8046,0.92875,0.8046,0.8046,,,8.661309773373604,20000,20000,,,20000,,0.2,raw_normalized,row,raw_sensor,1.0,0.0,1.0,cyclic,Adaptive Held-Out Raw Sensor CP,sensor_0,"[""sensor_1"", ""sensor_2""]",posterior
"[""sensor_0"", ""sensor_1"", ""sensor_2""]",sensor_0,toy_spatial,1,,75.0,3.79674770256593,3.79674770256593,3.79674770256593,0.8031,0.99955,0.8031,0.8031,,,14.67888616979122,20000,20000,,,20000,,0.2,raw_normalized,row,raw_sensor,1.0,0.0,1.0,cyclic,Adaptive Held-Out Raw Sensor CP,sensor_1,"[""sensor_0"", ""sensor_2""]",posterior
"[""sensor_0"", ""sensor_1"", ""sensor_2""]",sensor_0,toy_spatial,1,,75.0,5.380165550013003,5.380165550013003,5.380165550013003,0.8031,1.0,0.8031,0.8031,,,19.45758690390587,20000,20000,,,20000,,0.2,raw_normalized,row,raw_sensor,1.0,0.0,1.0,cyclic,Adaptive Held-Out Raw Sensor CP,sensor_2,"[""sensor_0"", ""sensor_1""]",posterior
"[""sensor_0"", ""sensor_1"", ""sensor_2""]",sensor_0,toy_spatial,1,,75.0,1.2815515655446008,,,0.7854,0.7854,,,,,4.295408725738525,20000,0,,0.0,20000,,0.2,none,,,,,,,Fused Posterior Predictive,,"[""sensor_0"", ""sensor_1"", ""sensor_2""]",
"[""sensor_0"", ""sensor_1"", ""sensor_2""]",sensor_0,toy_spatial,1,,76.0,1.3294683694839478,1.3294683694839478,1.3294683694839478,0.8001,0.8001,,,,,4.454913002634049,20000,20000,,,20000,,0.2,model_normalized,row,reference,1.0,0.0,1.0,cyclic,Oracle Split Conformal,,"[""sensor_0"", ""sensor_1"", ""sensor_2""]",not_applicable
"[""sensor_0"", ""sensor_1"", ""sensor_2""]",sensor_0,toy_spatial,1,,76.0,1.8186638033083269,1.8186638033083269,1.8186638033083269,0.80185,0.92975,0.80185,0.80185,,,8.626538286173343,20000,20000,,,20000,,0.2,raw_normalized,row,raw_sensor,1.0,0.0,1.0,cyclic,Adaptive Held-Out Raw Sensor CP,sensor_0,"[""sensor_1"", ""sensor_2""]",posterior
"[""sensor_0"", ""sensor_1"", ""sensor_2""]",sensor_0,toy_spatial,1,,76.0,3.8130921920077743,3.8130921920077743,3.8130921920077743,0.8064,0.99975,0.8064,0.8064,,,14.7390463059783,20000,20000,,,20000,,0.2,raw_normalized,row,raw_sensor,1.0,0.0,1.0,cyclic,Adaptive Held-Out Raw Sensor CP,sensor_1,"[""sensor_0"", ""sensor_2""]",posterior
"[""sensor_0"", ""sensor_1"", ""sensor_2""]",sensor_0,toy_spatial,1,,76.0,5.359788769349499,5.359788769349499,5.359788769349499,0.79955,1.0,0.79955,0.79955,,,19.37965501389504,20000,20000,,,20000,,0.2,raw_normalized,row,raw_sensor,1.0,0.0,1.0,cyclic,Adaptive Held-Out Raw Sensor CP,sensor_2,"[""sensor_0"", ""sensor_1""]",posterior
"[""sensor_0"", ""sensor_1"", ""sensor_2""]",sensor_0,toy_spatial,1,,76.0,1.2815515655446008,,,0.78315,0.78315,,,,,4.294348239898682,20000,0,,0.0,20000,,0.2,none,,,,,,,Fused Posterior Predictive,,"[""sensor_0"", ""sensor_1"", ""sensor_2""]",
"[""sensor_0"", ""sensor_1"", ""sensor_2""]",sensor_0,toy_spatial,1,,77.0,1.3320999145507812,1.3320999145507812,1.3320999145507812,0.80185,0.80185,,,,,4.46437238073349,20000,20000,,,20000,,0.2,model_normalized,row,reference,1.0,0.0,1.0,cyclic,Oracle Split Conformal,,"[""sensor_0"", ""sensor_1"", ""sensor_2""]",not_applicable
"[""sensor_0"", ""sensor_1"", ""sensor_2""]",sensor_0,toy_spatial,1,,77.0,1.8143559906630664,1.8143559906630664,1.8143559906630664,0.79945,0.9269,0.79945,0.79945,,,8.607338172221183,20000,20000,,,20000,,0.2,raw_normalized,row,raw_sensor,1.0,0.0,1.0,cyclic,Adaptive Held-Out Raw Sensor CP,sensor_0,"[""sensor_1"", ""sensor_2""]",posterior
"[""sensor_0"", ""sensor_1"", ""sensor_2""]",sensor_0,toy_spatial,1,,77.0,3.7815432211854474,3.7815432211854474,3.7815432211854474,0.79955,0.9996,0.79955,0.79955,,,14.6188951562047,20000,20000,,,20000,,0.2,raw_normalized,row,raw_sensor,1.0,0.0,1.0,cyclic,Adaptive Held-Out Raw Sensor CP,sensor_1,"[""sensor_0"", ""sensor_2""]",posterior
"[""sensor_0"", ""sensor_1"", ""sensor_2""]",sensor_0,toy_spatial,1,,77.0,5.339826280314085,5.339826280314085,5.339826280314085,0.796,1.0,0.796,0.796,,,19.310432029008865,20000,20000,,,20000,,0.2,raw_normalized,row,raw_sensor,1.0,0.0,1.0,cyclic,Adaptive Held-Out Raw Sensor CP,sensor_2,"[""sensor_0"", ""sensor_1""]",posterior
"[""sensor_0"", ""sensor_1"", ""sensor_2""]",sensor_0,toy_spatial,1,,77.0,1.2815515655446008,,,0.78375,0.78375,,,,,4.294965744018555,20000,0,,0.0,20000,,0.2,none,,,,,,,Fused Posterior Predictive,,"[""sensor_0"", ""sensor_1"", ""sensor_2""]",
"[""sensor_0"", ""sensor_1"", ""sensor_2""]",sensor_0,toy_spatial,1,,78.0,1.3325873613357544,1.3325873613357544,1.3325873613357544,0.80235,0.80235,,,,,4.466122568893432,20000,20000,,,20000,,0.2,model_normalized,row,reference,1.0,0.0,1.0,cyclic,Oracle Split Conformal,,"[""sensor_0"", ""sensor_1"", ""sensor_2""]",not_applicable
"[""sensor_0"", ""sensor_1"", ""sensor_2""]",sensor_0,toy_spatial,1,,78.0,1.828693758932071,1.828693758932071,1.828693758932071,0.80655,0.9328,0.80655,0.80655,,,8.6771186414361,20000,20000,,,20000,,0.2,raw_normalized,row,raw_sensor,1.0,0.0,1.0,cyclic,Adaptive Held-Out Raw Sensor CP,sensor_0,"[""sensor_1"", ""sensor_2""]",posterior
"[""sensor_0"", ""sensor_1"", ""sensor_2""]",sensor_0,toy_spatial,1,,78.0,3.750060370258097,3.750060370258097,3.750060370258097,0.79185,0.99945,0.79185,0.79185,,,14.496835046887398,20000,20000,,,20000,,0.2,raw_normalized,row,raw_sensor,1.0,0.0,1.0,cyclic,Adaptive Held-Out Raw Sensor CP,sensor_1,"[""sensor_0"", ""sensor_2""]",posterior
"[""sensor_0"", ""sensor_1"", ""sensor_2""]",sensor_0,toy_spatial,1,,78.0,5.4287051628331815,5.4287051628331815,5.4287051628331815,0.8113,1.0,0.8113,0.8113,,,19.63136264243126,20000,20000,,,20000,,0.2,raw_normalized,row,raw_sensor,1.0,0.0,1.0,cyclic,Adaptive Held-Out Raw Sensor CP,sensor_2,"[""sensor_0"", ""sensor_1""]",posterior
"[""sensor_0"", ""sensor_1"", ""sensor_2""]",sensor_0,toy_spatial,1,,78.0,1.2815515655446008,,,0.7841,0.7841,,,,,4.295077800750732,20000,0,,0.0,20000,,0.2,none,,,,,,,Fused Posterior Predictive,,"[""sensor_0"", ""sensor_1"", ""sensor_2""]",
"[""sensor_0"", ""sensor_1"", ""sensor_2""]",sensor_0,toy_spatial,1,,79.0,1.3306777477264404,1.3306777477264404,1.3306777477264404,0.801,0.801,,,,,4.459735284090042,20000,20000,,,20000,,0.2,model_normalized,row,reference,1.0,0.0,1.0,cyclic,Oracle Split Conformal,,"[""sensor_0"", ""sensor_1"", ""sensor_2""]",not_applicable
"[""sensor_0"", ""sensor_1"", ""sensor_2""]",sensor_0,toy_spatial,1,,79.0,1.7996134453236292,1.7996134453236292,1.7996134453236292,0.7915,0.92535,0.7915,0.7915,,,8.538153591012955,20000,20000,,,20000,,0.2,raw_normalized,row,raw_sensor,1.0,0.0,1.0,cyclic,Adaptive Held-Out Raw Sensor CP,sensor_0,"[""sensor_1"", ""sensor_2""]",posterior
"[""sensor_0"", ""sensor_1"", ""sensor_2""]",sensor_0,toy_spatial,1,,79.0,3.753371875586772,3.753371875586772,3.753371875586772,0.79305,0.99975,0.79305,0.79305,,,14.510515791809558,20000,20000,,,20000,,0.2,raw_normalized,row,raw_sensor,1.0,0.0,1.0,cyclic,Adaptive Held-Out Raw Sensor CP,sensor_1,"[""sensor_0"", ""sensor_2""]",posterior
"[""sensor_0"", ""sensor_1"", ""sensor_2""]",sensor_0,toy_spatial,1,,79.0,5.362945247850237,5.362945247850237,5.362945247850237,0.8,1.0,0.8,0.8,,,19.3941060270071,20000,20000,,,20000,,0.2,raw_normalized,row,raw_sensor,1.0,0.0,1.0,cyclic,Adaptive Held-Out Raw Sensor CP,sensor_2,"[""sensor_0"", ""sensor_1""]",posterior
"[""sensor_0"", ""sensor_1"", ""sensor_2""]",sensor_0,toy_spatial,1,,79.0,1.2815515655446008,,,0.7823,0.7823,,,,,4.295090198516846,20000,0,,0.0,20000,,0.2,none,,,,,,,Fused Posterior Predictive,,"[""sensor_0"", ""sensor_1"", ""sensor_2""]",
"[""sensor_0"", ""sensor_1"", ""sensor_2""]",sensor_0,toy_spatial,1,,80.0,1.3342827558517456,1.3342827558517456,1.3342827558517456,0.80315,0.80315,,,,,4.471863228821754,20000,20000,,,20000,,0.2,model_normalized,row,reference,1.0,0.0,1.0,cyclic,Oracle Split Conformal,,"[""sensor_0"", ""sensor_1"", ""sensor_2""]",not_applicable
"[""sensor_0"", ""sensor_1"", ""sensor_2""]",sensor_0,toy_spatial,1,,80.0,1.8114748482286125,1.8114748482286125,1.8114748482286125,0.79725,0.92775,0.79725,0.79725,,,8.596649347269535,20000,20000,,,20000,,0.2,raw_normalized,row,raw_sensor,1.0,0.0,1.0,cyclic,Adaptive Held-Out Raw Sensor CP,sensor_0,"[""sensor_1"", ""sensor_2""]",posterior
"[""sensor_0"", ""sensor_1"", ""sensor_2""]",sensor_0,toy_spatial,1,,80.0,3.7723011183847466,3.7723011183847466,3.7723011183847466,0.7978,0.99965,0.7978,0.7978,,,14.582031289851663,20000,20000,,,20000,,0.2,raw_normalized,row,raw_sensor,1.0,0.0,1.0,cyclic,Adaptive Held-Out Raw Sensor CP,sensor_1,"[""sensor_0"", ""sensor_2""]",posterior
"[""sensor_0"", ""sensor_1"", ""sensor_2""]",sensor_0,toy_spatial,1,,80.0,5.374768328240357,5.374768328240357,5.374768328240357,0.80225,1.0,0.80225,0.80225,,,19.43577208645344,20000,20000,,,20000,,0.2,raw_normalized,row,raw_sensor,1.0,0.0,1.0,cyclic,Adaptive Held-Out Raw Sensor CP,sensor_2,"[""sensor_0"", ""sensor_1""]",posterior
"[""sensor_0"", ""sensor_1"", ""sensor_2""]",sensor_0,toy_spatial,1,,80.0,1.2815515655446008,,,0.7843,0.7843,,,,,4.295134544372559,20000,0,,0.0,20000,,0.2,none,,,,,,,Fused Posterior Predictive,,"[""sensor_0"", ""sensor_1"", ""sensor_2""]",
"[""sensor_0"", ""sensor_1"", ""sensor_2""]",sensor_0,toy_spatial,1,,81.0,1.347339153289795,1.347339153289795,1.347339153289795,0.8112,0.8112,,,,,4.515308597993851,20000,20000,,,20000,,0.2,model_normalized,row,reference,1.0,0.0,1.0,cyclic,Oracle Split Conformal,,"[""sensor_0"", ""sensor_1"", ""sensor_2""]",not_applicable
"[""sensor_0"", ""sensor_1"", ""sensor_2""]",sensor_0,toy_spatial,1,,81.0,1.8156026021591023,1.8156026021591023,1.8156026021591023,0.80005,0.93025,0.80005,0.80005,,,8.61497803632021,20000,20000,,,20000,,0.2,raw_normalized,row,raw_sensor,1.0,0.0,1.0,cyclic,Adaptive Held-Out Raw Sensor CP,sensor_0,"[""sensor_1"", ""sensor_2""]",posterior
"[""sensor_0"", ""sensor_1"", ""sensor_2""]",sensor_0,toy_spatial,1,,81.0,3.7740627979815695,3.7740627979815695,3.7740627979815695,0.79815,0.99965,0.79815,0.79815,,,14.588238653433322,20000,20000,,,20000,,0.2,raw_normalized,row,raw_sensor,1.0,0.0,1.0,cyclic,Adaptive Held-Out Raw Sensor CP,sensor_1,"[""sensor_0"", ""sensor_2""]",posterior
"[""sensor_0"", ""sensor_1"", ""sensor_2""]",sensor_0,toy_spatial,1,,81.0,5.37181216136219,5.37181216136219,5.37181216136219,0.80165,1.0,0.80165,0.80165,,,19.424344586229324,20000,20000,,,20000,,0.2,raw_normalized,row,raw_sensor,1.0,0.0,1.0,cyclic,Adaptive Held-Out Raw Sensor CP,sensor_2,"[""sensor_0"", ""sensor_1""]",posterior
"[""sensor_0"", ""sensor_1"", ""sensor_2""]",sensor_0,toy_spatial,1,,81.0,1.2815515655446008,,,0.7874,0.7874,,,,,4.294836044311523,20000,0,,0.0,20000,,0.2,none,,,,,,,Fused Posterior Predictive,,"[""sensor_0"", ""sensor_1"", ""sensor_2""]",
"[""sensor_0"", ""sensor_1"", ""sensor_2""]",sensor_0,toy_spatial,1,,82.0,1.3219728469848633,1.3219728469848633,1.3219728469848633,0.7955,0.7955,,,,,4.430635510897637,20000,20000,,,20000,,0.2,model_normalized,row,reference,1.0,0.0,1.0,cyclic,Oracle Split Conformal,,"[""sensor_0"", ""sensor_1"", ""sensor_2""]",not_applicable
"[""sensor_0"", ""sensor_1"", ""sensor_2""]",sensor_0,toy_spatial,1,,82.0,1.8186638033083269,1.8186638033083269,1.8186638033083269,0.80185,0.9308,0.80185,0.80185,,,8.628674002754689,20000,20000,,,20000,,0.2,raw_normalized,row,raw_sensor,1.0,0.0,1.0,cyclic,Adaptive Held-Out Raw Sensor CP,sensor_0,"[""sensor_1"", ""sensor_2""]",posterior
"[""sensor_0"", ""sensor_1"", ""sensor_2""]",sensor_0,toy_spatial,1,,82.0,3.8109100298264416,3.8109100298264416,3.8109100298264416,0.8059,0.9997,0.8059,0.8059,,,14.733102043569088,20000,20000,,,20000,,0.2,raw_normalized,row,raw_sensor,1.0,0.0,1.0,cyclic,Adaptive Held-Out Raw Sensor CP,sensor_1,"[""sensor_0"", ""sensor_2""]",posterior
"[""sensor_0"", ""sensor_1"", ""sensor_2""]",sensor_0,toy_spatial,1,,82.0,5.422713482289583,5.422713482289583,5.422713482289583,0.8102,1.0,0.8102,0.8102,,,19.61027582297325,20000,20000,,,20000,,0.2,raw_normalized,row,raw_sensor,1.0,0.0,1.0,cyclic,Adaptive Held-Out Raw Sensor CP,sensor_2,"[""sensor_0"", ""sensor_1""]",posterior
"[""sensor_0"", ""sensor_1"", ""sensor_2""]",sensor_0,toy_spatial,1,,82.0,1.2815515655446008,,,0.7798,0.7798,,,,,4.295162677764893,20000,0,,0.0,20000,,0.2,none,,,,,,,Fused Posterior Predictive,,"[""sensor_0"", ""sensor_1"", ""sensor_2""]",
"[""sensor_0"", ""sensor_1"", ""sensor_2""]",sensor_0,toy_spatial,1,,83.0,1.323851466178894,1.323851466178894,1.323851466178894,0.7966,0.7966,,,,,4.436386620426178,20000,20000,,,20000,,0.2,model_normalized,row,reference,1.0,0.0,1.0,cyclic,Oracle Split Conformal,,"[""sensor_0"", ""sensor_1"", ""sensor_2""]",not_applicable
"[""sensor_0"", ""sensor_1"", ""sensor_2""]",sensor_0,toy_spatial,1,,83.0,1.819022261200887,1.819022261200887,1.819022261200887,0.80215,0.9274,0.80215,0.80215,,,8.631428244423866,20000,20000,,,20000,,0.2,raw_normalized,row,raw_sensor,1.0,0.0,1.0,cyclic,Adaptive Held-Out Raw Sensor CP,sensor_0,"[""sensor_1"", ""sensor_2""]",posterior
"[""sensor_0"", ""sensor_1"", ""sensor_2""]",sensor_0,toy_spatial,1,,83.0,3.785064606381349,3.785064606381349,3.785064606381349,0.80045,0.9997,0.80045,0.80045,,,14.629475420928,20000,20000,,,20000,,0.2,raw_normalized,row,raw_sensor,1.0,0.0,1.0,cyclic,Adaptive Held-Out Raw Sensor CP,sensor_1,"[""sensor_0"", ""sensor_2""]",posterior
"[""sensor_0"", ""sensor_1"", ""sensor_2""]",sensor_0,toy_spatial,1,,83.0,5.370518341666645,5.370518341666645,5.370518341666645,0.80125,1.0,0.80125,0.80125,,,19.418311341023443,20000,20000,,,20000,,0.2,raw_normalized,row,raw_sensor,1.0,0.0,1.0,cyclic,Adaptive Held-Out Raw Sensor CP,sensor_2,"[""sensor_0"", ""sensor_1""]",posterior
"[""sensor_0"", ""sensor_1"", ""sensor_2""]",sensor_0,toy_spatial,1,,83.0,1.2815515655446008,,,0.78145,0.78145,,,,,4.294634342193604,20000,0,,0.0,20000,,0.2,none,,,,,,,Fused Posterior Predictive,,"[""sensor_0"", ""sensor_1"", ""sensor_2""]",
"[""sensor_0"", ""sensor_1"", ""sensor_2""]",sensor_0,toy_spatial,1,,84.0,1.3374577760696411,1.3374577760696411,1.3374577760696411,0.80495,0.80495,,,,,4.481481626439095,20000,20000,,,20000,,0.2,model_normalized,row,reference,1.0,0.0,1.0,cyclic,Oracle Split Conformal,,"[""sensor_0"", ""sensor_1"", ""sensor_2""]",not_applicable
"[""sensor_0"", ""sensor_1"", ""sensor_2""]",sensor_0,toy_spatial,1,,84.0,1.8245244801437888,1.8245244801437888,1.8245244801437888,0.80425,0.9316,0.80425,0.80425,,,8.655824582397937,20000,20000,,,20000,,0.2,raw_normalized,row,raw_sensor,1.0,0.0,1.0,cyclic,Adaptive Held-Out Raw Sensor CP,sensor_0,"[""sensor_1"", ""sensor_2""]",posterior
"[""sensor_0"", ""sensor_1"", ""sensor_2""]",sensor_0,toy_spatial,1,,84.0,3.783685860985773,3.783685860985773,3.783685860985773,0.80015,0.9995,0.80015,0.80015,,,14.622916885375975,20000,20000,,,20000,,0.2,raw_normalized,row,raw_sensor,1.0,0.0,1.0,cyclic,Adaptive Held-Out Raw Sensor CP,sensor_1,"[""sensor_0"", ""sensor_2""]",posterior
"[""sensor_0"", ""sensor_1"", ""sensor_2""]",sensor_0,toy_spatial,1,,84.0,5.346004050193352,5.346004050193352,5.346004050193352,0.7971,1.0,0.7971,0.7971,,,19.32802759077549,20000,20000,,,20000,,0.2,raw_normalized,row,raw_sensor,1.0,0.0,1.0,cyclic,Adaptive Held-Out Raw Sensor CP,sensor_2,"[""sensor_0"", ""sensor_1""]",posterior
"[""sensor_0"", ""sensor_1"", ""sensor_2""]",sensor_0,toy_spatial,1,,84.0,1.2815515655446008,,,0.78505,0.78505,,,,,4.294154167175293,20000,0,,0.0,20000,,0.2,none,,,,,,,Fused Posterior Predictive,,"[""sensor_0"", ""sensor_1"", ""sensor_2""]",
"[""sensor_0"", ""sensor_1"", ""sensor_2""]",sensor_0,toy_spatial,1,,85.0,1.3254040479660034,1.3254040479660034,1.3254040479660034,0.7975,0.7975,,,,,4.442141736984253,20000,20000,,,20000,,0.2,model_normalized,row,reference,1.0,0.0,1.0,cyclic,Oracle Split Conformal,,"[""sensor_0"", ""sensor_1"", ""sensor_2""]",not_applicable
"[""sensor_0"", ""sensor_1"", ""sensor_2""]",sensor_0,toy_spatial,1,,85.0,1.8160247410718575,1.8160247410718575,1.8160247410718575,0.8005,0.9293,0.8005,0.8005,,,8.616767837202548,20000,20000,,,20000,,0.2,raw_normalized,row,raw_sensor,1.0,0.0,1.0,cyclic,Adaptive Held-Out Raw Sensor CP,sensor_0,"[""sensor_1"", ""sensor_2""]",posterior
"[""sensor_0"", ""sensor_1"", ""sensor_2""]",sensor_0,toy_spatial,1,,85.0,3.792266362785144,3.792266362785144,3.792266362785144,0.8021,0.9996,0.8021,0.8021,,,14.660803420197963,20000,20000,,,20000,,0.2,raw_normalized,row,raw_sensor,1.0,0.0,1.0,cyclic,Adaptive Held-Out Raw Sensor CP,sensor_1,"[""sensor_0"", ""sensor_2""]",posterior
"[""sensor_0"", ""sensor_1"", ""sensor_2""]",sensor_0,toy_spatial,1,,85.0,5.339826280314085,5.339826280314085,5.339826280314085,0.796,1.0,0.796,0.796,,,19.31048061566353,20000,20000,,,20000,,0.2,raw_normalized,row,raw_sensor,1.0,0.0,1.0,cyclic,Adaptive Held-Out Raw Sensor CP,sensor_2,"[""sensor_0"", ""sensor_1""]",posterior
"[""sensor_0"", ""sensor_1"", ""sensor_2""]",sensor_0,toy_spatial,1,,85.0,1.2815515655446008,,,0.7818,0.7818,,,,,4.295168399810791,20000,0,,0.0,20000,,0.2,none,,,,,,,Fused Posterior Predictive,,"[""sensor_0"", ""sensor_1"", ""sensor_2""]",
"[""sensor_0"", ""sensor_1"", ""sensor_2""]",sensor_0,toy_spatial,1,,86.0,1.3216928243637085,1.3216928243637085,1.3216928243637085,0.79525,0.79525,,,,,4.429379205989838,20000,20000,,,20000,,0.2,model_normalized,row,reference,1.0,0.0,1.0,cyclic,Oracle Split Conformal,,"[""sensor_0"", ""sensor_1"", ""sensor_2""]",not_applicable
"[""sensor_0"", ""sensor_1"", ""sensor_2""]",sensor_0,toy_spatial,1,,86.0,1.8139217010152024,1.8139217010152024,1.8139217010152024,0.7992,0.92605,0.7992,0.7992,,,8.607179935085773,20000,20000,,,20000,,0.2,raw_normalized,row,raw_sensor,1.0,0.0,1.0,cyclic,Adaptive Held-Out Raw Sensor CP,sensor_0,"[""sensor_1"", ""sensor_2""]",posterior
"[""sensor_0"", ""sensor_1"", ""sensor_2""]",sensor_0,toy_spatial,1,,86.0,3.776353252352356,3.776353252352356,3.776353252352356,0.79855,0.99955,0.79855,0.79855,,,14.59722898374796,20000,20000,,,20000,,0.2,raw_normalized,row,raw_sensor,1.0,0.0,1.0,cyclic,Adaptive Held-Out Raw Sensor CP,sensor_1,"[""sensor_0"", ""sensor_2""]",posterior
"[""sensor_0"", ""sensor_1"", ""sensor_2""]",sensor_0,toy_spatial,1,,86.0,5.365187332745739,5.365187332745739,5.365187332745739,0.8002,1.0,0.8002,0.8002,,,19.400260565567017,20000,20000,,,20000,,0.2,raw_normalized,row,raw_sensor,1.0,0.0,1.0,cyclic,Adaptive Held-Out Raw Sensor CP,sensor_2,"[""sensor_0"", ""sensor_1""]",posterior
"[""sensor_0"", ""sensor_1"", ""sensor_2""]",sensor_0,toy_spatial,1,,86.0,1.2815515655446008,,,0.78045,0.78045,,,,,4.294853687286377,20000,0,,0.0,20000,,0.2,none,,,,,,,Fused Posterior Predictive,,"[""sensor_0"", ""sensor_1"", ""sensor_2""]",
"[""sensor_0"", ""sensor_1"", ""sensor_2""]",sensor_0,toy_spatial,1,,87.0,1.3286162614822388,1.3286162614822388,1.3286162614822388,0.7996,0.7996,,,,,4.453038228917122,20000,20000,,,20000,,0.2,model_normalized,row,reference,1.0,0.0,1.0,cyclic,Oracle Split Conformal,,"[""sensor_0"", ""sensor_1"", ""sensor_2""]",not_applicable
"[""sensor_0"", ""sensor_1"", ""sensor_2""]",sensor_0,toy_spatial,1,,87.0,1.8120487747328549,1.8120487747328549,1.8120487747328549,0.79795,0.92725,0.79795,0.79795,,,8.597601843070985,20000,20000,,,20000,,0.2,raw_normalized,row,raw_sensor,1.0,0.0,1.0,cyclic,Adaptive Held-Out Raw Sensor CP,sensor_0,"[""sensor_1"", ""sensor_2""]",posterior
"[""sensor_0"", ""sensor_1"", ""sensor_2""]",sensor_0,toy_spatial,1,,87.0,3.774198323068605,3.774198323068605,3.774198323068605,0.7982,0.9996,0.7982,0.7982,,,14.591492885017397,20000,20000,,,20000,,0.2,raw_normalized,row,raw_sensor,1.0,0.0,1.0,cyclic,Adaptive Held-Out Raw Sensor CP,sensor_1,"[""sensor_0"", ""sensor_2""]",posterior
"[""sensor_0"", ""sensor_1"", ""sensor_2""]",sensor_0,toy_spatial,1,,87.0,5.332723487392882,5.332723487392882,5.332723487392882,0.7952,1.0,0.7952,0.7952,,,19.2855865370512,20000,20000,,,20000,,0.2,raw_normalized,row,raw_sensor,1.0,0.0,1.0,cyclic,Adaptive Held-Out Raw Sensor CP,sensor_2,"[""sensor_0"", ""sensor_1""]",posterior
"[""sensor_0"", ""sensor_1"", ""sensor_2""]",sensor_0,toy_spatial,1,,87.0,1.2815515655446008,,,0.78315,0.78315,,,,,4.295294761657715,20000,0,,0.0,20000,,0.2,none,,,,,,,Fused Posterior Predictive,,"[""sensor_0"", ""sensor_1"", ""sensor_2""]",
"[""sensor_0"", ""sensor_1"", ""sensor_2""]",sensor_0,toy_spatial,1,,88.0,1.3276500701904297,1.3276500701904297,1.3276500701904297,0.7991,0.7991,,,,,4.449690324664116,20000,20000,,,20000,,0.2,model_normalized,row,reference,1.0,0.0,1.0,cyclic,Oracle Split Conformal,,"[""sensor_0"", ""sensor_1"", ""sensor_2""]",not_applicable
"[""sensor_0"", ""sensor_1"", ""sensor_2""]",sensor_0,toy_spatial,1,,88.0,1.8089373261700623,1.8089373261700623,1.8089373261700623,0.7962,0.9255,0.7962,0.7962,,,8.582903292822838,20000,20000,,,20000,,0.2,raw_normalized,row,raw_sensor,1.0,0.0,1.0,cyclic,Adaptive Held-Out Raw Sensor CP,sensor_0,"[""sensor_1"", ""sensor_2""]",posterior
"[""sensor_0"", ""sensor_1"", ""sensor_2""]",sensor_0,toy_spatial,1,,88.0,3.79135810833511,3.79135810833511,3.79135810833511,0.8019,0.99955,0.8019,0.8019,,,14.657075507056714,20000,20000,,,20000,,0.2,raw_normalized,row,raw_sensor,1.0,0.0,1.0,cyclic,Adaptive Held-Out Raw Sensor CP,sensor_1,"[""sensor_0"", ""sensor_2""]",posterior
"[""sensor_0"", ""sensor_1"", ""sensor_2""]",sensor_0,toy_spatial,1,,88.0,5.380847714576031,5.380847714576031,5.380847714576031,0.8033,1.0,0.8033,0.8033,,,19.45914473133087,20000,20000,,,20000,,0.2,raw_normalized,row,raw_sensor,1.0,0.0,1.0,cyclic,Adaptive Held-Out Raw Sensor CP,sensor_2,"[""sensor_0"", ""sensor_1""]",posterior
"[""sensor_0"", ""sensor_1"", ""sensor_2""]",sensor_0,toy_spatial,1,,88.0,1.2815515655446008,,,0.78195,0.78195,,,,,4.295188903808594,20000,0,,0.0,20000,,0.2,none,,,,,,,Fused Posterior Predictive,,"[""sensor_0"", ""sensor_1"", ""sensor_2""]",
"[""sensor_0"", ""sensor_1"", ""sensor_2""]",sensor_0,toy_spatial,1,,89.0,1.3317385911941528,1.3317385911941528,1.3317385911941528,0.80175,0.80175,,,,,4.462740671038628,20000,20000,,,20000,,0.2,model_normalized,row,reference,1.0,0.0,1.0,cyclic,Oracle Split Conformal,,"[""sensor_0"", ""sensor_1"", ""sensor_2""]",not_applicable
"[""sensor_0"", ""sensor_1"", ""sensor_2""]",sensor_0,toy_spatial,1,,89.0,1.8121746420829203,1.8121746420829203,1.8121746420829203,0.79815,0.9284,0.79815,0.79815,,,8.598144256675244,20000,20000,,,20000,,0.2,raw_normalized,row,raw_sensor,1.0,0.0,1.0,cyclic,Adaptive Held-Out Raw Sensor CP,sensor_0,"[""sensor_1"", ""sensor_2""]",posterior
"[""sensor_0"", ""sensor_1"", ""sensor_2""]",sensor_0,toy_spatial,1,,89.0,3.783685860985773,3.783685860985773,3.783685860985773,0.80015,0.9996,0.80015,0.80015,,,14.62470215266943,20000,20000,,,20000,,0.2,raw_normalized,row,raw_sensor,1.0,0.0,1.0,cyclic,Adaptive Held-Out Raw Sensor CP,sensor_1,"[""sensor_0"", ""sensor_2""]",posterior
"[""sensor_0"", ""sensor_1"", ""sensor_2""]",sensor_0,toy_spatial,1,,89.0,5.353779876224422,5.353779876224422,5.353779876224422,0.79845,1.0,0.79845,0.79845,,,19.357756615424154,20000,20000,,,20000,,0.2,raw_normalized,row,raw_sensor,1.0,0.0,1.0,cyclic,Adaptive Held-Out Raw Sensor CP,sensor_2,"[""sensor_0"", ""sensor_1""]",posterior
"[""sensor_0"", ""sensor_1"", ""sensor_2""]",sensor_0,toy_spatial,1,,89.0,1.2815515655446008,,,0.78355,0.78355,,,,,4.29456090927124,20000,0,,0.0,20000,,0.2,none,,,,,,,Fused Posterior Predictive,,"[""sensor_0"", ""sensor_1"", ""sensor_2""]",
"[""sensor_0"", ""sensor_1"", ""sensor_2""]",sensor_0,toy_spatial,1,,90.0,1.3207097053527832,1.3207097053527832,1.3207097053527832,0.7945,0.7945,,,,,4.4260481706142425,20000,20000,,,20000,,0.2,model_normalized,row,reference,1.0,0.0,1.0,cyclic,Oracle Split Conformal,,"[""sensor_0"", ""sensor_1"", ""sensor_2""]",not_applicable
"[""sensor_0"", ""sensor_1"", ""sensor_2""]",sensor_0,toy_spatial,1,,90.0,1.8117550124101716,1.8117550124101716,1.8117550124101716,0.7974,0.9286,0.7974,0.7974,,,8.59578770866394,20000,20000,,,20000,,0.2,raw_normalized,row,raw_sensor,1.0,0.0,1.0,cyclic,Adaptive Held-Out Raw Sensor CP,sensor_0,"[""sensor_1"", ""sensor_2""]",posterior
"[""sensor_0"", ""sensor_1"", ""sensor_2""]",sensor_0,toy_spatial,1,,90.0,3.792266362785144,3.792266362785144,3.792266362785144,0.8021,0.9997,0.8021,0.8021,,,14.659471722388268,20000,20000,,,20000,,0.2,raw_normalized,row,raw_sensor,1.0,0.0,1.0,cyclic,Adaptive Held-Out Raw Sensor CP,sensor_1,"[""sensor_0"", ""sensor_2""]",posterior
"[""sensor_0"", ""sensor_1"", ""sensor_2""]",sensor_0,toy_spatial,1,,90.0,5.378741202312455,5.378741202312455,5.378741202312455,0.8029,1.0,0.8029,0.8029,,,19.449430051207543,20000,20000,,,20000,,0.2,raw_normalized,row,raw_sensor,1.0,0.0,1.0,cyclic,Adaptive Held-Out Raw Sensor CP,sensor_2,"[""sensor_0"", ""sensor_1""]",posterior
"[""sensor_0"", ""sensor_1"", ""sensor_2""]",sensor_0,toy_spatial,1,,90.0,1.2815515655446008,,,0.77975,0.77975,,,,,4.294818878173828,20000,0,,0.0,20000,,0.2,none,,,,,,,Fused Posterior Predictive,,"[""sensor_0"", ""sensor_1"", ""sensor_2""]",
"[""sensor_0"", ""sensor_1"", ""sensor_2""]",sensor_0,toy_spatial,1,,91.0,1.3286162614822388,1.3286162614822388,1.3286162614822388,0.7996,0.7996,,,,,4.452864630103111,20000,20000,,,20000,,0.2,model_normalized,row,reference,1.0,0.0,1.0,cyclic,Oracle Split Conformal,,"[""sensor_0"", ""sensor_1"", ""sensor_2""]",not_applicable
"[""sensor_0"", ""sensor_1"", ""sensor_2""]",sensor_0,toy_spatial,1,,91.0,1.8121164205908835,1.8121164205908835,1.8121164205908835,0.7981,0.9296,0.7981,0.7981,,,8.598226664102077,20000,20000,,,20000,,0.2,raw_normalized,row,raw_sensor,1.0,0.0,1.0,cyclic,Adaptive Held-Out Raw Sensor CP,sensor_0,"[""sensor_1"", ""sensor_2""]",posterior
"[""sensor_0"", ""sensor_1"", ""sensor_2""]",sensor_0,toy_spatial,1,,91.0,3.77996898428049,3.77996898428049,3.77996898428049,0.7993,0.9995,0.7993,0.7993,,,14.61288635467291,20000,20000,,,20000,,0.2,raw_normalized,row,raw_sensor,1.0,0.0,1.0,cyclic,Adaptive Held-Out Raw Sensor CP,sensor_1,"[""sensor_0"", ""sensor_2""]",posterior
"[""sensor_0"", ""sensor_1"", ""sensor_2""]",sensor_0,toy_spatial,1,,91.0,5.383706273511098,5.383706273511098,5.383706273511098,0.80405,1.0,0.80405,0.80405,,,19.469080198502542,20000,20000,,,20000,,0.2,raw_normalized,row,raw_sensor,1.0,0.0,1.0,cyclic,Adaptive Held-Out Raw Sensor CP,sensor_2,"[""sensor_0"", ""sensor_1""]",posterior
"[""sensor_0"", ""sensor_1"", ""sensor_2""]",sensor_0,toy_spatial,1,,91.0,1.2815515655446008,,,0.78235,0.78235,,,,,4.2951273918151855,20000,0,,0.0,20000,,0.2,none,,,,,,,Fused Posterior Predictive,,"[""sensor_0"", ""sensor_1"", ""sensor_2""]",
"[""sensor_0"", ""sensor_1"", ""sensor_2""]",sensor_0,toy_spatial,1,,92.0,1.338076949119568,1.338076949119568,1.338076949119568,0.80545,0.80545,,,,,4.484764395618439,20000,20000,,,20000,,0.2,model_normalized,row,reference,1.0,0.0,1.0,cyclic,Oracle Split Conformal,,"[""sensor_0"", ""sensor_1"", ""sensor_2""]",not_applicable
"[""sensor_0"", ""sensor_1"", ""sensor_2""]",sensor_0,toy_spatial,1,,92.0,1.8053339494870049,1.8053339494870049,1.8053339494870049,0.79435,0.9279,0.79435,0.79435,,,8.565346222710609,20000,20000,,,20000,,0.2,raw_normalized,row,raw_sensor,1.0,0.0,1.0,cyclic,Adaptive Held-Out Raw Sensor CP,sensor_0,"[""sensor_1"", ""sensor_2""]",posterior
"[""sensor_0"", ""sensor_1"", ""sensor_2""]",sensor_0,toy_spatial,1,,92.0,3.772790185596925,3.772790185596925,3.772790185596925,0.79795,0.9995,0.79795,0.79795,,,14.586588662707806,20000,20000,,,20000,,0.2,raw_normalized,row,raw_sensor,1.0,0.0,1.0,cyclic,Adaptive Held-Out Raw Sensor CP,sensor_1,"[""sensor_0"", ""sensor_2""]",posterior
"[""sensor_0"", ""sensor_1"", ""sensor_2""]",sensor_0,toy_spatial,1,,92.0,5.346437454858106,5.346437454858106,5.346437454858106,0.7972,1.0,0.7972,0.7972,,,19.33540776689053,20000,20000,,,20000,,0.2,raw_normalized,row,raw_sensor,1.0,0.0,1.0,cyclic,Adaptive Held-Out Raw Sensor CP,sensor_2,"[""sensor_0"", ""sensor_1""]",posterior
"[""sensor_0"", ""sensor_1"", ""sensor_2""]",sensor_0,toy_spatial,1,,92.0,1.2815515655446008,,,0.78415,0.78415,,,,,4.295311450958252,20000,0,,0.0,20000,,0.2,none,,,,,,,Fused Posterior Predictive,,"[""sensor_0"", ""sensor_1"", ""sensor_2""]",
"[""sensor_0"", ""sensor_1"", ""sensor_2""]",sensor_0,toy_spatial,1,,93.0,1.3304774761199951,1.3304774761199951,1.3304774761199951,0.8009,0.8009,,,,,4.458912314224243,20000,20000,,,20000,,0.2,model_normalized,row,reference,1.0,0.0,1.0,cyclic,Oracle Split Conformal,,"[""sensor_0"", ""sensor_1"", ""sensor_2""]",not_applicable
"[""sensor_0"", ""sensor_1"", ""sensor_2""]",sensor_0,toy_spatial,1,,93.0,1.811798436414116,1.811798436414116,1.811798436414116,0.7975,0.9281,0.7975,0.7975,,,8.59574826887846,20000,20000,,,20000,,0.2,raw_normalized,row,raw_sensor,1.0,0.0,1.0,cyclic,Adaptive Held-Out Raw Sensor CP,sensor_0,"[""sensor_1"", ""sensor_2""]",posterior
"[""sensor_0"", ""sensor_1"", ""sensor_2""]",sensor_0,toy_spatial,1,,93.0,3.767446255103044,3.767446255103044,3.767446255103044,0.79665,0.9998,0.79665,0.79665,,,14.563591683137416,20000,20000,,,20000,,0.2,raw_normalized,row,raw_sensor,1.0,0.0,1.0,cyclic,Adaptive Held-Out Raw Sensor CP,sensor_1,"[""sensor_0"", ""sensor_2""]",posterior
"[""sensor_0"", ""sensor_1"", ""sensor_2""]",sensor_0,toy_spatial,1,,93.0,5.376902728667982,5.376902728667982,5.376902728667982,0.80255,1.0,0.80255,0.80255,,,19.444005231952666,20000,20000,,,20000,,0.2,raw_normalized,row,raw_sensor,1.0,0.0,1.0,cyclic,Adaptive Held-Out Raw Sensor CP,sensor_2,"[""sensor_0"", ""sensor_1""]",posterior
"[""sensor_0"", ""sensor_1"", ""sensor_2""]",sensor_0,toy_spatial,1,,93.0,1.2815515655446008,,,0.78365,0.78365,,,,,4.294943809509277,20000,0,,0.0,20000,,0.2,none,,,,,,,Fused Posterior Predictive,,"[""sensor_0"", ""sensor_1"", ""sensor_2""]",
"[""sensor_0"", ""sensor_1"", ""sensor_2""]",sensor_0,toy_spatial,1,,94.0,1.3304774761199951,1.3304774761199951,1.3304774761199951,0.8009,0.8009,,,,,4.459068215823174,20000,20000,,,20000,,0.2,model_normalized,row,reference,1.0,0.0,1.0,cyclic,Oracle Split Conformal,,"[""sensor_0"", ""sensor_1"", ""sensor_2""]",not_applicable
"[""sensor_0"", ""sensor_1"", ""sensor_2""]",sensor_0,toy_spatial,1,,94.0,1.823458226814133,1.823458226814133,1.823458226814133,0.80385,0.93205,0.80385,0.80385,,,8.651191946983337,20000,20000,,,20000,,0.2,raw_normalized,row,raw_sensor,1.0,0.0,1.0,cyclic,Adaptive Held-Out Raw Sensor CP,sensor_0,"[""sensor_1"", ""sensor_2""]",posterior
"[""sensor_0"", ""sensor_1"", ""sensor_2""]",sensor_0,toy_spatial,1,,94.0,3.837921562760268,3.837921562760268,3.837921562760268,0.8121,0.9998,0.8121,0.8121,,,14.83759511835575,20000,20000,,,20000,,0.2,raw_normalized,row,raw_sensor,1.0,0.0,1.0,cyclic,Adaptive Held-Out Raw Sensor CP,sensor_1,"[""sensor_0"", ""sensor_2""]",posterior
"[""sensor_0"", ""sensor_1"", ""sensor_2""]",sensor_0,toy_spatial,1,,94.0,5.35592051912607,5.35592051912607,5.35592051912607,0.7988,1.0,0.7988,0.7988,,,19.36884975028038,20000,20000,,,20000,,0.2,raw_normalized,row,raw_sensor,1.0,0.0,1.0,cyclic,Adaptive Held-Out Raw Sensor CP,sensor_2,"[""sensor_0"", ""sensor_1""]",posterior
"[""sensor_0"", ""sensor_1"", ""sensor_2""]",sensor_0,toy_spatial,1,,94.0,1.2815515655446008,,,0.7833,0.7833,,,,,4.2950944900512695,20000,0,,0.0,20000,,0.2,none,,,,,,,Fused Posterior Predictive,,"[""sensor_0"", ""sensor_1"", ""sensor_2""]",
"[""sensor_0"", ""sensor_1"", ""sensor_2""]",sensor_0,toy_spatial,1,,95.0,1.33078134059906,1.33078134059906,1.33078134059906,0.8011,0.8011,,,,,4.4593775234222415,20000,20000,,,20000,,0.2,model_normalized,row,reference,1.0,0.0,1.0,cyclic,Oracle Split Conformal,,"[""sensor_0"", ""sensor_1"", ""sensor_2""]",not_applicable
"[""sensor_0"", ""sensor_1"", ""sensor_2""]",sensor_0,toy_spatial,1,,95.0,1.8091443778886425,1.8091443778886425,1.8091443778886425,0.79625,0.926,0.79625,0.79625,,,8.582338414084912,20000,20000,,,20000,,0.2,raw_normalized,row,raw_sensor,1.0,0.0,1.0,cyclic,Adaptive Held-Out Raw Sensor CP,sensor_0,"[""sensor_1"", ""sensor_2""]",posterior
"[""sensor_0"", ""sensor_1"", ""sensor_2""]",sensor_0,toy_spatial,1,,95.0,3.809839886057997,3.809839886057997,3.809839886057997,0.8054,0.99955,0.8054,0.8054,,,14.72571532292366,20000,20000,,,20000,,0.2,raw_normalized,row,raw_sensor,1.0,0.0,1.0,cyclic,Adaptive Held-Out Raw Sensor CP,sensor_1,"[""sensor_0"", ""sensor_2""]",posterior
"[""sensor_0"", ""sensor_1"", ""sensor_2""]",sensor_0,toy_spatial,1,,95.0,5.366039874460508,5.366039874460508,5.366039874460508,0.8003,1.0,0.8003,0.8003,,,19.402012671852116,20000,20000,,,20000,,0.2,raw_normalized,row,raw_sensor,1.0,0.0,1.0,cyclic,Adaptive Held-Out Raw Sensor CP,sensor_2,"[""sensor_0"", ""sensor_1""]",posterior
"[""sensor_0"", ""sensor_1"", ""sensor_2""]",sensor_0,toy_spatial,1,,95.0,1.2815515655446008,,,0.782,0.782,,,,,4.2944111824035645,20000,0,,0.0,20000,,0.2,none,,,,,,,Fused Posterior Predictive,,"[""sensor_0"", ""sensor_1"", ""sensor_2""]",
"[""sensor_0"", ""sensor_1"", ""sensor_2""]",sensor_0,toy_spatial,1,,96.0,1.3256919384002686,1.3256919384002686,1.3256919384002686,0.7976,0.7976,,,,,4.442337527918816,20000,20000,,,20000,,0.2,model_normalized,row,reference,1.0,0.0,1.0,cyclic,Oracle Split Conformal,,"[""sensor_0"", ""sensor_1"", ""sensor_2""]",not_applicable
"[""sensor_0"", ""sensor_1"", ""sensor_2""]",sensor_0,toy_spatial,1,,96.0,1.7974256050480228,1.7974256050480228,1.7974256050480228,0.79035,0.9248,0.79035,0.79035,,,8.525898166251183,20000,20000,,,20000,,0.2,raw_normalized,row,raw_sensor,1.0,0.0,1.0,cyclic,Adaptive Held-Out Raw Sensor CP,sensor_0,"[""sensor_1"", ""sensor_2""]",posterior
"[""sensor_0"", ""sensor_1"", ""sensor_2""]",sensor_0,toy_spatial,1,,96.0,3.802869851215571,3.802869851215571,3.802869851215571,0.80415,0.9996,0.80415,0.80415,,,14.699914364302158,20000,20000,,,20000,,0.2,raw_normalized,row,raw_sensor,1.0,0.0,1.0,cyclic,Adaptive Held-Out Raw Sensor CP,sensor_1,"[""sensor_0"", ""sensor_2""]",posterior
"[""sensor_0"", ""sensor_1"", ""sensor_2""]",sensor_0,toy_spatial,1,,96.0,5.357946242382101,5.357946242382101,5.357946242382101,0.7991,1.0,0.7991,0.7991,,,19.373525893473627,20000,20000,,,20000,,0.2,raw_normalized,row,raw_sensor,1.0,0.0,1.0,cyclic,Adaptive Held-Out Raw Sensor CP,sensor_2,"[""sensor_0"", ""sensor_1""]",posterior
"[""sensor_0"", ""sensor_1"", ""sensor_2""]",sensor_0,toy_spatial,1,,96.0,1.2815515655446008,,,0.78165,0.78165,,,,,4.294425010681152,20000,0,,0.0,20000,,0.2,none,,,,,,,Fused Posterior Predictive,,"[""sensor_0"", ""sensor_1"", ""sensor_2""]",
"[""sensor_0"", ""sensor_1"", ""sensor_2""]",sensor_0,toy_spatial,1,,97.0,1.3320999145507812,1.3320999145507812,1.3320999145507812,0.80185,0.80185,,,,,4.464216078162194,20000,20000,,,20000,,0.2,model_normalized,row,reference,1.0,0.0,1.0,cyclic,Oracle Split Conformal,,"[""sensor_0"", ""sensor_1"", ""sensor_2""]",not_applicable
"[""sensor_0"", ""sensor_1"", ""sensor_2""]",sensor_0,toy_spatial,1,,97.0,1.8148158144844824,1.8148158144844824,1.8148158144844824,0.7997,0.9309,0.7997,0.7997,,,8.609784149193764,20000,20000,,,20000,,0.2,raw_normalized,row,raw_sensor,1.0,0.0,1.0,cyclic,Adaptive Held-Out Raw Sensor CP,sensor_0,"[""sensor_1"", ""sensor_2""]",posterior
"[""sensor_0"", ""sensor_1"", ""sensor_2""]",sensor_0,toy_spatial,1,,97.0,3.788937420606541,3.788937420606541,3.788937420606541,0.8013,0.99975,0.8013,0.8013,,,14.647202115309238,20000,20000,,,20000,,0.2,raw_normalized,row,raw_sensor,1.0,0.0,1.0,cyclic,Adaptive Held-Out Raw Sensor CP,sensor_1,"[""sensor_0"", ""sensor_2""]",posterior
"[""sensor_0"", ""sensor_1"", ""sensor_2""]",sensor_0,toy_spatial,1,,97.0,5.381615005700273,5.381615005700273,5.381615005700273,0.80345,1.0,0.80345,0.80345,,,19.460330451774595,20000,20000,,,20000,,0.2,raw_normalized,row,raw_sensor,1.0,0.0,1.0,cyclic,Adaptive Held-Out Raw Sensor CP,sensor_2,"[""sensor_0"", ""sensor_1""]",posterior
"[""sensor_0"", ""sensor_1"", ""sensor_2""]",sensor_0,toy_spatial,1,,97.0,1.2815515655446008,,,0.78415,0.78415,,,,,4.294815540313721,20000,0,,0.0,20000,,0.2,none,,,,,,,Fused Posterior Predictive,,"[""sensor_0"", ""sensor_1"", ""sensor_2""]",
"[""sensor_0"", ""sensor_1"", ""sensor_2""]",sensor_0,toy_spatial,1,,98.0,1.3317385911941528,1.3317385911941528,1.3317385911941528,0.80175,0.80175,,,,,4.462439750957489,20000,20000,,,20000,,0.2,model_normalized,row,reference,1.0,0.0,1.0,cyclic,Oracle Split Conformal,,"[""sensor_0"", ""sensor_1"", ""sensor_2""]",not_applicable
"[""sensor_0"", ""sensor_1"", ""sensor_2""]",sensor_0,toy_spatial,1,,98.0,1.8078602988461212,1.8078602988461212,1.8078602988461212,0.79565,0.92815,0.79565,0.79565,,,8.576018737828731,20000,20000,,,20000,,0.2,raw_normalized,row,raw_sensor,1.0,0.0,1.0,cyclic,Adaptive Held-Out Raw Sensor CP,sensor_0,"[""sensor_1"", ""sensor_2""]",posterior
"[""sensor_0"", ""sensor_1"", ""sensor_2""]",sensor_0,toy_spatial,1,,98.0,3.759234642383244,3.759234642383244,3.759234642383244,0.79475,0.9996,0.79475,0.79475,,,14.529947438013554,20000,20000,,,20000,,0.2,raw_normalized,row,raw_sensor,1.0,0.0,1.0,cyclic,Adaptive Held-Out Raw Sensor CP,sensor_1,"[""sensor_0"", ""sensor_2""]",posterior
"[""sensor_0"", ""sensor_1"", ""sensor_2""]",sensor_0,toy_spatial,1,,98.0,5.344415726419793,5.344415726419793,5.344415726419793,0.7965,1.0,0.7965,0.7965,,,19.32357691605091,20000,20000,,,20000,,0.2,raw_normalized,row,raw_sensor,1.0,0.0,1.0,cyclic,Adaptive Held-Out Raw Sensor CP,sensor_2,"[""sensor_0"", ""sensor_1""]",posterior
"[""sensor_0"", ""sensor_1"", ""sensor_2""]",sensor_0,toy_spatial,1,,98.0,1.2815515655446008,,,0.78235,0.78235,,,,,4.294270992279053,20000,0,,0.0,20000,,0.2,none,,,,,,,Fused Posterior Predictive,,"[""sensor_0"", ""sensor_1"", ""sensor_2""]",
"[""sensor_0"", ""sensor_1"", ""sensor_2""]",sensor_0,toy_spatial,1,,99.0,1.3294011354446411,1.3294011354446411,1.3294011354446411,0.8,0.8,,,,,4.454608306312561,20000,20000,,,20000,,0.2,model_normalized,row,reference,1.0,0.0,1.0,cyclic,Oracle Split Conformal,,"[""sensor_0"", ""sensor_1"", ""sensor_2""]",not_applicable
"[""sensor_0"", ""sensor_1"", ""sensor_2""]",sensor_0,toy_spatial,1,,99.0,1.8317895052560005,1.8317895052560005,1.8317895052560005,0.8077,0.9325,0.8077,0.8077,,,8.689541612696647,20000,20000,,,20000,,0.2,raw_normalized,row,raw_sensor,1.0,0.0,1.0,cyclic,Adaptive Held-Out Raw Sensor CP,sensor_0,"[""sensor_1"", ""sensor_2""]",posterior
"[""sensor_0"", ""sensor_1"", ""sensor_2""]",sensor_0,toy_spatial,1,,99.0,3.7496988569343226,3.7496988569343226,3.7496988569343226,0.7917,0.9997,0.7917,0.7917,,,14.49318006389141,20000,20000,,,20000,,0.2,raw_normalized,row,raw_sensor,1.0,0.0,1.0,cyclic,Adaptive Held-Out Raw Sensor CP,sensor_1,"[""sensor_0"", ""sensor_2""]",posterior
"[""sensor_0"", ""sensor_1"", ""sensor_2""]",sensor_0,toy_spatial,1,,99.0,5.356114270369797,5.356114270369797,5.356114270369797,0.79885,1.0,0.79885,0.79885,,,19.36553802895546,20000,20000,,,20000,,0.2,raw_normalized,row,raw_sensor,1.0,0.0,1.0,cyclic,Adaptive Held-Out Raw Sensor CP,sensor_2,"[""sensor_0"", ""sensor_1""]",posterior
"[""sensor_0"", ""sensor_1"", ""sensor_2""]",sensor_0,toy_spatial,1,,99.0,1.2815515655446008,,,0.78225,0.78225,,,,,4.294272422790527,20000,0,,0.0,20000,,0.2,none,,,,,,,Fused Posterior Predictive,,"[""sensor_0"", ""sensor_1"", ""sensor_2""]",
"[""sensor_0"", ""sensor_1"", ""sensor_2""]",sensor_0,toy_spatial,42,,0.0,1.3161752223968506,1.3161752223968506,1.3161752223968506,0.7985,0.7985,,,,,4.4134812084198,20000,20000,,,20000,,0.2,model_normalized,row,reference,1.0,0.0,1.0,cyclic,Oracle Split Conformal,,"[""sensor_0"", ""sensor_1"", ""sensor_2""]",not_applicable
"[""sensor_0"", ""sensor_1"", ""sensor_2""]",sensor_0,toy_spatial,42,,0.0,1.8125762099328229,1.8125762099328229,1.8125762099328229,0.8016,0.92695,0.8016,0.8016,,,8.62696709009409,20000,20000,,,20000,,0.2,raw_normalized,row,raw_sensor,1.0,0.0,1.0,cyclic,Adaptive Held-Out Raw Sensor CP,sensor_0,"[""sensor_1"", ""sensor_2""]",posterior
"[""sensor_0"", ""sensor_1"", ""sensor_2""]",sensor_0,toy_spatial,42,,0.0,3.797600284207604,3.797600284207604,3.797600284207604,0.7996,0.9996,0.7996,0.7996,,,14.688982722949982,20000,20000,,,20000,,0.2,raw_normalized,row,raw_sensor,1.0,0.0,1.0,cyclic,Adaptive Held-Out Raw Sensor CP,sensor_1,"[""sensor_0"", ""sensor_2""]",posterior
"[""sensor_0"", ""sensor_1"", ""sensor_2""]",sensor_0,toy_spatial,42,,0.0,5.314548673525416,5.314548673525416,5.314548673525416,0.7969,1.0,0.7969,0.7969,,,19.214356017374996,20000,20000,,,20000,,0.2,raw_normalized,row,raw_sensor,1.0,0.0,1.0,cyclic,Adaptive Held-Out Raw Sensor CP,sensor_2,"[""sensor_0"", ""sensor_1""]",posterior
"[""sensor_0"", ""sensor_1"", ""sensor_2""]",sensor_0,toy_spatial,42,,0.0,1.2815515655446008,,,0.78655,0.78655,,,,,4.297379016876221,20000,0,,0.0,20000,,0.2,none,,,,,,,Fused Posterior Predictive,,"[""sensor_0"", ""sensor_1"", ""sensor_2""]",
"[""sensor_0"", ""sensor_1"", ""sensor_2""]",sensor_0,toy_spatial,42,,1.0,1.3181283473968506,1.3181283473968506,1.3181283473968506,0.8004,0.8004,,,,,4.419712717223168,20000,20000,,,20000,,0.2,model_normalized,row,reference,1.0,0.0,1.0,cyclic,Oracle Split Conformal,,"[""sensor_0"", ""sensor_1"", ""sensor_2""]",not_applicable
"[""sensor_0"", ""sensor_1"", ""sensor_2""]",sensor_0,toy_spatial,42,,1.0,1.8028467379810884,1.8028467379810884,1.8028467379810884,0.79565,0.9277,0.79565,0.79565,,,8.577976489031315,20000,20000,,,20000,,0.2,raw_normalized,row,raw_sensor,1.0,0.0,1.0,cyclic,Adaptive Held-Out Raw Sensor CP,sensor_0,"[""sensor_1"", ""sensor_2""]",posterior
"[""sensor_0"", ""sensor_1"", ""sensor_2""]",sensor_0,toy_spatial,42,,1.0,3.798139361163457,3.798139361163457,3.798139361163457,0.79985,0.9996,0.79985,0.79985,,,14.690305815804004,20000,20000,,,20000,,0.2,raw_normalized,row,raw_sensor,1.0,0.0,1.0,cyclic,Adaptive Held-Out Raw Sensor CP,sensor_1,"[""sensor_0"", ""sensor_2""]",posterior
"[""sensor_0"", ""sensor_1"", ""sensor_2""]",sensor_0,toy_spatial,42,,1.0,5.367494168571247,5.367494168571247,5.367494168571247,0.80455,1.0,0.80455,0.80455,,,19.40528333027363,20000,20000,,,20000,,0.2,raw_normalized,row,raw_sensor,1.0,0.0,1.0,cyclic,Adaptive Held-Out Raw Sensor CP,sensor_2,"[""sensor_0"", ""sensor_1""]",posterior
"[""sensor_0"", ""sensor_1"", ""sensor_2""]",sensor_0,toy_spatial,42,,1.0,1.2815515655446008,,,0.7873,0.7873,,,,,4.297070503234863,20000,0,,0.0,20000,,0.2,none,,,,,,,Fused Posterior Predictive,,"[""sensor_0"", ""sensor_1"", ""sensor_2""]",
"[""sensor_0"", ""sensor_1"", ""sensor_2""]",sensor_0,toy_spatial,42,,2.0,1.3157658576965332,1.3157658576965332,1.3157658576965332,0.7982,0.7982,,,,,4.411499058866501,20000,20000,,,20000,,0.2,model_normalized,row,reference,1.0,0.0,1.0,cyclic,Oracle Split Conformal,,"[""sensor_0"", ""sensor_1"", ""sensor_2""]",not_applicable
"[""sensor_0"", ""sensor_1"", ""sensor_2""]",sensor_0,toy_spatial,42,,2.0,1.8138793716640969,1.8138793716640969,1.8138793716640969,0.80205,0.92975,0.80205,0.80205,,,8.632069757795334,20000,20000,,,20000,,0.2,raw_normalized,row,raw_sensor,1.0,0.0,1.0,cyclic,Adaptive Held-Out Raw Sensor CP,sensor_0,"[""sensor_1"", ""sensor_2""]",posterior
"[""sensor_0"", ""sensor_1"", ""sensor_2""]",sensor_0,toy_spatial,42,,2.0,3.8121537632642535,3.8121537632642535,3.8121537632642535,0.8032,0.99975,0.8032,0.8032,,,14.742780326354504,20000,20000,,,20000,,0.2,raw_normalized,row,raw_sensor,1.0,0.0,1.0,cyclic,Adaptive Held-Out Raw Sensor CP,sensor_1,"[""sensor_0"", ""sensor_2""]",posterior
"[""sensor_0"", ""sensor_1"", ""sensor_2""]",sensor_0,toy_spatial,42,,2.0,5.319781374728582,5.319781374728582,5.319781374728582,0.79785,1.0,0.79785,0.79785,,,19.230380119514464,20000,20000,,,20000,,0.2,raw_normalized,row,raw_sensor,1.0,0.0,1.0,cyclic,Adaptive Held-Out Raw Sensor CP,sensor_2,"[""sensor_0"", ""sensor_1""]",posterior
"[""sensor_0"", ""sensor_1"", ""sensor_2""]",sensor_0,toy_spatial,42,,2.0,1.2815515655446008,,,0.7864,0.7864,,,,,4.296785831451416,20000,0,,0.0,20000,,0.2,none,,,,,,,Fused Posterior Predictive,,"[""sensor_0"", ""sensor_1"", ""sensor_2""]",
"[""sensor_0"", ""sensor_1"", ""sensor_2""]",sensor_0,toy_spatial,42,,3.0,1.3194748163223269,1.3194748163223269,1.3194748163223269,0.8015,0.8015,,,,,4.423496993136406,20000,20000,,,20000,,0.2,model_normalized,row,reference,1.0,0.0,1.0,cyclic,Oracle Split Conformal,,"[""sensor_0"", ""sensor_1"", ""sensor_2""]",not_applicable
"[""sensor_0"", ""sensor_1"", ""sensor_2""]",sensor_0,toy_spatial,42,,3.0,1.805718373129099,1.805718373129099,1.805718373129099,0.79705,0.9293,0.79705,0.79705,,,8.58951795207262,20000,20000,,,20000,,0.2,raw_normalized,row,raw_sensor,1.0,0.0,1.0,cyclic,Adaptive Held-Out Raw Sensor CP,sensor_0,"[""sensor_1"", ""sensor_2""]",posterior
"[""sensor_0"", ""sensor_1"", ""sensor_2""]",sensor_0,toy_spatial,42,,3.0,3.7879837230647104,3.7879837230647104,3.7879837230647104,0.79745,0.99945,0.79745,0.79745,,,14.6497337803483,20000,20000,,,20000,,0.2,raw_normalized,row,raw_sensor,1.0,0.0,1.0,cyclic,Adaptive Held-Out Raw Sensor CP,sensor_1,"[""sensor_0"", ""sensor_2""]",posterior
"[""sensor_0"", ""sensor_1"", ""sensor_2""]",sensor_0,toy_spatial,42,,3.0,5.35287079566669,5.35287079566669,5.35287079566669,0.8025,1.0,0.8025,0.8025,,,19.349470535969733,20000,20000,,,20000,,0.2,raw_normalized,row,raw_sensor,1.0,0.0,1.0,cyclic,Adaptive Held-Out Raw Sensor CP,sensor_2,"[""sensor_0"", ""sensor_1""]",posterior
"[""sensor_0"", ""sensor_1"", ""sensor_2""]",sensor_0,toy_spatial,42,,3.0,1.2815515655446008,,,0.78805,0.78805,,,,,4.296360492706299,20000,0,,0.0,20000,,0.2,none,,,,,,,Fused Posterior Predictive,,"[""sensor_0"", ""sensor_1"", ""sensor_2""]",
"[""sensor_0"", ""sensor_1"", ""sensor_2""]",sensor_0,toy_spatial,42,,4.0,1.3281935453414917,1.3281935453414917,1.3281935453414917,0.8069,0.8069,,,,,4.453037146353721,20000,20000,,,20000,,0.2,model_normalized,row,reference,1.0,0.0,1.0,cyclic,Oracle Split Conformal,,"[""sensor_0"", ""sensor_1"", ""sensor_2""]",not_applicable
"[""sensor_0"", ""sensor_1"", ""sensor_2""]",sensor_0,toy_spatial,42,,4.0,1.8184505605462755,1.8184505605462755,1.8184505605462755,0.80395,0.93105,0.80395,0.80395,,,8.651921684861183,20000,20000,,,20000,,0.2,raw_normalized,row,raw_sensor,1.0,0.0,1.0,cyclic,Adaptive Held-Out Raw Sensor CP,sensor_0,"[""sensor_1"", ""sensor_2""]",posterior
"[""sensor_0"", ""sensor_1"", ""sensor_2""]",sensor_0,toy_spatial,42,,4.0,3.799509349494952,3.799509349494952,3.799509349494952,0.80005,0.99945,0.80005,0.80005,,,14.69458207745552,20000,20000,,,20000,,0.2,raw_normalized,row,raw_sensor,1.0,0.0,1.0,cyclic,Adaptive Held-Out Raw Sensor CP,sensor_1,"[""sensor_0"", ""sensor_2""]",posterior
"[""sensor_0"", ""sensor_1"", ""sensor_2""]",sensor_0,toy_spatial,42,,4.0,5.346848127631335,5.346848127631335,5.346848127631335,0.80165,1.0,0.80165,0.80165,,,19.32853438680172,20000,20000,,,20000,,0.2,raw_normalized,row,raw_sensor,1.0,0.0,1.0,cyclic,Adaptive Held-Out Raw Sensor CP,sensor_2,"[""sensor_0"", ""sensor_1""]",posterior
"[""sensor_0"", ""sensor_1"", ""sensor_2""]",sensor_0,toy_spatial,42,,4.0,1.2815515655446008,,,0.7911,0.7911,,,,,4.296660423278809,20000,0,,0.0,20000,,0.2,none,,,,,,,Fused Posterior Predictive,,"[""sensor_0"", ""sensor_1"", ""sensor_2""]",
"[""sensor_0"", ""sensor_1"", ""sensor_2""]",sensor_0,toy_spatial,42,,5.0,1.3193473815917969,1.3193473815917969,1.3193473815917969,0.80145,0.80145,,,,,4.422750063657761,20000,20000,,,20000,,0.2,model_normalized,row,reference,1.0,0.0,1.0,cyclic,Oracle Split Conformal,,"[""sensor_0"", ""sensor_1"", ""sensor_2""]",not_applicable
"[""sensor_0"", ""sensor_1"", ""sensor_2""]",sensor_0,toy_spatial,42,,5.0,1.8088995215311008,1.8088995215311008,1.8088995215311008,0.7989,0.92845,0.7989,0.7989,,,8.603257381486893,20000,20000,,,20000,,0.2,raw_normalized,row,raw_sensor,1.0,0.0,1.0,cyclic,Adaptive Held-Out Raw Sensor CP,sensor_0,"[""sensor_1"", ""sensor_2""]",posterior
"[""sensor_0"", ""sensor_1"", ""sensor_2""]",sensor_0,toy_spatial,42,,5.0,3.820307101423404,3.820307101423404,3.820307101423404,0.80565,0.9995,0.80565,0.80565,,,14.77369080722332,20000,20000,,,20000,,0.2,raw_normalized,row,raw_sensor,1.0,0.0,1.0,cyclic,Adaptive Held-Out Raw Sensor CP,sensor_1,"[""sensor_0"", ""sensor_2""]",posterior
"[""sensor_0"", ""sensor_1"", ""sensor_2""]",sensor_0,toy_spatial,42,,5.0,5.403059396233171,5.403059396233171,5.403059396233171,0.809,1.0,0.809,0.809,,,19.529724964618683,20000,20000,,,20000,,0.2,raw_normalized,row,raw_sensor,1.0,0.0,1.0,cyclic,Adaptive Held-Out Raw Sensor CP,sensor_2,"[""sensor_0"", ""sensor_1""]",posterior
"[""sensor_0"", ""sensor_1"", ""sensor_2""]",sensor_0,toy_spatial,42,,5.0,1.2815515655446008,,,0.78795,0.78795,,,,,4.296050071716309,20000,0,,0.0,20000,,0.2,none,,,,,,,Fused Posterior Predictive,,"[""sensor_0"", ""sensor_1"", ""sensor_2""]",
"[""sensor_0"", ""sensor_1"", ""sensor_2""]",sensor_0,toy_spatial,42,,6.0,1.3216184377670288,1.3216184377670288,1.3216184377670288,0.803,0.803,,,,,4.431380527949333,20000,20000,,,20000,,0.2,model_normalized,row,reference,1.0,0.0,1.0,cyclic,Oracle Split Conformal,,"[""sensor_0"", ""sensor_1"", ""sensor_2""]",not_applicable
"[""sensor_0"", ""sensor_1"", ""sensor_2""]",sensor_0,toy_spatial,42,,6.0,1.8056290154870376,1.8056290154870376,1.8056290154870376,0.797,0.92845,0.797,0.797,,,8.58933334298134,20000,20000,,,20000,,0.2,raw_normalized,row,raw_sensor,1.0,0.0,1.0,cyclic,Adaptive Held-Out Raw Sensor CP,sensor_0,"[""sensor_1"", ""sensor_2""]",posterior
"[""sensor_0"", ""sensor_1"", ""sensor_2""]",sensor_0,toy_spatial,42,,6.0,3.808506040613098,3.808506040613098,3.808506040613098,0.80245,0.99935,0.80245,0.80245,,,14.731961705267429,20000,20000,,,20000,,0.2,raw_normalized,row,raw_sensor,1.0,0.0,1.0,cyclic,Adaptive Held-Out Raw Sensor CP,sensor_1,"[""sensor_0"", ""sensor_2""]",posterior
"[""sensor_0"", ""sensor_1"", ""sensor_2""]",sensor_0,toy_spatial,42,,6.0,5.402759309216815,5.402759309216815,5.402759309216815,0.8089,1.0,0.8089,0.8089,,,19.533668669581413,20000,20000,,,20000,,0.2,raw_normalized,row,raw_sensor,1.0,0.0,1.0,cyclic,Adaptive Held-Out Raw Sensor CP,sensor_2,"[""sensor_0"", ""sensor_1""]",posterior
"[""sensor_0"", ""sensor_1"", ""sensor_2""]",sensor_0,toy_spatial,42,,6.0,1.2815515655446008,,,0.7894,0.7894,,,,,4.297036647796631,20000,0,,0.0,20000,,0.2,none,,,,,,,Fused Posterior Predictive,,"[""sensor_0"", ""sensor_1"", ""sensor_2""]",
"[""sensor_0"", ""sensor_1"", ""sensor_2""]",sensor_0,toy_spatial,42,,7.0,1.3185348510742188,1.3185348510742188,1.3185348510742188,0.8009,0.8009,,,,,4.421661376714707,20000,20000,,,20000,,0.2,model_normalized,row,reference,1.0,0.0,1.0,cyclic,Oracle Split Conformal,,"[""sensor_0"", ""sensor_1"", ""sensor_2""]",not_applicable
"[""sensor_0"", ""sensor_1"", ""sensor_2""]",sensor_0,toy_spatial,42,,7.0,1.809629135269027,1.809629135269027,1.809629135269027,0.79965,0.92945,0.79965,0.79965,,,8.612855073130131,20000,20000,,,20000,,0.2,raw_normalized,row,raw_sensor,1.0,0.0,1.0,cyclic,Adaptive Held-Out Raw Sensor CP,sensor_0,"[""sensor_1"", ""sensor_2""]",posterior
"[""sensor_0"", ""sensor_1"", ""sensor_2""]",sensor_0,toy_spatial,42,,7.0,3.824427345828668,3.824427345828668,3.824427345828668,0.8066,0.9995,0.8066,0.8066,,,14.793343980693818,20000,20000,,,20000,,0.2,raw_normalized,row,raw_sensor,1.0,0.0,1.0,cyclic,Adaptive Held-Out Raw Sensor CP,sensor_1,"[""sensor_0"", ""sensor_2""]",posterior
"[""sensor_0"", ""sensor_1"", ""sensor_2""]",sensor_0,toy_spatial,42,,7.0,5.305416313651634,5.305416313651634,5.305416313651634,0.79585,1.0,0.79585,0.79585,,,19.182863397550584,20000,20000,,,20000,,0.2,raw_normalized,row,raw_sensor,1.0,0.0,1.0,cyclic,Adaptive Held-Out Raw Sensor CP,sensor_2,"[""sensor_0"", ""sensor_1""]",posterior
"[""sensor_0"", ""sensor_1"", ""sensor_2""]",sensor_0,toy_spatial,42,,7.0,1.2815515655446008,,,0.78635,0.78635,,,,,4.297638893127441,20000,0,,0.0,20000,,0.2,none,,,,,,,Fused Posterior Predictive,,"[""sensor_0"", ""sensor_1"", ""sensor_2""]",
"[""sensor_0"", ""sensor_1"", ""sensor_2""]",sensor_0,toy_spatial,42,,8.0,1.3169527053833008,1.3169527053833008,1.3169527053833008,0.79935,0.79935,,,,,4.415813174271584,20000,20000,,,20000,,0.2,model_normalized,row,reference,1.0,0.0,1.0,cyclic,Oracle Split Conformal,,"[""sensor_0"", ""sensor_1"", ""sensor_2""]",not_applicable
"[""sensor_0"", ""sensor_1"", ""sensor_2""]",sensor_0,toy_spatial,42,,8.0,1.8107606409256096,1.8107606409256096,1.8107606409256096,0.8004,0.92875,0.8004,0.8004,,,8.615612713027,20000,20000,,,20000,,0.2,raw_normalized,row,raw_sensor,1.0,0.0,1.0,cyclic,Adaptive Held-Out Raw Sensor CP,sensor_0,"[""sensor_1"", ""sensor_2""]",posterior
"[""sensor_0"", ""sensor_1"", ""sensor_2""]",sensor_0,toy_spatial,42,,8.0,3.8050805389862856,3.8050805389862856,3.8050805389862856,0.80145,0.99965,0.80145,0.80145,,,14.717962392818928,20000,20000,,,20000,,0.2,raw_normalized,row,raw_sensor,1.0,0.0,1.0,cyclic,Adaptive Held-Out Raw Sensor CP,sensor_1,"[""sensor_0"", ""sensor_2""]",posterior
"[""sensor_0"", ""sensor_1"", ""sensor_2""]",sensor_0,toy_spatial,42,,8.0,5.336502739964645,5.336502739964645,5.336502739964645,0.80035,1.0,0.80035,0.80035,,,19.293591248583795,20000,20000,,,20000,,0.2,raw_normalized,row,raw_sensor,1.0,0.0,1.0,cyclic,Adaptive Held-Out Raw Sensor CP,sensor_2,"[""sensor_0"", ""sensor_1""]",posterior
"[""sensor_0"", ""sensor_1"", ""sensor_2""]",sensor_0,toy_spatial,42,,8.0,1.2815515655446008,,,0.78785,0.78785,,,,,4.297111511230469,20000,0,,0.0,20000,,0.2,none,,,,,,,Fused Posterior Predictive,,"[""sensor_0"", ""sensor_1"", ""sensor_2""]",
"[""sensor_0"", ""sensor_1"", ""sensor_2""]",sensor_0,toy_spatial,42,,9.0,1.3195395469665527,1.3195395469665527,1.3195395469665527,0.8016,0.8016,,,,,4.424413519048691,20000,20000,,,20000,,0.2,model_normalized,row,reference,1.0,0.0,1.0,cyclic,Oracle Split Conformal,,"[""sensor_0"", ""sensor_1"", ""sensor_2""]",not_applicable
"[""sensor_0"", ""sensor_1"", ""sensor_2""]",sensor_0,toy_spatial,42,,9.0,1.7979462419434844,1.7979462419434844,1.7979462419434844,0.79365,0.9257,0.79365,0.79365,,,8.554398366296292,20000,20000,,,20000,,0.2,raw_normalized,row,raw_sensor,1.0,0.0,1.0,cyclic,Adaptive Held-Out Raw Sensor CP,sensor_0,"[""sensor_1"", ""sensor_2""]",posterior
"[""sensor_0"", ""sensor_1"", ""sensor_2""]",sensor_0,toy_spatial,42,,9.0,3.79567183285921,3.79567183285921,3.79567183285921,0.79905,0.99945,0.79905,0.79905,,,14.681108086121082,20000,20000,,,20000,,0.2,raw_normalized,row,raw_sensor,1.0,0.0,1.0,cyclic,Adaptive Held-Out Raw Sensor CP,sensor_1,"[""sensor_0"", ""sensor_2""]",posterior
"[""sensor_0"", ""sensor_1"", ""sensor_2""]",sensor_0,toy_spatial,42,,9.0,5.343337872235807,5.343337872235807,5.343337872235807,0.80135,1.0,0.80135,0.80135,,,19.317729566955567,20000,20000,,,20000,,0.2,raw_normalized,row,raw_sensor,1.0,0.0,1.0,cyclic,Adaptive Held-Out Raw Sensor CP,sensor_2,"[""sensor_0"", ""sensor_1""]",posterior
"[""sensor_0"", ""sensor_1"", ""sensor_2""]",sensor_0,toy_spatial,42,,9.0,1.2815515655446008,,,0.7883,0.7883,,,,,4.297039985656738,20000,0,,0.0,20000,,0.2,none,,,,,,,Fused Posterior Predictive,,"[""sensor_0"", ""sensor_1"", ""sensor_2""]",
"[""sensor_0"", ""sensor_1"", ""sensor_2""]",sensor_0,toy_spatial,42,,10.0,1.3136796951293943,1.3136796951293943,1.3136796951293943,0.7969,0.7969,,,,,4.404525017356873,20000,20000,,,20000,,0.2,model_normalized,row,reference,1.0,0.0,1.0,cyclic,Oracle Split Conformal,,"[""sensor_0"", ""sensor_1"", ""sensor_2""]",not_applicable
"[""sensor_0"", ""sensor_1"", ""sensor_2""]",sensor_0,toy_spatial,42,,10.0,1.820929516139255,1.820929516139255,1.820929516139255,0.8051,0.9336,0.8051,0.8051,,,8.664066202616691,20000,20000,,,20000,,0.2,raw_normalized,row,raw_sensor,1.0,0.0,1.0,cyclic,Adaptive Held-Out Raw Sensor CP,sensor_0,"[""sensor_1"", ""sensor_2""]",posterior
"[""sensor_0"", ""sensor_1"", ""sensor_2""]",sensor_0,toy_spatial,42,,10.0,3.8070079752983697,3.8070079752983697,3.8070079752983697,0.80195,0.9996,0.80195,0.80195,,,14.724125679719448,20000,20000,,,20000,,0.2,raw_normalized,row,raw_sensor,1.0,0.0,1.0,cyclic,Adaptive Held-Out Raw Sensor CP,sensor_1,"[""sensor_0"", ""sensor_2""]",posterior
"[""sensor_0"", ""sensor_1"", ""sensor_2""]",sensor_0,toy_spatial,42,,10.0,5.362265672725972,5.362265672725972,5.362265672725972,0.80365,1.0,0.80365,0.80365,,,19.38508884859085,20000,20000,,,20000,,0.2,raw_normalized,row,raw_sensor,1.0,0.0,1.0,cyclic,Adaptive Held-Out Raw Sensor CP,sensor_2,"[""sensor_0"", ""sensor_1""]",posterior
"[""sensor_0"", ""sensor_1"", ""sensor_2""]",sensor_0,toy_spatial,42,,10.0,1.2815515655446008,,,0.786,0.786,,,,,4.296805381774902,20000,0,,0.0,20000,,0.2,none,,,,,,,Fused Posterior Predictive,,"[""sensor_0"", ""sensor_1"", ""sensor_2""]",
"[""sensor_0"", ""sensor_1"", ""sensor_2""]",sensor_0,toy_spatial,42,,11.0,1.323474645614624,1.323474645614624,1.323474645614624,0.80425,0.80425,,,,,4.437003854870796,20000,20000,,,20000,,0.2,model_normalized,row,reference,1.0,0.0,1.0,cyclic,Oracle Split Conformal,,"[""sensor_0"", ""sensor_1"", ""sensor_2""]",not_applicable
"[""sensor_0"", ""sensor_1"", ""sensor_2""]",sensor_0,toy_spatial,42,,11.0,1.819077187791743,1.819077187791743,1.819077187791743,0.8043,0.92855,0.8043,0.8043,,,8.652922943603992,20000,20000,,,20000,,0.2,raw_normalized,row,raw_sensor,1.0,0.0,1.0,cyclic,Adaptive Held-Out Raw Sensor CP,sensor_0,"[""sensor_1"", ""sensor_2""]",posterior
"[""sensor_0"", ""sensor_1"", ""sensor_2""]",sensor_0,toy_spatial,42,,11.0,3.798156189441412,3.798156189441412,3.798156189441412,0.7999,0.9995,0.7999,0.7999,,,14.689617675101758,20000,20000,,,20000,,0.2,raw_normalized,row,raw_sensor,1.0,0.0,1.0,cyclic,Adaptive Held-Out Raw Sensor CP,sensor_1,"[""sensor_0"", ""sensor_2""]",posterior
"[""sensor_0"", ""sensor_1"", ""sensor_2""]",sensor_0,toy_spatial,42,,11.0,5.365579555344777,5.365579555344777,5.365579555344777,0.8043,1.0,0.8043,0.8043,,,19.39628995161057,20000,20000,,,20000,,0.2,raw_normalized,row,raw_sensor,1.0,0.0,1.0,cyclic,Adaptive Held-Out Raw Sensor CP,sensor_2,"[""sensor_0"", ""sensor_1""]",posterior
"[""sensor_0"", ""sensor_1"", ""sensor_2""]",sensor_0,toy_spatial,42,,11.0,1.2815515655446008,,,0.7897,0.7897,,,,,4.296454906463623,20000,0,,0.0,20000,,0.2,none,,,,,,,Fused Posterior Predictive,,"[""sensor_0"", ""sensor_1"", ""sensor_2""]",
"[""sensor_0"", ""sensor_1"", ""sensor_2""]",sensor_0,toy_spatial,42,,12.0,1.3238242864608765,1.3238242864608765,1.3238242864608765,0.80445,0.80445,,,,,4.438479957962036,20000,20000,,,20000,,0.2,model_normalized,row,reference,1.0,0.0,1.0,cyclic,Oracle Split Conformal,,"[""sensor_0"", ""sensor_1"", ""sensor_2""]",not_applicable
"[""sensor_0"", ""sensor_1"", ""sensor_2""]",sensor_0,toy_spatial,42,,12.0,1.802622708702088,1.802622708702088,1.802622708702088,0.7955,0.92745,0.7955,0.7955,,,8.57393683179617,20000,20000,,,20000,,0.2,raw_normalized,row,raw_sensor,1.0,0.0,1.0,cyclic,Adaptive Held-Out Raw Sensor CP,sensor_0,"[""sensor_1"", ""sensor_2""]",posterior
"[""sensor_0"", ""sensor_1"", ""sensor_2""]",sensor_0,toy_spatial,42,,12.0,3.81292548932855,3.81292548932855,3.81292548932855,0.8035,0.99965,0.8035,0.8035,,,14.748012201976776,20000,20000,,,20000,,0.2,raw_normalized,row,raw_sensor,1.0,0.0,1.0,cyclic,Adaptive Held-Out Raw Sensor CP,sensor_1,"[""sensor_0"", ""sensor_2""]",posterior
"[""sensor_0"", ""sensor_1"", ""sensor_2""]",sensor_0,toy_spatial,42,,12.0,5.362265672725972,5.362265672725972,5.362265672725972,0.80365,1.0,0.80365,0.80365,,,19.38590542924404,20000,20000,,,20000,,0.2,raw_normalized,row,raw_sensor,1.0,0.0,1.0,cyclic,Adaptive Held-Out Raw Sensor CP,sensor_2,"[""sensor_0"", ""sensor_1""]",posterior
"[""sensor_0"", ""sensor_1"", ""sensor_2""]",sensor_0,toy_spatial,42,,12.0,1.2815515655446008,,,0.7887,0.7887,,,,,4.296749114990234,20000,0,,0.0,20000,,0.2,none,,,,,,,Fused Posterior Predictive,,"[""sensor_0"", ""sensor_1"", ""sensor_2""]",
"[""sensor_0"", ""sensor_1"", ""sensor_2""]",sensor_0,toy_spatial,42,,13.0,1.3175708055496216,1.3175708055496216,1.3175708055496216,0.7999,0.7999,,,,,4.417579978299141,20000,20000,,,20000,,0.2,model_normalized,row,reference,1.0,0.0,1.0,cyclic,Oracle Split Conformal,,"[""sensor_0"", ""sensor_1"", ""sensor_2""]",not_applicable
"[""sensor_0"", ""sensor_1"", ""sensor_2""]",sensor_0,toy_spatial,42,,13.0,1.8107606409256096,1.8107606409256096,1.8107606409256096,0.8004,0.9271,0.8004,0.8004,,,8.615161527776719,20000,20000,,,20000,,0.2,raw_normalized,row,raw_sensor,1.0,0.0,1.0,cyclic,Adaptive Held-Out Raw Sensor CP,sensor_0,"[""sensor_1"", ""sensor_2""]",posterior
"[""sensor_0"", ""sensor_1"", ""sensor_2""]",sensor_0,toy_spatial,42,,13.0,3.807975280813556,3.807975280813556,3.807975280813556,0.8022,0.9995,0.8022,0.8022,,,14.727434879422187,20000,20000,,,20000,,0.2,raw_normalized,row,raw_sensor,1.0,0.0,1.0,cyclic,Adaptive Held-Out Raw Sensor CP,sensor_1,"[""sensor_0"", ""sensor_2""]",posterior
"[""sensor_0"", ""sensor_1"", ""sensor_2""]",sensor_0,toy_spatial,42,,13.0,5.318067772238301,5.318067772238301,5.318067772238301,0.79745,1.0,0.79745,0.79745,,,19.22548051559925,20000,20000,,,20000,,0.2,raw_normalized,row,raw_sensor,1.0,0.0,1.0,cyclic,Adaptive Held-Out Raw Sensor CP,sensor_2,"[""sensor_0"", ""sensor_1""]",posterior
"[""sensor_0"", ""sensor_1"", ""sensor_2""]",sensor_0,toy_spatial,42,,13.0,1.2815515655446008,,,0.7867,0.7867,,,,,4.29681396484375,20000,0,,0.0,20000,,0.2,none,,,,,,,Fused Posterior Predictive,,"[""sensor_0"", ""sensor_1"", ""sensor_2""]",
"[""sensor_0"", ""sensor_1"", ""sensor_2""]",sensor_0,toy_spatial,42,,14.0,1.3219105005264282,1.3219105005264282,1.3219105005264282,0.8034,0.8034,,,,,4.432277987217903,20000,20000,,,20000,,0.2,model_normalized,row,reference,1.0,0.0,1.0,cyclic,Oracle Split Conformal,,"[""sensor_0"", ""sensor_1"", ""sensor_2""]",not_applicable
"[""sensor_0"", ""sensor_1"", ""sensor_2""]",sensor_0,toy_spatial,42,,14.0,1.8045899625272013,1.8045899625272013,1.8045899625272013,0.79655,0.9261,0.79655,0.79655,,,8.58767449362278,20000,20000,,,20000,,0.2,raw_normalized,row,raw_sensor,1.0,0.0,1.0,cyclic,Adaptive Held-Out Raw Sensor CP,sensor_0,"[""sensor_1"", ""sensor_2""]",posterior
"[""sensor_0"", ""sensor_1"", ""sensor_2""]",sensor_0,toy_spatial,42,,14.0,3.791183834006777,3.791183834006777,3.791183834006777,0.7982,0.9997,0.7982,0.7982,,,14.662690856933594,20000,20000,,,20000,,0.2,raw_normalized,row,raw_sensor,1.0,0.0,1.0,cyclic,Adaptive Held-Out Raw Sensor CP,sensor_1,"[""sensor_0"", ""sensor_2""]",posterior
"[""sensor_0"", ""sensor_1"", ""sensor_2""]",sensor_0,toy_spatial,42,,14.0,5.338809717908189,5.338809717908189,5.338809717908189,0.8007,1.0,0.8007,0.8007,,,19.30035502784252,20000,20000,,,20000,,0.2,raw_normalized,row,raw_sensor,1.0,0.0,1.0,cyclic,Adaptive Held-Out Raw Sensor CP,sensor_2,"[""sensor_0"", ""sensor_1""]",posterior
"[""sensor_0"", ""sensor_1"", ""sensor_2""]",sensor_0,toy_spatial,42,,14.0,1.2815515655446008,,,0.78905,0.78905,,,,,4.296957015991211,20000,0,,0.0,20000,,0.2,none,,,,,,,Fused Posterior Predictive,,"[""sensor_0"", ""sensor_1"", ""sensor_2""]",
"[""sensor_0"", ""sensor_1"", ""sensor_2""]",sensor_0,toy_spatial,42,,15.0,1.3159210681915283,1.3159210681915283,1.3159210681915283,0.7983,0.7983,,,,,4.411575238871574,20000,20000,,,20000,,0.2,model_normalized,row,reference,1.0,0.0,1.0,cyclic,Oracle Split Conformal,,"[""sensor_0"", ""sensor_1"", ""sensor_2""]",not_applicable
"[""sensor_0"", ""sensor_1"", ""sensor_2""]",sensor_0,toy_spatial,42,,15.0,1.8206723334526669,1.8206723334526669,1.8206723334526669,0.80495,0.9283,0.80495,0.80495,,,8.66018078199625,20000,20000,,,20000,,0.2,raw_normalized,row,raw_sensor,1.0,0.0,1.0,cyclic,Adaptive Held-Out Raw Sensor CP,sensor_0,"[""sensor_1"", ""sensor_2""]",posterior
"[""sensor_0"", ""sensor_1"", ""sensor_2""]",sensor_0,toy_spatial,42,,15.0,3.81292548932855,3.81292548932855,3.81292548932855,0.8035,0.99965,0.8035,0.8035,,,14.745857239234448,20000,20000,,,20000,,0.2,raw_normalized,row,raw_sensor,1.0,0.0,1.0,cyclic,Adaptive Held-Out Raw Sensor CP,sensor_1,"[""sensor_0"", ""sensor_2""]",posterior
"[""sensor_0"", ""sensor_1"", ""sensor_2""]",sensor_0,toy_spatial,42,,15.0,5.37246836152245,5.37246836152245,5.37246836152245,0.8051,1.0,0.8051,0.8051,,,19.420352898454667,20000,20000,,,20000,,0.2,raw_normalized,row,raw_sensor,1.0,0.0,1.0,cyclic,Adaptive Held-Out Raw Sensor CP,sensor_2,"[""sensor_0"", ""sensor_1""]",posterior
"[""sensor_0"", ""sensor_1"", ""sensor_2""]",sensor_0,toy_spatial,42,,15.0,1.2815515655446008,,,0.78595,0.78595,,,,,4.296352863311768,20000,0,,0.0,20000,,0.2,none,,,,,,,Fused Posterior Predictive,,"[""sensor_0"", ""sensor_1"", ""sensor_2""]",
"[""sensor_0"", ""sensor_1"", ""sensor_2""]",sensor_0,toy_spatial,42,,16.0,1.3201079368591309,1.3201079368591309,1.3201079368591309,0.80215,0.80215,,,,,4.426066041970253,20000,20000,,,20000,,0.2,model_normalized,row,reference,1.0,0.0,1.0,cyclic,Oracle Split Conformal,,"[""sensor_0"", ""sensor_1"", ""sensor_2""]",not_applicable
"[""sensor_0"", ""sensor_1"", ""sensor_2""]",sensor_0,toy_spatial,42,,16.0,1.8195971535404645,1.8195971535404645,1.8195971535404645,0.8046,0.9282,0.8046,0.8046,,,8.656672863948344,20000,20000,,,20000,,0.2,raw_normalized,row,raw_sensor,1.0,0.0,1.0,cyclic,Adaptive Held-Out Raw Sensor CP,sensor_0,"[""sensor_1"", ""sensor_2""]",posterior
"[""sensor_0"", ""sensor_1"", ""sensor_2""]",sensor_0,toy_spatial,42,,16.0,3.805862529748359,3.805862529748359,3.805862529748359,0.8016,0.99965,0.8016,0.8016,,,14.719614989161492,20000,20000,,,20000,,0.2,raw_normalized,row,raw_sensor,1.0,0.0,1.0,cyclic,Adaptive Held-Out Raw Sensor CP,sensor_1,"[""sensor_0"", ""sensor_2""]",posterior
"[""sensor_0"", ""sensor_1"", ""sensor_2""]",sensor_0,toy_spatial,42,,16.0,5.338676810090549,5.338676810090549,5.338676810090549,0.8006,1.0,0.8006,0.8006,,,19.29972151274681,20000,20000,,,20000,,0.2,raw_normalized,row,raw_sensor,1.0,0.0,1.0,cyclic,Adaptive Held-Out Raw Sensor CP,sensor_2,"[""sensor_0"", ""sensor_1""]",posterior
"[""sensor_0"", ""sensor_1"", ""sensor_2""]",sensor_0,toy_spatial,42,,16.0,1.2815515655446008,,,0.78815,0.78815,,,,,4.2967939376831055,20000,0,,0.0,20000,,0.2,none,,,,,,,Fused Posterior Predictive,,"[""sensor_0"", ""sensor_1"", ""sensor_2""]",
"[""sensor_0"", ""sensor_1"", ""sensor_2""]",sensor_0,toy_spatial,42,,17.0,1.315664529800415,1.315664529800415,1.315664529800415,0.79815,0.79815,,,,,4.411517189645768,20000,20000,,,20000,,0.2,model_normalized,row,reference,1.0,0.0,1.0,cyclic,Oracle Split Conformal,,"[""sensor_0"", ""sensor_1"", ""sensor_2""]",not_applicable
"[""sensor_0"", ""sensor_1"", ""sensor_2""]",sensor_0,toy_spatial,42,,17.0,1.8139932257799256,1.8139932257799256,1.8139932257799256,0.80225,0.92815,0.80225,0.80225,,,8.63364012169838,20000,20000,,,20000,,0.2,raw_normalized,row,raw_sensor,1.0,0.0,1.0,cyclic,Adaptive Held-Out Raw Sensor CP,sensor_0,"[""sensor_1"", ""sensor_2""]",posterior
"[""sensor_0"", ""sensor_1"", ""sensor_2""]",sensor_0,toy_spatial,42,,17.0,3.808454079130511,3.808454079130511,3.808454079130511,0.80235,0.9996,0.80235,0.80235,,,14.729216265928743,20000,20000,,,20000,,0.2,raw_normalized,row,raw_sensor,1.0,0.0,1.0,cyclic,Adaptive Held-Out Raw Sensor CP,sensor_1,"[""sensor_0"", ""sensor_2""]",posterior
"[""sensor_0"", ""sensor_1"", ""sensor_2""]",sensor_0,toy_spatial,42,,17.0,5.293992757979128,5.293992757979128,5.293992757979128,0.79435,1.0,0.79435,0.79435,,,19.139164050102234,20000,20000,,,20000,,0.2,raw_normalized,row,raw_sensor,1.0,0.0,1.0,cyclic,Adaptive Held-Out Raw Sensor CP,sensor_2,"[""sensor_0"", ""sensor_1""]",posterior
"[""sensor_0"", ""sensor_1"", ""sensor_2""]",sensor_0,toy_spatial,42,,17.0,1.2815515655446008,,,0.7868,0.7868,,,,,4.297134399414063,20000,0,,0.0,20000,,0.2,none,,,,,,,Fused Posterior Predictive,,"[""sensor_0"", ""sensor_1"", ""sensor_2""]",
"[""sensor_0"", ""sensor_1"", ""sensor_2""]",sensor_0,toy_spatial,42,,18.0,1.320466160774231,1.320466160774231,1.320466160774231,0.80245,0.80245,,,,,4.427295295119285,20000,20000,,,20000,,0.2,model_normalized,row,reference,1.0,0.0,1.0,cyclic,Oracle Split Conformal,,"[""sensor_0"", ""sensor_1"", ""sensor_2""]",not_applicable
"[""sensor_0"", ""sensor_1"", ""sensor_2""]",sensor_0,toy_spatial,42,,18.0,1.8111674581777195,1.8111674581777195,1.8111674581777195,0.8006,0.92815,0.8006,0.8006,,,8.617618875658511,20000,20000,,,20000,,0.2,raw_normalized,row,raw_sensor,1.0,0.0,1.0,cyclic,Adaptive Held-Out Raw Sensor CP,sensor_0,"[""sensor_1"", ""sensor_2""]",posterior
"[""sensor_0"", ""sensor_1"", ""sensor_2""]",sensor_0,toy_spatial,42,,18.0,3.767757322947324,3.767757322947324,3.767757322947324,0.7923,0.99955,0.7923,0.7923,,,14.571813609063623,20000,20000,,,20000,,0.2,raw_normalized,row,raw_sensor,1.0,0.0,1.0,cyclic,Adaptive Held-Out Raw Sensor CP,sensor_1,"[""sensor_0"", ""sensor_2""]",posterior
"[""sensor_0"", ""sensor_1"", ""sensor_2""]",sensor_0,toy_spatial,42,,18.0,5.342707069435786,5.342707069435786,5.342707069435786,0.8012,1.0,0.8012,0.8012,,,19.31424722890854,20000,20000,,,20000,,0.2,raw_normalized,row,raw_sensor,1.0,0.0,1.0,cyclic,Adaptive Held-Out Raw Sensor CP,sensor_2,"[""sensor_0"", ""sensor_1""]",posterior
"[""sensor_0"", ""sensor_1"", ""sensor_2""]",sensor_0,toy_spatial,42,,18.0,1.2815515655446008,,,0.78805,0.78805,,,,,4.29682207107544,20000,0,,0.0,20000,,0.2,none,,,,,,,Fused Posterior Predictive,,"[""sensor_0"", ""sensor_1"", ""sensor_2""]",
"[""sensor_0"", ""sensor_1"", ""sensor_2""]",sensor_0,toy_spatial,42,,19.0,1.3220131397247314,1.3220131397247314,1.3220131397247314,0.8035,0.8035,,,,,4.433319807004929,20000,20000,,,20000,,0.2,model_normalized,row,reference,1.0,0.0,1.0,cyclic,Oracle Split Conformal,,"[""sensor_0"", ""sensor_1"", ""sensor_2""]",not_applicable
"[""sensor_0"", ""sensor_1"", ""sensor_2""]",sensor_0,toy_spatial,42,,19.0,1.8032594302868643,1.8032594302868643,1.8032594302868643,0.7958,0.9277,0.7958,0.7958,,,8.58000838534832,20000,20000,,,20000,,0.2,raw_normalized,row,raw_sensor,1.0,0.0,1.0,cyclic,Adaptive Held-Out Raw Sensor CP,sensor_0,"[""sensor_1"", ""sensor_2""]",posterior
"[""sensor_0"", ""sensor_1"", ""sensor_2""]",sensor_0,toy_spatial,42,,19.0,3.812912870125556,3.812912870125556,3.812912870125556,0.80345,0.9994,0.80345,0.80345,,,14.750231412422655,20000,20000,,,20000,,0.2,raw_normalized,row,raw_sensor,1.0,0.0,1.0,cyclic,Adaptive Held-Out Raw Sensor CP,sensor_1,"[""sensor_0"", ""sensor_2""]",posterior
"[""sensor_0"", ""sensor_1"", ""sensor_2""]",sensor_0,toy_spatial,42,,19.0,5.360206566407833,5.360206566407833,5.360206566407833,0.80345,1.0,0.80345,0.80345,,,19.38193203737736,20000,20000,,,20000,,0.2,raw_normalized,row,raw_sensor,1.0,0.0,1.0,cyclic,Adaptive Held-Out Raw Sensor CP,sensor_2,"[""sensor_0"", ""sensor_1""]",posterior
"[""sensor_0"", ""sensor_1"", ""sensor_2""]",sensor_0,toy_spatial,42,,19.0,1.2815515655446008,,,0.78845,0.78845,,,,,4.297633647918701,20000,0,,0.0,20000,,0.2,none,,,,,,,Fused Posterior Predictive,,"[""sensor_0"", ""sensor_1"", ""sensor_2""]",
"[""sensor_0"", ""sensor_1"", ""sensor_2""]",sensor_0,toy_spatial,42,,20.0,1.3078995943069458,1.3078995943069458,1.3078995943069458,0.79315,0.79315,,,,,4.384955660200119,20000,20000,,,20000,,0.2,model_normalized,row,reference,1.0,0.0,1.0,cyclic,Oracle Split Conformal,,"[""sensor_0"", ""sensor_1"", ""sensor_2""]",not_applicable
"[""sensor_0"", ""sensor_1"", ""sensor_2""]",sensor_0,toy_spatial,42,,20.0,1.8019210754318984,1.8019210754318984,1.8019210754318984,0.79525,0.9254,0.79525,0.79525,,,8.574985079050064,20000,20000,,,20000,,0.2,raw_normalized,row,raw_sensor,1.0,0.0,1.0,cyclic,Adaptive Held-Out Raw Sensor CP,sensor_0,"[""sensor_1"", ""sensor_2""]",posterior
"[""sensor_0"", ""sensor_1"", ""sensor_2""]",sensor_0,toy_spatial,42,,20.0,3.772173697030174,3.772173697030174,3.772173697030174,0.7934,0.99945,0.7934,0.7934,,,14.587766350650789,20000,20000,,,20000,,0.2,raw_normalized,row,raw_sensor,1.0,0.0,1.0,cyclic,Adaptive Held-Out Raw Sensor CP,sensor_1,"[""sensor_0"", ""sensor_2""]",posterior
"[""sensor_0"", ""sensor_1"", ""sensor_2""]",sensor_0,toy_spatial,42,,20.0,5.279591786727613,5.279591786727613,5.279591786727613,0.79275,1.0,0.79275,0.79275,,,19.084331985473632,20000,20000,,,20000,,0.2,raw_normalized,row,raw_sensor,1.0,0.0,1.0,cyclic,Adaptive Held-Out Raw Sensor CP,sensor_2,"[""sensor_0"", ""sensor_1""]",posterior
"[""sensor_0"", ""sensor_1"", ""sensor_2""]",sensor_0,toy_spatial,42,,20.0,1.2815515655446008,,,0.78435,0.78435,,,,,4.296619415283203,20000,0,,0.0,20000,,0.2,none,,,,,,,Fused Posterior Predictive,,"[""sensor_0"", ""sensor_1"", ""sensor_2""]",
"[""sensor_0"", ""sensor_1"", ""sensor_2""]",sensor_0,toy_spatial,42,,21.0,1.3257368803024292,1.3257368803024292,1.3257368803024292,0.8057,0.8057,,,,,4.445021947693824,20000,20000,,,20000,,0.2,model_normalized,row,reference,1.0,0.0,1.0,cyclic,Oracle Split Conformal,,"[""sensor_0"", ""sensor_1"", ""sensor_2""]",not_applicable
"[""sensor_0"", ""sensor_1"", ""sensor_2""]",sensor_0,toy_spatial,42,,21.0,1.8118179186943624,1.8118179186943624,1.8118179186943624,0.80125,0.9305,0.80125,0.80125,,,8.622456845080853,20000,20000,,,20000,,0.2,raw_normalized,row,raw_sensor,1.0,0.0,1.0,cyclic,Adaptive Held-Out Raw Sensor CP,sensor_0,"[""sensor_1"", ""sensor_2""]",posterior
"[""sensor_0"", ""sensor_1"", ""sensor_2""]",sensor_0,toy_spatial,42,,21.0,3.8273608494761584,3.8273608494761584,3.8273608494761584,0.80715,0.99935,0.80715,0.80715,,,14.80176430542469,20000,20000,,,20000,,0.2,raw_normalized,row,raw_sensor,1.0,0.0,1.0,cyclic,Adaptive Held-Out Raw Sensor CP,sensor_1,"[""sensor_0"", ""sensor_2""]",posterior
"[""sensor_0"", ""sensor_1"", ""sensor_2""]",sensor_0,toy_spatial,42,,21.0,5.292061324768299,5.292061324768299,5.292061324768299,0.79405,1.0,0.79405,0.79405,,,19.13107130959034,20000,20000,,,20000,,0.2,raw_normalized,row,raw_sensor,1.0,0.0,1.0,cyclic,Adaptive Held-Out Raw Sensor CP,sensor_2,"[""sensor_0"", ""sensor_1""]",posterior
"[""sensor_0"", ""sensor_1"", ""sensor_2""]",sensor_0,toy_spatial,42,,21.0,1.2815515655446008,,,0.7908,0.7908,,,,,4.296874046325684,20000,0,,0.0,20000,,0.2,none,,,,,,,Fused Posterior Predictive,,"[""sensor_0"", ""sensor_1"", ""sensor_2""]",
"[""sensor_0"", ""sensor_1"", ""sensor_2""]",sensor_0,toy_spatial,42,,22.0,1.3094946146011353,1.3094946146011353,1.3094946146011353,0.79455,0.79455,,,,,4.390904698038101,20000,20000,,,20000,,0.2,model_normalized,row,reference,1.0,0.0,1.0,cyclic,Oracle Split Conformal,,"[""sensor_0"", ""sensor_1"", ""sensor_2""]",not_applicable
"[""sensor_0"", ""sensor_1"", ""sensor_2""]",sensor_0,toy_spatial,42,,22.0,1.8116104540472584,1.8116104540472584,1.8116104540472584,0.80105,0.92895,0.80105,0.80105,,,8.62072514528036,20000,20000,,,20000,,0.2,raw_normalized,row,raw_sensor,1.0,0.0,1.0,cyclic,Adaptive Held-Out Raw Sensor CP,sensor_0,"[""sensor_1"", ""sensor_2""]",posterior
"[""sensor_0"", ""sensor_1"", ""sensor_2""]",sensor_0,toy_spatial,42,,22.0,3.8246748507134423,3.8246748507134423,3.8246748507134423,0.80675,0.9996,0.80675,0.80675,,,14.793376217269897,20000,20000,,,20000,,0.2,raw_normalized,row,raw_sensor,1.0,0.0,1.0,cyclic,Adaptive Held-Out Raw Sensor CP,sensor_1,"[""sensor_0"", ""sensor_2""]",posterior
"[""sensor_0"", ""sensor_1"", ""sensor_2""]",sensor_0,toy_spatial,42,,22.0,5.343579437865211,5.343579437865211,5.343579437865211,0.8014,1.0,0.8014,0.8014,,,19.31945046451092,20000,20000,,,20000,,0.2,raw_normalized,row,raw_sensor,1.0,0.0,1.0,cyclic,Adaptive Held-Out Raw Sensor CP,sensor_2,"[""sensor_0"", ""sensor_1""]",posterior
"[""sensor_0"", ""sensor_1"", ""sensor_2""]",sensor_0,toy_spatial,42,,22.0,1.2815515655446008,,,0.785,0.785,,,,,4.297208309173584,20000,0,,0.0,20000,,0.2,none,,,,,,,Fused Posterior Predictive,,"[""sensor_0"", ""sensor_1"", ""sensor_2""]",
"[""sensor_0"", ""sensor_1"", ""sensor_2""]",sensor_0,toy_spatial,42,,23.0,1.3166546821594238,1.3166546821594238,1.3166546821594238,0.7991,0.7991,,,,,4.414322881627083,20000,20000,,,20000,,0.2,model_normalized,row,reference,1.0,0.0,1.0,cyclic,Oracle Split Conformal,,"[""sensor_0"", ""sensor_1"", ""sensor_2""]",not_applicable
"[""sensor_0"", ""sensor_1"", ""sensor_2""]",sensor_0,toy_spatial,42,,23.0,1.7961498632174242,1.7961498632174242,1.7961498632174242,0.79305,0.9259,0.79305,0.79305,,,8.543095877754688,20000,20000,,,20000,,0.2,raw_normalized,row,raw_sensor,1.0,0.0,1.0,cyclic,Adaptive Held-Out Raw Sensor CP,sensor_0,"[""sensor_1"", ""sensor_2""]",posterior
"[""sensor_0"", ""sensor_1"", ""sensor_2""]",sensor_0,toy_spatial,42,,23.0,3.798753779401923,3.798753779401923,3.798753779401923,0.8,0.9995,0.8,0.8,,,14.692720200109482,20000,20000,,,20000,,0.2,raw_normalized,row,raw_sensor,1.0,0.0,1.0,cyclic,Adaptive Held-Out Raw Sensor CP,sensor_1,"[""sensor_0"", ""sensor_2""]",posterior
"[""sensor_0"", ""sensor_1"", ""sensor_2""]",sensor_0,toy_spatial,42,,23.0,5.320119575923278,5.320119575923278,5.320119575923278,0.7979,1.0,0.7979,0.7979,,,19.23320110628605,20000,20000,,,20000,,0.2,raw_normalized,row,raw_sensor,1.0,0.0,1.0,cyclic,Adaptive Held-Out Raw Sensor CP,sensor_2,"[""sensor_0"", ""sensor_1""]",posterior
"[""sensor_0"", ""sensor_1"", ""sensor_2""]",sensor_0,toy_spatial,42,,23.0,1.2815515655446008,,,0.7866,0.7866,,,,,4.296633720397949,20000,0,,0.0,20000,,0.2,none,,,,,,,Fused Posterior Predictive,,"[""sensor_0"", ""sensor_1"", ""sensor_2""]",
"[""sensor_0"", ""sensor_1"", ""sensor_2""]",sensor_0,toy_spatial,42,,24.0,1.3166546821594238,1.3166546821594238,1.3166546821594238,0.7991,0.7991,,,,,4.413787316513061,20000,20000,,,20000,,0.2,model_normalized,row,reference,1.0,0.0,1.0,cyclic,Oracle Split Conformal,,"[""sensor_0"", ""sensor_1"", ""sensor_2""]",not_applicable
"[""sensor_0"", ""sensor_1"", ""sensor_2""]",sensor_0,toy_spatial,42,,24.0,1.8086049911391109,1.8086049911391109,1.8086049911391109,0.79875,0.9273,0.79875,0.79875,,,8.603442152357102,20000,20000,,,20000,,0.2,raw_normalized,row,raw_sensor,1.0,0.0,1.0,cyclic,Adaptive Held-Out Raw Sensor CP,sensor_0,"[""sensor_1"", ""sensor_2""]",posterior
"[""sensor_0"", ""sensor_1"", ""sensor_2""]",sensor_0,toy_spatial,42,,24.0,3.801288771500709,3.801288771500709,3.801288771500709,0.80065,0.9994,0.80065,0.80065,,,14.699190061533452,20000,20000,,,20000,,0.2,raw_normalized,row,raw_sensor,1.0,0.0,1.0,cyclic,Adaptive Held-Out Raw Sensor CP,sensor_1,"[""sensor_0"", ""sensor_2""]",posterior
"[""sensor_0"", ""sensor_1"", ""sensor_2""]",sensor_0,toy_spatial,42,,24.0,5.338308434228238,5.338308434228238,5.338308434228238,0.80055,1.0,0.80055,0.80055,,,19.29561976673603,20000,20000,,,20000,,0.2,raw_normalized,row,raw_sensor,1.0,0.0,1.0,cyclic,Adaptive Held-Out Raw Sensor CP,sensor_2,"[""sensor_0"", ""sensor_1""]",posterior
"[""sensor_0"", ""sensor_1"", ""sensor_2""]",sensor_0,toy_spatial,42,,24.0,1.2815515655446008,,,0.78645,0.78645,,,,,4.296112060546875,20000,0,,0.0,20000,,0.2,none,,,,,,,Fused Posterior Predictive,,"[""sensor_0"", ""sensor_1"", ""sensor_2""]",
"[""sensor_0"", ""sensor_1"", ""sensor_2""]",sensor_0,toy_spatial,42,,25.0,1.3099596500396729,1.3099596500396729,1.3099596500396729,0.7949,0.7949,,,,,4.391817468476296,20000,20000,,,20000,,0.2,model_normalized,row,reference,1.0,0.0,1.0,cyclic,Oracle Split Conformal,,"[""sensor_0"", ""sensor_1"", ""sensor_2""]",not_applicable
"[""sensor_0"", ""sensor_1"", ""sensor_2""]",sensor_0,toy_spatial,42,,25.0,1.805870924047225,1.805870924047225,1.805870924047225,0.7973,0.92545,0.7973,0.7973,,,8.593000980556011,20000,20000,,,20000,,0.2,raw_normalized,row,raw_sensor,1.0,0.0,1.0,cyclic,Adaptive Held-Out Raw Sensor CP,sensor_0,"[""sensor_1"", ""sensor_2""]",posterior
"[""sensor_0"", ""sensor_1"", ""sensor_2""]",sensor_0,toy_spatial,42,,25.0,3.814043974883452,3.814043974883452,3.814043974883452,0.8039,0.9996,0.8039,0.8039,,,14.749421882116794,20000,20000,,,20000,,0.2,raw_normalized,row,raw_sensor,1.0,0.0,1.0,cyclic,Adaptive Held-Out Raw Sensor CP,sensor_1,"[""sensor_0"", ""sensor_2""]",posterior
"[""sensor_0"", ""sensor_1"", ""sensor_2""]",sensor_0,toy_spatial,42,,25.0,5.3748923570419045,5.3748923570419045,5.3748923570419045,0.8055,1.0,0.8055,0.8055,,,19.429252967357638,20000,20000,,,20000,,0.2,raw_normalized,row,raw_sensor,1.0,0.0,1.0,cyclic,Adaptive Held-Out Raw Sensor CP,sensor_2,"[""sensor_0"", ""sensor_1""]",posterior
"[""sensor_0"", ""sensor_1"", ""sensor_2""]",sensor_0,toy_spatial,42,,25.0,1.2815515655446008,,,0.7841,0.7841,,,,,4.296575546264648,20000,0,,0.0,20000,,0.2,none,,,,,,,Fused Posterior Predictive,,"[""sensor_0"", ""sensor_1"", ""sensor_2""]",
"[""sensor_0"", ""sensor_1"", ""sensor_2""]",sensor_0,toy_spatial,42,,26.0,1.324012041091919,1.324012041091919,1.324012041091919,0.80455,0.80455,,,,,4.438842948007584,20000,20000,,,20000,,0.2,model_normalized,row,reference,1.0,0.0,1.0,cyclic,Oracle Split Conformal,,"[""sensor_0"", ""sensor_1"", ""sensor_2""]",not_applicable
"[""sensor_0"", ""sensor_1"", ""sensor_2""]",sensor_0,toy_spatial,42,,26.0,1.8169341513333788,1.8169341513333788,1.8169341513333788,0.80355,0.93175,0.80355,0.80355,,,8.643410380542278,20000,20000,,,20000,,0.2,raw_normalized,row,raw_sensor,1.0,0.0,1.0,cyclic,Adaptive Held-Out Raw Sensor CP,sensor_0,"[""sensor_1"", ""sensor_2""]",posterior
"[""sensor_0"", ""sensor_1"", ""sensor_2""]",sensor_0,toy_spatial,42,,26.0,3.7866356087639392,3.7866356087639392,3.7866356087639392,0.79705,0.99945,0.79705,0.79705,,,14.64464670562744,20000,20000,,,20000,,0.2,raw_normalized,row,raw_sensor,1.0,0.0,1.0,cyclic,Adaptive Held-Out Raw Sensor CP,sensor_1,"[""sensor_0"", ""sensor_2""]",posterior
"[""sensor_0"", ""sensor_1"", ""sensor_2""]",sensor_0,toy_spatial,42,,26.0,5.324397789532601,5.324397789532601,5.324397789532601,0.7987,1.0,0.7987,0.7987,,,19.24710187249184,20000,20000,,,20000,,0.2,raw_normalized,row,raw_sensor,1.0,0.0,1.0,cyclic,Adaptive Held-Out Raw Sensor CP,sensor_2,"[""sensor_0"", ""sensor_1""]",posterior
"[""sensor_0"", ""sensor_1"", ""sensor_2""]",sensor_0,toy_spatial,42,,26.0,1.2815515655446008,,,0.7899,0.7899,,,,,4.296491622924805,20000,0,,0.0,20000,,0.2,none,,,,,,,Fused Posterior Predictive,,"[""sensor_0"", ""sensor_1"", ""sensor_2""]",
"[""sensor_0"", ""sensor_1"", ""sensor_2""]",sensor_0,toy_spatial,42,,27.0,1.317599892616272,1.317599892616272,1.317599892616272,0.79995,0.79995,,,,,4.4167247482299805,20000,20000,,,20000,,0.2,model_normalized,row,reference,1.0,0.0,1.0,cyclic,Oracle Split Conformal,,"[""sensor_0"", ""sensor_1"", ""sensor_2""]",not_applicable
"[""sensor_0"", ""sensor_1"", ""sensor_2""]",sensor_0,toy_spatial,42,,27.0,1.8056290154870376,1.8056290154870376,1.8056290154870376,0.797,0.92915,0.797,0.797,,,8.58697064538002,20000,20000,,,20000,,0.2,raw_normalized,row,raw_sensor,1.0,0.0,1.0,cyclic,Adaptive Held-Out Raw Sensor CP,sensor_0,"[""sensor_1"", ""sensor_2""]",posterior
"[""sensor_0"", ""sensor_1"", ""sensor_2""]",sensor_0,toy_spatial,42,,27.0,3.8208002700000887,3.8208002700000887,3.8208002700000887,0.8058,0.99955,0.8058,0.8058,,,14.775482245707511,20000,20000,,,20000,,0.2,raw_normalized,row,raw_sensor,1.0,0.0,1.0,cyclic,Adaptive Held-Out Raw Sensor CP,sensor_1,"[""sensor_0"", ""sensor_2""]",posterior
"[""sensor_0"", ""sensor_1"", ""sensor_2""]",sensor_0,toy_spatial,42,,27.0,5.370150306136551,5.370150306136551,5.370150306136551,0.805,1.0,0.805,0.805,,,19.41059475953579,20000,20000,,,20000,,0.2,raw_normalized,row,raw_sensor,1.0,0.0,1.0,cyclic,Adaptive Held-Out Raw Sensor CP,sensor_2,"[""sensor_0"", ""sensor_1""]",posterior
"[""sensor_0"", ""sensor_1"", ""sensor_2""]",sensor_0,toy_spatial,42,,27.0,1.2815515655446008,,,0.78725,0.78725,,,,,4.295887470245361,20000,0,,0.0,20000,,0.2,none,,,,,,,Fused Posterior Predictive,,"[""sensor_0"", ""sensor_1"", ""sensor_2""]",
"[""sensor_0"", ""sensor_1"", ""sensor_2""]",sensor_0,toy_spatial,42,,28.0,1.325008988380432,1.325008988380432,1.325008988380432,0.8051,0.8051,,,,,4.442660127472878,20000,20000,,,20000,,0.2,model_normalized,row,reference,1.0,0.0,1.0,cyclic,Oracle Split Conformal,,"[""sensor_0"", ""sensor_1"", ""sensor_2""]",not_applicable
"[""sensor_0"", ""sensor_1"", ""sensor_2""]",sensor_0,toy_spatial,42,,28.0,1.813618088807403,1.813618088807403,1.813618088807403,0.80185,0.92995,0.80185,0.80185,,,8.629093587899208,20000,20000,,,20000,,0.2,raw_normalized,row,raw_sensor,1.0,0.0,1.0,cyclic,Adaptive Held-Out Raw Sensor CP,sensor_0,"[""sensor_1"", ""sensor_2""]",posterior
"[""sensor_0"", ""sensor_1"", ""sensor_2""]",sensor_0,toy_spatial,42,,28.0,3.8070079752983697,3.8070079752983697,3.8070079752983697,0.80195,0.9996,0.80195,0.80195,,,14.724457672333717,20000,20000,,,20000,,0.2,raw_normalized,row,raw_sensor,1.0,0.0,1.0,cyclic,Adaptive Held-Out Raw Sensor CP,sensor_1,"[""sensor_0"", ""sensor_2""]",posterior
"[""sensor_0"", ""sensor_1"", ""sensor_2""]",sensor_0,toy_spatial,42,,28.0,5.338676810090549,5.338676810090549,5.338676810090549,0.8006,1.0,0.8006,0.8006,,,19.300296831274032,20000,20000,,,20000,,0.2,raw_normalized,row,raw_sensor,1.0,0.0,1.0,cyclic,Adaptive Held-Out Raw Sensor CP,sensor_2,"[""sensor_0"", ""sensor_1""]",posterior
"[""sensor_0"", ""sensor_1"", ""sensor_2""]",sensor_0,toy_spatial,42,,28.0,1.2815515655446008,,,0.78885,0.78885,,,,,4.296950817108154,20000,0,,0.0,20000,,0.2,none,,,,,,,Fused Posterior Predictive,,"[""sensor_0"", ""sensor_1"", ""sensor_2""]",
"[""sensor_0"", ""sensor_1"", ""sensor_2""]",sensor_0,toy_spatial,42,,29.0,1.316843867301941,1.316843867301941,1.316843867301941,0.7993,0.7993,,,,,4.414581849002838,20000,20000,,,20000,,0.2,model_normalized,row,reference,1.0,0.0,1.0,cyclic,Oracle Split Conformal,,"[""sensor_0"", ""sensor_1"", ""sensor_2""]",not_applicable
"[""sensor_0"", ""sensor_1"", ""sensor_2""]",sensor_0,toy_spatial,42,,29.0,1.8091986497175707,1.8091986497175707,1.8091986497175707,0.79925,0.9298,0.79925,0.79925,,,8.60635953732729,20000,20000,,,20000,,0.2,raw_normalized,row,raw_sensor,1.0,0.0,1.0,cyclic,Adaptive Held-Out Raw Sensor CP,sensor_0,"[""sensor_1"", ""sensor_2""]",posterior
"[""sensor_0"", ""sensor_1"", ""sensor_2""]",sensor_0,toy_spatial,42,,29.0,3.796832745593573,3.796832745593573,3.796832745593573,0.7994,0.99935,0.7994,0.7994,,,14.683227295935154,20000,20000,,,20000,,0.2,raw_normalized,row,raw_sensor,1.0,0.0,1.0,cyclic,Adaptive Held-Out Raw Sensor CP,sensor_1,"[""sensor_0"", ""sensor_2""]",posterior
"[""sensor_0"", ""sensor_1"", ""sensor_2""]",sensor_0,toy_spatial,42,,29.0,5.304584923841527,5.304584923841527,5.304584923841527,0.79575,1.0,0.79575,0.79575,,,19.1744104722023,20000,20000,,,20000,,0.2,raw_normalized,row,raw_sensor,1.0,0.0,1.0,cyclic,Adaptive Held-Out Raw Sensor CP,sensor_2,"[""sensor_0"", ""sensor_1""]",posterior
"[""sensor_0"", ""sensor_1"", ""sensor_2""]",sensor_0,toy_spatial,42,,29.0,1.2815515655446008,,,0.78655,0.78655,,,,,4.296268463134766,20000,0,,0.0,20000,,0.2,none,,,,,,,Fused Posterior Predictive,,"[""sensor_0"", ""sensor_1"", ""sensor_2""]",
"[""sensor_0"", ""sensor_1"", ""sensor_2""]",sensor_0,toy_spatial,42,,30.0,1.325008988380432,1.325008988380432,1.325008988380432,0.8051,0.8051,,,,,4.44206198387146,20000,20000,,,20000,,0.2,model_normalized,row,reference,1.0,0.0,1.0,cyclic,Oracle Split Conformal,,"[""sensor_0"", ""sensor_1"", ""sensor_2""]",not_applicable
"[""sensor_0"", ""sensor_1"", ""sensor_2""]",sensor_0,toy_spatial,42,,30.0,1.8086049911391109,1.8086049911391109,1.8086049911391109,0.79875,0.9305,0.79875,0.79875,,,8.603304714488983,20000,20000,,,20000,,0.2,raw_normalized,row,raw_sensor,1.0,0.0,1.0,cyclic,Adaptive Held-Out Raw Sensor CP,sensor_0,"[""sensor_1"", ""sensor_2""]",posterior
"[""sensor_0"", ""sensor_1"", ""sensor_2""]",sensor_0,toy_spatial,42,,30.0,3.807789615104433,3.807789615104433,3.807789615104433,0.80205,0.9995,0.80205,0.80205,,,14.725765998911855,20000,20000,,,20000,,0.2,raw_normalized,row,raw_sensor,1.0,0.0,1.0,cyclic,Adaptive Held-Out Raw Sensor CP,sensor_1,"[""sensor_0"", ""sensor_2""]",posterior
"[""sensor_0"", ""sensor_1"", ""sensor_2""]",sensor_0,toy_spatial,42,,30.0,5.318985007487829,5.318985007487829,5.318985007487829,0.79765,1.0,0.79765,0.79765,,,19.227306770205495,20000,20000,,,20000,,0.2,raw_normalized,row,raw_sensor,1.0,0.0,1.0,cyclic,Adaptive Held-Out Raw Sensor CP,sensor_2,"[""sensor_0"", ""sensor_1""]",posterior
"[""sensor_0"", ""sensor_1"", ""sensor_2""]",sensor_0,toy_spatial,42,,30.0,1.2815515655446008,,,0.78995,0.78995,,,,,4.296371936798096,20000,0,,0.0,20000,,0.2,none,,,,,,,Fused Posterior Predictive,,"[""sensor_0"", ""sensor_1"", ""sensor_2""]",
"[""sensor_0"", ""sensor_1"", ""sensor_2""]",sensor_0,toy_spatial,42,,31.0,1.331628680229187,1.331628680229187,1.331628680229187,0.80895,0.80895,,,,,4.465068135404587,20000,20000,,,20000,,0.2,model_normalized,row,reference,1.0,0.0,1.0,cyclic,Oracle Split Conformal,,"[""sensor_0"", ""sensor_1"", ""sensor_2""]",not_applicable
"[""sensor_0"", ""sensor_1"", ""sensor_2""]",sensor_0,toy_spatial,42,,31.0,1.8120963928730585,1.8120963928730585,1.8120963928730585,0.80145,0.93135,0.80145,0.80145,,,8.621297808730603,20000,20000,,,20000,,0.2,raw_normalized,row,raw_sensor,1.0,0.0,1.0,cyclic,Adaptive Held-Out Raw Sensor CP,sensor_0,"[""sensor_1"", ""sensor_2""]",posterior
"[""sensor_0"", ""sensor_1"", ""sensor_2""]",sensor_0,toy_spatial,42,,31.0,3.793111025736864,3.793111025736864,3.793111025736864,0.7986,0.99955,0.7986,0.7986,,,14.671651458382607,20000,20000,,,20000,,0.2,raw_normalized,row,raw_sensor,1.0,0.0,1.0,cyclic,Adaptive Held-Out Raw Sensor CP,sensor_1,"[""sensor_0"", ""sensor_2""]",posterior
"[""sensor_0"", ""sensor_1"", ""sensor_2""]",sensor_0,toy_spatial,42,,31.0,5.366929797793021,5.366929797793021,5.366929797793021,0.8045,1.0,0.8045,0.8045,,,19.40419924082756,20000,20000,,,20000,,0.2,raw_normalized,row,raw_sensor,1.0,0.0,1.0,cyclic,Adaptive Held-Out Raw Sensor CP,sensor_2,"[""sensor_0"", ""sensor_1""]",posterior
"[""sensor_0"", ""sensor_1"", ""sensor_2""]",sensor_0,toy_spatial,42,,31.0,1.2815515655446008,,,0.7926,0.7926,,,,,4.297155380249023,20000,0,,0.0,20000,,0.2,none,,,,,,,Fused Posterior Predictive,,"[""sensor_0"", ""sensor_1"", ""sensor_2""]",
"[""sensor_0"", ""sensor_1"", ""sensor_2""]",sensor_0,toy_spatial,42,,32.0,1.3126399517059326,1.3126399517059326,1.3126399517059326,0.7966,0.7966,,,,,4.400604503631592,20000,20000,,,20000,,0.2,model_normalized,row,reference,1.0,0.0,1.0,cyclic,Oracle Split Conformal,,"[""sensor_0"", ""sensor_1"", ""sensor_2""]",not_applicable
"[""sensor_0"", ""sensor_1"", ""sensor_2""]",sensor_0,toy_spatial,42,,32.0,1.8216402332288693,1.8216402332288693,1.8216402332288693,0.8054,0.9303,0.8054,0.8054,,,8.666702868950367,20000,20000,,,20000,,0.2,raw_normalized,row,raw_sensor,1.0,0.0,1.0,cyclic,Adaptive Held-Out Raw Sensor CP,sensor_0,"[""sensor_1"", ""sensor_2""]",posterior
"[""sensor_0"", ""sensor_1"", ""sensor_2""]",sensor_0,toy_spatial,42,,32.0,3.802507680761744,3.802507680761744,3.802507680761744,0.8009,0.99935,0.8009,0.8009,,,14.70518159185648,20000,20000,,,20000,,0.2,raw_normalized,row,raw_sensor,1.0,0.0,1.0,cyclic,Adaptive Held-Out Raw Sensor CP,sensor_1,"[""sensor_0"", ""sensor_2""]",posterior
"[""sensor_0"", ""sensor_1"", ""sensor_2""]",sensor_0,toy_spatial,42,,32.0,5.335870849001158,5.335870849001158,5.335870849001158,0.8003,1.0,0.8003,0.8003,,,19.28791041984558,20000,20000,,,20000,,0.2,raw_normalized,row,raw_sensor,1.0,0.0,1.0,cyclic,Adaptive Held-Out Raw Sensor CP,sensor_2,"[""sensor_0"", ""sensor_1""]",posterior
"[""sensor_0"", ""sensor_1"", ""sensor_2""]",sensor_0,toy_spatial,42,,32.0,1.2815515655446008,,,0.7852,0.7852,,,,,4.29638147354126,20000,0,,0.0,20000,,0.2,none,,,,,,,Fused Posterior Predictive,,"[""sensor_0"", ""sensor_1"", ""sensor_2""]",
"[""sensor_0"", ""sensor_1"", ""sensor_2""]",sensor_0,toy_spatial,42,,33.0,1.317677021026611,1.317677021026611,1.317677021026611,0.8,0.8,,,,,4.417249809384346,20000,20000,,,20000,,0.2,model_normalized,row,reference,1.0,0.0,1.0,cyclic,Oracle Split Conformal,,"[""sensor_0"", ""sensor_1"", ""sensor_2""]",not_applicable
"[""sensor_0"", ""sensor_1"", ""sensor_2""]",sensor_0,toy_spatial,42,,33.0,1.80995124932556,1.80995124932556,1.80995124932556,0.79975,0.9284,0.79975,0.79975,,,8.61029752087593,20000,20000,,,20000,,0.2,raw_normalized,row,raw_sensor,1.0,0.0,1.0,cyclic,Adaptive Held-Out Raw Sensor CP,sensor_0,"[""sensor_1"", ""sensor_2""]",posterior
"[""sensor_0"", ""sensor_1"", ""sensor_2""]",sensor_0,toy_spatial,42,,33.0,3.76254983377422,3.76254983377422,3.76254983377422,0.7909,0.9996,0.7909,0.7909,,,14.549818522202967,20000,20000,,,20000,,0.2,raw_normalized,row,raw_sensor,1.0,0.0,1.0,cyclic,Adaptive Held-Out Raw Sensor CP,sensor_1,"[""sensor_0"", ""sensor_2""]",posterior
"[""sensor_0"", ""sensor_1"", ""sensor_2""]",sensor_0,toy_spatial,42,,33.0,5.332886136163265,5.332886136163265,5.332886136163265,0.7998,1.0,0.7998,0.7998,,,19.275917685317992,20000,20000,,,20000,,0.2,raw_normalized,row,raw_sensor,1.0,0.0,1.0,cyclic,Adaptive Held-Out Raw Sensor CP,sensor_2,"[""sensor_0"", ""sensor_1""]",posterior
"[""sensor_0"", ""sensor_1"", ""sensor_2""]",sensor_0,toy_spatial,42,,33.0,1.2815515655446008,,,0.78675,0.78675,,,,,4.296146392822266,20000,0,,0.0,20000,,0.2,none,,,,,,,Fused Posterior Predictive,,"[""sensor_0"", ""sensor_1"", ""sensor_2""]",
"[""sensor_0"", ""sensor_1"", ""sensor_2""]",sensor_0,toy_spatial,42,,34.0,1.320317625999451,1.320317625999451,1.320317625999451,0.8023,0.8023,,,,,4.426563859915733,20000,20000,,,20000,,0.2,model_normalized,row,reference,1.0,0.0,1.0,cyclic,Oracle Split Conformal,,"[""sensor_0"", ""sensor_1"", ""sensor_2""]",not_applicable
"[""sensor_0"", ""sensor_1"", ""sensor_2""]",sensor_0,toy_spatial,42,,34.0,1.794632101856763,1.794632101856763,1.794632101856763,0.7926,0.9245,0.7926,0.7926,,,8.539075116980076,20000,20000,,,20000,,0.2,raw_normalized,row,raw_sensor,1.0,0.0,1.0,cyclic,Adaptive Held-Out Raw Sensor CP,sensor_0,"[""sensor_1"", ""sensor_2""]",posterior
"[""sensor_0"", ""sensor_1"", ""sensor_2""]",sensor_0,toy_spatial,42,,34.0,3.8121537632642535,3.8121537632642535,3.8121537632642535,0.8032,0.99955,0.8032,0.8032,,,14.74232502695322,20000,20000,,,20000,,0.2,raw_normalized,row,raw_sensor,1.0,0.0,1.0,cyclic,Adaptive Held-Out Raw Sensor CP,sensor_1,"[""sensor_0"", ""sensor_2""]",posterior
"[""sensor_0"", ""sensor_1"", ""sensor_2""]",sensor_0,toy_spatial,42,,34.0,5.332886136163265,5.332886136163265,5.332886136163265,0.7998,1.0,0.7998,0.7998,,,19.27756252686977,20000,20000,,,20000,,0.2,raw_normalized,row,raw_sensor,1.0,0.0,1.0,cyclic,Adaptive Held-Out Raw Sensor CP,sensor_2,"[""sensor_0"", ""sensor_1""]",posterior
"[""sensor_0"", ""sensor_1"", ""sensor_2""]",sensor_0,toy_spatial,42,,34.0,1.2815515655446008,,,0.7895,0.7895,,,,,4.296595096588135,20000,0,,0.0,20000,,0.2,none,,,,,,,Fused Posterior Predictive,,"[""sensor_0"", ""sensor_1"", ""sensor_2""]",
"[""sensor_0"", ""sensor_1"", ""sensor_2""]",sensor_0,toy_spatial,42,,35.0,1.309709548950195,1.309709548950195,1.309709548950195,0.7948,0.7948,,,,,4.391204430246353,20000,20000,,,20000,,0.2,model_normalized,row,reference,1.0,0.0,1.0,cyclic,Oracle Split Conformal,,"[""sensor_0"", ""sensor_1"", ""sensor_2""]",not_applicable
"[""sensor_0"", ""sensor_1"", ""sensor_2""]",sensor_0,toy_spatial,42,,35.0,1.8083344833175952,1.8083344833175952,1.8083344833175952,0.7985,0.92805,0.7985,0.7985,,,8.60185718679428,20000,20000,,,20000,,0.2,raw_normalized,row,raw_sensor,1.0,0.0,1.0,cyclic,Adaptive Held-Out Raw Sensor CP,sensor_0,"[""sensor_1"", ""sensor_2""]",posterior
"[""sensor_0"", ""sensor_1"", ""sensor_2""]",sensor_0,toy_spatial,42,,35.0,3.7961533630644015,3.7961533630644015,3.7961533630644015,0.7993,0.9997,0.7993,0.7993,,,14.68309193252325,20000,20000,,,20000,,0.2,raw_normalized,row,raw_sensor,1.0,0.0,1.0,cyclic,Adaptive Held-Out Raw Sensor CP,sensor_1,"[""sensor_0"", ""sensor_2""]",posterior
"[""sensor_0"", ""sensor_1"", ""sensor_2""]",sensor_0,toy_spatial,42,,35.0,5.333473961115542,5.333473961115542,5.333473961115542,0.7999,1.0,0.7999,0.7999,,,19.281525834703444,20000,20000,,,20000,,0.2,raw_normalized,row,raw_sensor,1.0,0.0,1.0,cyclic,Adaptive Held-Out Raw Sensor CP,sensor_2,"[""sensor_0"", ""sensor_1""]",posterior
"[""sensor_0"", ""sensor_1"", ""sensor_2""]",sensor_0,toy_spatial,42,,35.0,1.2815515655446008,,,0.78545,0.78545,,,,,4.2967963218688965,20000,0,,0.0,20000,,0.2,none,,,,,,,Fused Posterior Predictive,,"[""sensor_0"", ""sensor_1"", ""sensor_2""]",
"[""sensor_0"", ""sensor_1"", ""sensor_2""]",sensor_0,toy_spatial,42,,36.0,1.3090654611587524,1.3090654611587524,1.3090654611587524,0.7937,0.7937,,,,,4.389036569094658,20000,20000,,,20000,,0.2,model_normalized,row,reference,1.0,0.0,1.0,cyclic,Oracle Split Conformal,,"[""sensor_0"", ""sensor_1"", ""sensor_2""]",not_applicable
"[""sensor_0"", ""sensor_1"", ""sensor_2""]",sensor_0,toy_spatial,42,,36.0,1.814383170451395,1.814383170451395,1.814383170451395,0.8024,0.9288,0.8024,0.8024,,,8.633205182170867,20000,20000,,,20000,,0.2,raw_normalized,row,raw_sensor,1.0,0.0,1.0,cyclic,Adaptive Held-Out Raw Sensor CP,sensor_0,"[""sensor_1"", ""sensor_2""]",posterior
"[""sensor_0"", ""sensor_1"", ""sensor_2""]",sensor_0,toy_spatial,42,,36.0,3.811664809336585,3.811664809336585,3.811664809336585,0.80315,0.99945,0.80315,0.80315,,,14.741732019662855,20000,20000,,,20000,,0.2,raw_normalized,row,raw_sensor,1.0,0.0,1.0,cyclic,Adaptive Held-Out Raw Sensor CP,sensor_1,"[""sensor_0"", ""sensor_2""]",posterior
"[""sensor_0"", ""sensor_1"", ""sensor_2""]",sensor_0,toy_spatial,42,,36.0,5.366287586137889,5.366287586137889,5.366287586137889,0.8044,1.0,0.8044,0.8044,,,19.39886993980408,20000,20000,,,20000,,0.2,raw_normalized,row,raw_sensor,1.0,0.0,1.0,cyclic,Adaptive Held-Out Raw Sensor CP,sensor_2,"[""sensor_0"", ""sensor_1""]",posterior
"[""sensor_0"", ""sensor_1"", ""sensor_2""]",sensor_0,toy_spatial,42,,36.0,1.2815515655446008,,,0.7839,0.7839,,,,,4.296788215637207,20000,0,,0.0,20000,,0.2,none,,,,,,,Fused Posterior Predictive,,"[""sensor_0"", ""sensor_1"", ""sensor_2""]",
"[""sensor_0"", ""sensor_1"", ""sensor_2""]",sensor_0,toy_spatial,42,,37.0,1.320689082145691,1.320689082145691,1.320689082145691,0.80255,0.80255,,,,,4.428180386900902,20000,20000,,,20000,,0.2,model_normalized,row,reference,1.0,0.0,1.0,cyclic,Oracle Split Conformal,,"[""sensor_0"", ""sensor_1"", ""sensor_2""]",not_applicable
"[""sensor_0"", ""sensor_1"", ""sensor_2""]",sensor_0,toy_spatial,42,,37.0,1.8109814007009104,1.8109814007009104,1.8109814007009104,0.80045,0.9288,0.80045,0.80045,,,8.61659606553316,20000,20000,,,20000,,0.2,raw_normalized,row,raw_sensor,1.0,0.0,1.0,cyclic,Adaptive Held-Out Raw Sensor CP,sensor_0,"[""sensor_1"", ""sensor_2""]",posterior
"[""sensor_0"", ""sensor_1"", ""sensor_2""]",sensor_0,toy_spatial,42,,37.0,3.787334312824552,3.787334312824552,3.787334312824552,0.79725,0.99955,0.79725,0.79725,,,14.648110257685184,20000,20000,,,20000,,0.2,raw_normalized,row,raw_sensor,1.0,0.0,1.0,cyclic,Adaptive Held-Out Raw Sensor CP,sensor_1,"[""sensor_0"", ""sensor_2""]",posterior
"[""sensor_0"", ""sensor_1"", ""sensor_2""]",sensor_0,toy_spatial,42,,37.0,5.323528141823793,5.323528141823793,5.323528141823793,0.79855,1.0,0.79855,0.79855,,,19.24575050263405,20000,20000,,,20000,,0.2,raw_normalized,row,raw_sensor,1.0,0.0,1.0,cyclic,Adaptive Held-Out Raw Sensor CP,sensor_2,"[""sensor_0"", ""sensor_1""]",posterior
"[""sensor_0"", ""sensor_1"", ""sensor_2""]",sensor_0,toy_spatial,42,,37.0,1.2815515655446008,,,0.7894,0.7894,,,,,4.296955108642578,20000,0,,0.0,20000,,0.2,none,,,,,,,Fused Posterior Predictive,,"[""sensor_0"", ""sensor_1"", ""sensor_2""]",
"[""sensor_0"", ""sensor_1"", ""sensor_2""]",sensor_0,toy_spatial,42,,38.0,1.3130475282669067,1.3130475282669067,1.3130475282669067,0.79665,0.79665,,,,,4.402049502944946,20000,20000,,,20000,,0.2,model_normalized,row,reference,1.0,0.0,1.0,cyclic,Oracle Split Conformal,,"[""sensor_0"", ""sensor_1"", ""sensor_2""]",not_applicable
"[""sensor_0"", ""sensor_1"", ""sensor_2""]",sensor_0,toy_spatial,42,,38.0,1.811952288265616,1.811952288265616,1.811952288265616,0.8014,0.92955,0.8014,0.8014,,,8.61770846954584,20000,20000,,,20000,,0.2,raw_normalized,row,raw_sensor,1.0,0.0,1.0,cyclic,Adaptive Held-Out Raw Sensor CP,sensor_0,"[""sensor_1"", ""sensor_2""]",posterior
"[""sensor_0"", ""sensor_1"", ""sensor_2""]",sensor_0,toy_spatial,42,,38.0,3.801288771500709,3.801288771500709,3.801288771500709,0.80065,0.9993,0.80065,0.80065,,,14.70248078354597,20000,20000,,,20000,,0.2,raw_normalized,row,raw_sensor,1.0,0.0,1.0,cyclic,Adaptive Held-Out Raw Sensor CP,sensor_1,"[""sensor_0"", ""sensor_2""]",posterior
"[""sensor_0"", ""sensor_1"", ""sensor_2""]",sensor_0,toy_spatial,42,,38.0,5.363048162886445,5.363048162886445,5.363048162886445,0.8038,1.0,0.8038,0.8038,,,19.387639590382577,20000,20000,,,20000,,0.2,raw_normalized,row,raw_sensor,1.0,0.0,1.0,cyclic,Adaptive Held-Out Raw Sensor CP,sensor_2,"[""sensor_0"", ""sensor_1""]",posterior
"[""sensor_0"", ""sensor_1"", ""sensor_2""]",sensor_0,toy_spatial,42,,38.0,1.2815515655446008,,,0.78575,0.78575,,,,,4.2964582443237305,20000,0,,0.0,20000,,0.2,none,,,,,,,Fused Posterior Predictive,,"[""sensor_0"", ""sensor_1"", ""sensor_2""]",
"[""sensor_0"", ""sensor_1"", ""sensor_2""]",sensor_0,toy_spatial,42,,39.0,1.3149341344833374,1.3149341344833374,1.3149341344833374,0.79765,0.79765,,,,,4.408854713869095,20000,20000,,,20000,,0.2,model_normalized,row,reference,1.0,0.0,1.0,cyclic,Oracle Split Conformal,,"[""sensor_0"", ""sensor_1"", ""sensor_2""]",not_applicable
"[""sensor_0"", ""sensor_1"", ""sensor_2""]",sensor_0,toy_spatial,42,,39.0,1.8021731553614888,1.8021731553614888,1.8021731553614888,0.7953,0.9256,0.7953,0.7953,,,8.573600832295417,20000,20000,,,20000,,0.2,raw_normalized,row,raw_sensor,1.0,0.0,1.0,cyclic,Adaptive Held-Out Raw Sensor CP,sensor_0,"[""sensor_1"", ""sensor_2""]",posterior
"[""sensor_0"", ""sensor_1"", ""sensor_2""]",sensor_0,toy_spatial,42,,39.0,3.839666946916105,3.839666946916105,3.839666946916105,0.80945,0.9994,0.80945,0.80945,,,14.851656772959233,20000,20000,,,20000,,0.2,raw_normalized,row,raw_sensor,1.0,0.0,1.0,cyclic,Adaptive Held-Out Raw Sensor CP,sensor_1,"[""sensor_0"", ""sensor_2""]",posterior
"[""sensor_0"", ""sensor_1"", ""sensor_2""]",sensor_0,toy_spatial,42,,39.0,5.314548673525416,5.314548673525416,5.314548673525416,0.7969,1.0,0.7969,0.7969,,,19.213712731814383,20000,20000,,,20000,,0.2,raw_normalized,row,raw_sensor,1.0,0.0,1.0,cyclic,Adaptive Held-Out Raw Sensor CP,sensor_2,"[""sensor_0"", ""sensor_1""]",posterior
"[""sensor_0"", ""sensor_1"", ""sensor_2""]",sensor_0,toy_spatial,42,,39.0,1.2815515655446008,,,0.7856,0.7856,,,,,4.296926021575928,20000,0,,0.0,20000,,0.2,none,,,,,,,Fused Posterior Predictive,,"[""sensor_0"", ""sensor_1"", ""sensor_2""]",
"[""sensor_0"", ""sensor_1"", ""sensor_2""]",sensor_0,toy_spatial,42,,40.0,1.3254767656326294,1.3254767656326294,1.3254767656326294,0.8054,0.8054,,,,,4.443696262931824,20000,20000,,,20000,,0.2,model_normalized,row,reference,1.0,0.0,1.0,cyclic,Oracle Split Conformal,,"[""sensor_0"", ""sensor_1"", ""sensor_2""]",not_applicable
"[""sensor_0"", ""sensor_1"", ""sensor_2""]",sensor_0,toy_spatial,42,,40.0,1.8085493961581216,1.8085493961581216,1.8085493961581216,0.7986,0.92965,0.7986,0.7986,,,8.603232333433628,20000,20000,,,20000,,0.2,raw_normalized,row,raw_sensor,1.0,0.0,1.0,cyclic,Adaptive Held-Out Raw Sensor CP,sensor_0,"[""sensor_1"", ""sensor_2""]",posterior
"[""sensor_0"", ""sensor_1"", ""sensor_2""]",sensor_0,toy_spatial,42,,40.0,3.786275100052289,3.786275100052289,3.786275100052289,0.797,0.9995,0.797,0.797,,,14.643155336034296,20000,20000,,,20000,,0.2,raw_normalized,row,raw_sensor,1.0,0.0,1.0,cyclic,Adaptive Held-Out Raw Sensor CP,sensor_1,"[""sensor_0"", ""sensor_2""]",posterior
"[""sensor_0"", ""sensor_1"", ""sensor_2""]",sensor_0,toy_spatial,42,,40.0,5.276596061656909,5.276596061656909,5.276596061656909,0.79205,1.0,0.79205,0.79205,,,19.0744097563982,20000,20000,,,20000,,0.2,raw_normalized,row,raw_sensor,1.0,0.0,1.0,cyclic,Adaptive Held-Out Raw Sensor CP,sensor_2,"[""sensor_0"", ""sensor_1""]",posterior
"[""sensor_0"", ""sensor_1"", ""sensor_2""]",sensor_0,toy_spatial,42,,40.0,1.2815515655446008,,,0.7897,0.7897,,,,,4.296435832977295,20000,0,,0.0,20000,,0.2,none,,,,,,,Fused Posterior Predictive,,"[""sensor_0"", ""sensor_1"", ""sensor_2""]",
"[""sensor_0"", ""sensor_1"", ""sensor_2""]",sensor_0,toy_spatial,42,,41.0,1.318074345588684,1.318074345588684,1.318074345588684,0.80035,0.80035,,,,,4.419734806728363,20000,20000,,,20000,,0.2,model_normalized,row,reference,1.0,0.0,1.0,cyclic,Oracle Split Conformal,,"[""sensor_0"", ""sensor_1"", ""sensor_2""]",not_applicable
"[""sensor_0"", ""sensor_1"", ""sensor_2""]",sensor_0,toy_spatial,42,,41.0,1.8209658489125284,1.8209658489125284,1.8209658489125284,0.80515,0.93,0.80515,0.80515,,,8.662662023448943,20000,20000,,,20000,,0.2,raw_normalized,row,raw_sensor,1.0,0.0,1.0,cyclic,Adaptive Held-Out Raw Sensor CP,sensor_0,"[""sensor_1"", ""sensor_2""]",posterior
"[""sensor_0"", ""sensor_1"", ""sensor_2""]",sensor_0,toy_spatial,42,,41.0,3.8255522407046567,3.8255522407046567,3.8255522407046567,0.8069,0.99965,0.8069,0.8069,,,14.79849425737858,20000,20000,,,20000,,0.2,raw_normalized,row,raw_sensor,1.0,0.0,1.0,cyclic,Adaptive Held-Out Raw Sensor CP,sensor_1,"[""sensor_0"", ""sensor_2""]",posterior
"[""sensor_0"", ""sensor_1"", ""sensor_2""]",sensor_0,toy_spatial,42,,41.0,5.386464793888127,5.386464793888127,5.386464793888127,0.8067,1.0,0.8067,0.8067,,,19.475823199343683,20000,20000,,,20000,,0.2,raw_normalized,row,raw_sensor,1.0,0.0,1.0,cyclic,Adaptive Held-Out Raw Sensor CP,sensor_2,"[""sensor_0"", ""sensor_1""]",posterior
"[""sensor_0"", ""sensor_1"", ""sensor_2""]",sensor_0,toy_spatial,42,,41.0,1.2815515655446008,,,0.78845,0.78845,,,,,4.297267913818359,20000,0,,0.0,20000,,0.2,none,,,,,,,Fused Posterior Predictive,,"[""sensor_0"", ""sensor_1"", ""sensor_2""]",
"[""sensor_0"", ""sensor_1"", ""sensor_2""]",sensor_0,toy_spatial,42,,42.0,1.3194957971572876,1.3194957971572876,1.3194957971572876,0.80155,0.80155,,,,,4.423619933390618,20000,20000,,,20000,,0.2,model_normalized,row,reference,1.0,0.0,1.0,cyclic,Oracle Split Conformal,,"[""sensor_0"", ""sensor_1"", ""sensor_2""]",not_applicable
"[""sensor_0"", ""sensor_1"", ""sensor_2""]",sensor_0,toy_spatial,42,,42.0,1.807605250421588,1.807605250421588,1.807605250421588,0.79815,0.92785,0.79815,0.79815,,,8.596339062726498,20000,20000,,,20000,,0.2,raw_normalized,row,raw_sensor,1.0,0.0,1.0,cyclic,Adaptive Held-Out Raw Sensor CP,sensor_0,"[""sensor_1"", ""sensor_2""]",posterior
"[""sensor_0"", ""sensor_1"", ""sensor_2""]",sensor_0,toy_spatial,42,,42.0,3.788613015777927,3.788613015777927,3.788613015777927,0.7977,0.99965,0.7977,0.7977,,,14.653602216637134,20000,20000,,,20000,,0.2,raw_normalized,row,raw_sensor,1.0,0.0,1.0,cyclic,Adaptive Held-Out Raw Sensor CP,sensor_1,"[""sensor_0"", ""sensor_2""]",posterior
"[""sensor_0"", ""sensor_1"", ""sensor_2""]",sensor_0,toy_spatial,42,,42.0,5.334064822390455,5.334064822390455,5.334064822390455,0.8001,1.0,0.8001,0.8001,,,19.283100796914106,20000,20000,,,20000,,0.2,raw_normalized,row,raw_sensor,1.0,0.0,1.0,cyclic,Adaptive Held-Out Raw Sensor CP,sensor_2,"[""sensor_0"", ""sensor_1""]",posterior
"[""sensor_0"", ""sensor_1"", ""sensor_2""]",sensor_0,toy_spatial,42,,42.0,1.2815515655446008,,,0.7873,0.7873,,,,,4.296411514282227,20000,0,,0.0,20000,,0.2,none,,,,,,,Fused Posterior Predictive,,"[""sensor_0"", ""sensor_1"", ""sensor_2""]",
"[""sensor_0"", ""sensor_1"", ""sensor_2""]",sensor_0,toy_spatial,42,,43.0,1.311333417892456,1.311333417892456,1.311333417892456,0.7959,0.7959,,,,,4.39730941567421,20000,20000,,,20000,,0.2,model_normalized,row,reference,1.0,0.0,1.0,cyclic,Oracle Split Conformal,,"[""sensor_0"", ""sensor_1"", ""sensor_2""]",not_applicable
"[""sensor_0"", ""sensor_1"", ""sensor_2""]",sensor_0,toy_spatial,42,,43.0,1.809033870973848,1.809033870973848,1.809033870973848,0.799,0.92815,0.799,0.799,,,8.609264939832688,20000,20000,,,20000,,0.2,raw_normalized,row,raw_sensor,1.0,0.0,1.0,cyclic,Adaptive Held-Out Raw Sensor CP,sensor_0,"[""sensor_1"", ""sensor_2""]",posterior
"[""sensor_0"", ""sensor_1"", ""sensor_2""]",sensor_0,toy_spatial,42,,43.0,3.810964720005405,3.810964720005405,3.810964720005405,0.8031,0.99955,0.8031,0.8031,,,14.741194832491876,20000,20000,,,20000,,0.2,raw_normalized,row,raw_sensor,1.0,0.0,1.0,cyclic,Adaptive Held-Out Raw Sensor CP,sensor_1,"[""sensor_0"", ""sensor_2""]",posterior
"[""sensor_0"", ""sensor_1"", ""sensor_2""]",sensor_0,toy_spatial,42,,43.0,5.342707069435786,5.342707069435786,5.342707069435786,0.8012,1.0,0.8012,0.8012,,,19.31664831552505,20000,20000,,,20000,,0.2,raw_normalized,row,raw_sensor,1.0,0.0,1.0,cyclic,Adaptive Held-Out Raw Sensor CP,sensor_2,"[""sensor_0"", ""sensor_1""]",posterior
"[""sensor_0"", ""sensor_1"", ""sensor_2""]",sensor_0,toy_spatial,42,,43.0,1.2815515655446008,,,0.7859,0.7859,,,,,4.297441482543945,20000,0,,0.0,20000,,0.2,none,,,,,,,Fused Posterior Predictive,,"[""sensor_0"", ""sensor_1"", ""sensor_2""]",
"[""sensor_0"", ""sensor_1"", ""sensor_2""]",sensor_0,toy_spatial,42,,44.0,1.323474645614624,1.323474645614624,1.323474645614624,0.80425,0.80425,,,,,4.437218918776512,20000,20000,,,20000,,0.2,model_normalized,row,reference,1.0,0.0,1.0,cyclic,Oracle Split Conformal,,"[""sensor_0"", ""sensor_1"", ""sensor_2""]",not_applicable
"[""sensor_0"", ""sensor_1"", ""sensor_2""]",sensor_0,toy_spatial,42,,44.0,1.8051781102717144,1.8051781102717144,1.8051781102717144,0.79685,0.92815,0.79685,0.79685,,,8.58814045548439,20000,20000,,,20000,,0.2,raw_normalized,row,raw_sensor,1.0,0.0,1.0,cyclic,Adaptive Held-Out Raw Sensor CP,sensor_0,"[""sensor_1"", ""sensor_2""]",posterior
"[""sensor_0"", ""sensor_1"", ""sensor_2""]",sensor_0,toy_spatial,42,,44.0,3.7826478958536818,3.7826478958536818,3.7826478958536818,0.796,0.9995,0.796,0.796,,,14.629194710767267,20000,20000,,,20000,,0.2,raw_normalized,row,raw_sensor,1.0,0.0,1.0,cyclic,Adaptive Held-Out Raw Sensor CP,sensor_1,"[""sensor_0"", ""sensor_2""]",posterior
"[""sensor_0"", ""sensor_1"", ""sensor_2""]",sensor_0,toy_spatial,42,,44.0,5.380250055911351,5.380250055911351,5.380250055911351,0.8061,1.0,0.8061,0.8061,,,19.44918467473984,20000,20000,,,20000,,0.2,raw_normalized,row,raw_sensor,1.0,0.0,1.0,cyclic,Adaptive Held-Out Raw Sensor CP,sensor_2,"[""sensor_0"", ""sensor_1""]",posterior
"[""sensor_0"", ""sensor_1"", ""sensor_2""]",sensor_0,toy_spatial,42,,44.0,1.2815515655446008,,,0.7888,0.7888,,,,,4.296663284301758,20000,0,,0.0,20000,,0.2,none,,,,,,,Fused Posterior Predictive,,"[""sensor_0"", ""sensor_1"", ""sensor_2""]",
"[""sensor_0"", ""sensor_1"", ""sensor_2""]",sensor_0,toy_spatial,42,,45.0,1.323630690574646,1.323630690574646,1.323630690574646,0.80435,0.80435,,,,,4.437863464045525,20000,20000,,,20000,,0.2,model_normalized,row,reference,1.0,0.0,1.0,cyclic,Oracle Split Conformal,,"[""sensor_0"", ""sensor_1"", ""sensor_2""]",not_applicable
"[""sensor_0"", ""sensor_1"", ""sensor_2""]",sensor_0,toy_spatial,42,,45.0,1.811381696990917,1.811381696990917,1.811381696990917,0.80085,0.92865,0.80085,0.80085,,,8.616088816952706,20000,20000,,,20000,,0.2,raw_normalized,row,raw_sensor,1.0,0.0,1.0,cyclic,Adaptive Held-Out Raw Sensor CP,sensor_0,"[""sensor_1"", ""sensor_2""]",posterior
"[""sensor_0"", ""sensor_1"", ""sensor_2""]",sensor_0,toy_spatial,42,,45.0,3.7942624302623353,3.7942624302623353,3.7942624302623353,0.7989,0.9995,0.7989,0.7989,,,14.676042191052437,20000,20000,,,20000,,0.2,raw_normalized,row,raw_sensor,1.0,0.0,1.0,cyclic,Adaptive Held-Out Raw Sensor CP,sensor_1,"[""sensor_0"", ""sensor_2""]",posterior
"[""sensor_0"", ""sensor_1"", ""sensor_2""]",sensor_0,toy_spatial,42,,45.0,5.334064822390455,5.334064822390455,5.334064822390455,0.8001,1.0,0.8001,0.8001,,,19.284161364293094,20000,20000,,,20000,,0.2,raw_normalized,row,raw_sensor,1.0,0.0,1.0,cyclic,Adaptive Held-Out Raw Sensor CP,sensor_2,"[""sensor_0"", ""sensor_1""]",posterior
"[""sensor_0"", ""sensor_1"", ""sensor_2""]",sensor_0,toy_spatial,42,,45.0,1.2815515655446008,,,0.78955,0.78955,,,,,4.296781063079834,20000,0,,0.0,20000,,0.2,none,,,,,,,Fused Posterior Predictive,,"[""sensor_0"", ""sensor_1"", ""sensor_2""]",
"[""sensor_0"", ""sensor_1"", ""sensor_2""]",sensor_0,toy_spatial,42,,46.0,1.3255623579025269,1.3255623579025269,1.3255623579025269,0.8056,0.8056,,,,,4.443583725380898,20000,20000,,,20000,,0.2,model_normalized,row,reference,1.0,0.0,1.0,cyclic,Oracle Split Conformal,,"[""sensor_0"", ""sensor_1"", ""sensor_2""]",not_applicable
"[""sensor_0"", ""sensor_1"", ""sensor_2""]",sensor_0,toy_spatial,42,,46.0,1.7948632785873029,1.7948632785873029,1.7948632785873029,0.7927,0.9283,0.7927,0.7927,,,8.540353369903565,20000,20000,,,20000,,0.2,raw_normalized,row,raw_sensor,1.0,0.0,1.0,cyclic,Adaptive Held-Out Raw Sensor CP,sensor_0,"[""sensor_1"", ""sensor_2""]",posterior
"[""sensor_0"", ""sensor_1"", ""sensor_2""]",sensor_0,toy_spatial,42,,46.0,3.8007730816956498,3.8007730816956498,3.8007730816956498,0.8005,0.99955,0.8005,0.8005,,,14.69610297898054,20000,20000,,,20000,,0.2,raw_normalized,row,raw_sensor,1.0,0.0,1.0,cyclic,Adaptive Held-Out Raw Sensor CP,sensor_1,"[""sensor_0"", ""sensor_2""]",posterior
"[""sensor_0"", ""sensor_1"", ""sensor_2""]",sensor_0,toy_spatial,42,,46.0,5.366929797793021,5.366929797793021,5.366929797793021,0.8045,1.0,0.8045,0.8045,,,19.39776061398983,20000,20000,,,20000,,0.2,raw_normalized,row,raw_sensor,1.0,0.0,1.0,cyclic,Adaptive Held-Out Raw Sensor CP,sensor_2,"[""sensor_0"", ""sensor_1""]",posterior
"[""sensor_0"", ""sensor_1"", ""sensor_2""]",sensor_0,toy_spatial,42,,46.0,1.2815515655446008,,,0.78925,0.78925,,,,,4.296050071716309,20000,0,,0.0,20000,,0.2,none,,,,,,,Fused Posterior Predictive,,"[""sensor_0"", ""sensor_1"", ""sensor_2""]",
"[""sensor_0"", ""sensor_1"", ""sensor_2""]",sensor_0,toy_spatial,42,,47.0,1.3141212463378906,1.3141212463378906,1.3141212463378906,0.79715,0.79715,,,,,4.406403866004944,20000,20000,,,20000,,0.2,model_normalized,row,reference,1.0,0.0,1.0,cyclic,Oracle Split Conformal,,"[""sensor_0"", ""sensor_1"", ""sensor_2""]",not_applicable
"[""sensor_0"", ""sensor_1"", ""sensor_2""]",sensor_0,toy_spatial,42,,47.0,1.795735679826143,1.795735679826143,1.795735679826143,0.79295,0.9252,0.79295,0.79295,,,8.54469838104248,20000,20000,,,20000,,0.2,raw_normalized,row,raw_sensor,1.0,0.0,1.0,cyclic,Adaptive Held-Out Raw Sensor CP,sensor_0,"[""sensor_1"", ""sensor_2""]",posterior
"[""sensor_0"", ""sensor_1"", ""sensor_2""]",sensor_0,toy_spatial,42,,47.0,3.79733738873686,3.79733738873686,3.79733738873686,0.79955,0.99945,0.79955,0.79955,,,14.687668920361997,20000,20000,,,20000,,0.2,raw_normalized,row,raw_sensor,1.0,0.0,1.0,cyclic,Adaptive Held-Out Raw Sensor CP,sensor_1,"[""sensor_0"", ""sensor_2""]",posterior
"[""sensor_0"", ""sensor_1"", ""sensor_2""]",sensor_0,toy_spatial,42,,47.0,5.3160370282804,5.3160370282804,5.3160370282804,0.79715,1.0,0.79715,0.79715,,,19.219663796854014,20000,20000,,,20000,,0.2,raw_normalized,row,raw_sensor,1.0,0.0,1.0,cyclic,Adaptive Held-Out Raw Sensor CP,sensor_2,"[""sensor_0"", ""sensor_1""]",posterior
"[""sensor_0"", ""sensor_1"", ""sensor_2""]",sensor_0,toy_spatial,42,,47.0,1.2815515655446008,,,0.78555,0.78555,,,,,4.297194004058838,20000,0,,0.0,20000,,0.2,none,,,,,,,Fused Posterior Predictive,,"[""sensor_0"", ""sensor_1"", ""sensor_2""]",
"[""sensor_0"", ""sensor_1"", ""sensor_2""]",sensor_0,toy_spatial,42,,48.0,1.320689082145691,1.320689082145691,1.320689082145691,0.80255,0.80255,,,,,4.427332626795769,20000,20000,,,20000,,0.2,model_normalized,row,reference,1.0,0.0,1.0,cyclic,Oracle Split Conformal,,"[""sensor_0"", ""sensor_1"", ""sensor_2""]",not_applicable
"[""sensor_0"", ""sensor_1"", ""sensor_2""]",sensor_0,toy_spatial,42,,48.0,1.8169341513333788,1.8169341513333788,1.8169341513333788,0.80355,0.9286,0.80355,0.80355,,,8.641243622457981,20000,20000,,,20000,,0.2,raw_normalized,row,raw_sensor,1.0,0.0,1.0,cyclic,Adaptive Held-Out Raw Sensor CP,sensor_0,"[""sensor_1"", ""sensor_2""]",posterior
"[""sensor_0"", ""sensor_1"", ""sensor_2""]",sensor_0,toy_spatial,42,,48.0,3.812690603689935,3.812690603689935,3.812690603689935,0.8033,0.9996,0.8033,0.8033,,,14.744906902945042,20000,20000,,,20000,,0.2,raw_normalized,row,raw_sensor,1.0,0.0,1.0,cyclic,Adaptive Held-Out Raw Sensor CP,sensor_1,"[""sensor_0"", ""sensor_2""]",posterior
"[""sensor_0"", ""sensor_1"", ""sensor_2""]",sensor_0,toy_spatial,42,,48.0,5.298513389391577,5.298513389391577,5.298513389391577,0.79495,1.0,0.79495,0.79495,,,19.15292960276604,20000,20000,,,20000,,0.2,raw_normalized,row,raw_sensor,1.0,0.0,1.0,cyclic,Adaptive Held-Out Raw Sensor CP,sensor_2,"[""sensor_0"", ""sensor_1""]",posterior
"[""sensor_0"", ""sensor_1"", ""sensor_2""]",sensor_0,toy_spatial,42,,48.0,1.2815515655446008,,,0.78875,0.78875,,,,,4.296133041381836,20000,0,,0.0,20000,,0.2,none,,,,,,,Fused Posterior Predictive,,"[""sensor_0"", ""sensor_1"", ""sensor_2""]",
"[""sensor_0"", ""sensor_1"", ""sensor_2""]",sensor_0,toy_spatial,42,,49.0,1.3234155178070068,1.3234155178070068,1.3234155178070068,0.8042,0.8042,,,,,4.436913257336617,20000,20000,,,20000,,0.2,model_normalized,row,reference,1.0,0.0,1.0,cyclic,Oracle Split Conformal,,"[""sensor_0"", ""sensor_1"", ""sensor_2""]",not_applicable
"[""sensor_0"", ""sensor_1"", ""sensor_2""]",sensor_0,toy_spatial,42,,49.0,1.818847953558684,1.818847953558684,1.818847953558684,0.8041,0.9296,0.8041,0.8041,,,8.652945620822907,20000,20000,,,20000,,0.2,raw_normalized,row,raw_sensor,1.0,0.0,1.0,cyclic,Adaptive Held-Out Raw Sensor CP,sensor_0,"[""sensor_1"", ""sensor_2""]",posterior
"[""sensor_0"", ""sensor_1"", ""sensor_2""]",sensor_0,toy_spatial,42,,49.0,3.818686360762862,3.818686360762862,3.818686360762862,0.80515,0.9996,0.80515,0.80515,,,14.768675106680393,20000,20000,,,20000,,0.2,raw_normalized,row,raw_sensor,1.0,0.0,1.0,cyclic,Adaptive Held-Out Raw Sensor CP,sensor_1,"[""sensor_0"", ""sensor_2""]",posterior
"[""sensor_0"", ""sensor_1"", ""sensor_2""]",sensor_0,toy_spatial,42,,49.0,5.339512223801259,5.339512223801259,5.339512223801259,0.8009,1.0,0.8009,0.8009,,,19.301611029291152,20000,20000,,,20000,,0.2,raw_normalized,row,raw_sensor,1.0,0.0,1.0,cyclic,Adaptive Held-Out Raw Sensor CP,sensor_2,"[""sensor_0"", ""sensor_1""]",posterior
"[""sensor_0"", ""sensor_1"", ""sensor_2""]",sensor_0,toy_spatial,42,,49.0,1.2815515655446008,,,0.79125,0.79125,,,,,4.2965593338012695,20000,0,,0.0,20000,,0.2,none,,,,,,,Fused Posterior Predictive,,"[""sensor_0"", ""sensor_1"", ""sensor_2""]",
"[""sensor_0"", ""sensor_1"", ""sensor_2""]",sensor_0,toy_spatial,42,,50.0,1.3184198141098022,1.3184198141098022,1.3184198141098022,0.80075,0.80075,,,,,4.420575513625145,20000,20000,,,20000,,0.2,model_normalized,row,reference,1.0,0.0,1.0,cyclic,Oracle Split Conformal,,"[""sensor_0"", ""sensor_1"", ""sensor_2""]",not_applicable
"[""sensor_0"", ""sensor_1"", ""sensor_2""]",sensor_0,toy_spatial,42,,50.0,1.8202517363577244,1.8202517363577244,1.8202517363577244,0.8048,0.931,0.8048,0.8048,,,8.66120120099783,20000,20000,,,20000,,0.2,raw_normalized,row,raw_sensor,1.0,0.0,1.0,cyclic,Adaptive Held-Out Raw Sensor CP,sensor_0,"[""sensor_1"", ""sensor_2""]",posterior
"[""sensor_0"", ""sensor_1"", ""sensor_2""]",sensor_0,toy_spatial,42,,50.0,3.7961533630644015,3.7961533630644015,3.7961533630644015,0.7993,0.9997,0.7993,0.7993,,,14.682032325184345,20000,20000,,,20000,,0.2,raw_normalized,row,raw_sensor,1.0,0.0,1.0,cyclic,Adaptive Held-Out Raw Sensor CP,sensor_1,"[""sensor_0"", ""sensor_2""]",posterior
"[""sensor_0"", ""sensor_1"", ""sensor_2""]",sensor_0,toy_spatial,42,,50.0,5.358769812459429,5.358769812459429,5.358769812459429,0.8032,1.0,0.8032,0.8032,,,19.373501358628275,20000,20000,,,20000,,0.2,raw_normalized,row,raw_sensor,1.0,0.0,1.0,cyclic,Adaptive Held-Out Raw Sensor CP,sensor_2,"[""sensor_0"", ""sensor_1""]",posterior
"[""sensor_0"", ""sensor_1"", ""sensor_2""]",sensor_0,toy_spatial,42,,50.0,1.2815515655446008,,,0.7877,0.7877,,,,,4.2969584465026855,20000,0,,0.0,20000,,0.2,none,,,,,,,Fused Posterior Predictive,,"[""sensor_0"", ""sensor_1"", ""sensor_2""]",
"[""sensor_0"", ""sensor_1"", ""sensor_2""]",sensor_0,toy_spatial,42,,51.0,1.3161189556121826,1.3161189556121826,1.3161189556121826,0.79845,0.79845,,,,,4.411234463024139,20000,20000,,,20000,,0.2,model_normalized,row,reference,1.0,0.0,1.0,cyclic,Oracle Split Conformal,,"[""sensor_0"", ""sensor_1"", ""sensor_2""]",not_applicable
"[""sensor_0"", ""sensor_1"", ""sensor_2""]",sensor_0,toy_spatial,42,,51.0,1.8118179186943624,1.8118179186943624,1.8118179186943624,0.80125,0.92995,0.80125,0.80125,,,8.61689771323204,20000,20000,,,20000,,0.2,raw_normalized,row,raw_sensor,1.0,0.0,1.0,cyclic,Adaptive Held-Out Raw Sensor CP,sensor_0,"[""sensor_1"", ""sensor_2""]",posterior
"[""sensor_0"", ""sensor_1"", ""sensor_2""]",sensor_0,toy_spatial,42,,51.0,3.804683637170072,3.804683637170072,3.804683637170072,0.8014,0.99965,0.8014,0.8014,,,14.710402478313446,20000,20000,,,20000,,0.2,raw_normalized,row,raw_sensor,1.0,0.0,1.0,cyclic,Adaptive Held-Out Raw Sensor CP,sensor_1,"[""sensor_0"", ""sensor_2""]",posterior
"[""sensor_0"", ""sensor_1"", ""sensor_2""]",sensor_0,toy_spatial,42,,51.0,5.353803968652106,5.353803968652106,5.353803968652106,0.8028,1.0,0.8028,0.8028,,,19.348192235827447,20000,20000,,,20000,,0.2,raw_normalized,row,raw_sensor,1.0,0.0,1.0,cyclic,Adaptive Held-Out Raw Sensor CP,sensor_2,"[""sensor_0"", ""sensor_1""]",posterior
"[""sensor_0"", ""sensor_1"", ""sensor_2""]",sensor_0,toy_spatial,42,,51.0,1.2815515655446008,,,0.78605,0.78605,,,,,4.295374870300293,20000,0,,0.0,20000,,0.2,none,,,,,,,Fused Posterior Predictive,,"[""sensor_0"", ""sensor_1"", ""sensor_2""]",
"[""sensor_0"", ""sensor_1"", ""sensor_2""]",sensor_0,toy_spatial,42,,52.0,1.3137367963790894,1.3137367963790894,1.3137367963790894,0.797,0.797,,,,,4.403775820374489,20000,20000,,,20000,,0.2,model_normalized,row,reference,1.0,0.0,1.0,cyclic,Oracle Split Conformal,,"[""sensor_0"", ""sensor_1"", ""sensor_2""]",not_applicable
"[""sensor_0"", ""sensor_1"", ""sensor_2""]",sensor_0,toy_spatial,42,,52.0,1.794034388338568,1.794034388338568,1.794034388338568,0.79195,0.92465,0.79195,0.79195,,,8.53306309940815,20000,20000,,,20000,,0.2,raw_normalized,row,raw_sensor,1.0,0.0,1.0,cyclic,Adaptive Held-Out Raw Sensor CP,sensor_0,"[""sensor_1"", ""sensor_2""]",posterior
"[""sensor_0"", ""sensor_1"", ""sensor_2""]",sensor_0,toy_spatial,42,,52.0,3.7822761548796087,3.7822761548796087,3.7822761548796087,0.79585,0.99955,0.79585,0.79585,,,14.625869049310683,20000,20000,,,20000,,0.2,raw_normalized,row,raw_sensor,1.0,0.0,1.0,cyclic,Adaptive Held-Out Raw Sensor CP,sensor_1,"[""sensor_0"", ""sensor_2""]",posterior
"[""sensor_0"", ""sensor_1"", ""sensor_2""]",sensor_0,toy_spatial,42,,52.0,5.288023228767853,5.288023228767853,5.288023228767853,0.79355,1.0,0.79355,0.79355,,,19.113173270010947,20000,20000,,,20000,,0.2,raw_normalized,row,raw_sensor,1.0,0.0,1.0,cyclic,Adaptive Held-Out Raw Sensor CP,sensor_2,"[""sensor_0"", ""sensor_1""]",posterior
"[""sensor_0"", ""sensor_1"", ""sensor_2""]",sensor_0,toy_spatial,42,,52.0,1.2815515655446008,,,0.78495,0.78495,,,,,4.29588794708252,20000,0,,0.0,20000,,0.2,none,,,,,,,Fused Posterior Predictive,,"[""sensor_0"", ""sensor_1"", ""sensor_2""]",
"[""sensor_0"", ""sensor_1"", ""sensor_2""]",sensor_0,toy_spatial,42,,53.0,1.3091940879821775,1.3091940879821775,1.3091940879821775,0.79395,0.79395,,,,,4.389578074789047,20000,20000,,,20000,,0.2,model_normalized,row,reference,1.0,0.0,1.0,cyclic,Oracle Split Conformal,,"[""sensor_0"", ""sensor_1"", ""sensor_2""]",not_applicable
"[""sensor_0"", ""sensor_1"", ""sensor_2""]",sensor_0,toy_spatial,42,,53.0,1.804163921710736,1.804163921710736,1.804163921710736,0.79635,0.92615,0.79635,0.79635,,,8.584340359735489,20000,20000,,,20000,,0.2,raw_normalized,row,raw_sensor,1.0,0.0,1.0,cyclic,Adaptive Held-Out Raw Sensor CP,sensor_0,"[""sensor_1"", ""sensor_2""]",posterior
"[""sensor_0"", ""sensor_1"", ""sensor_2""]",sensor_0,toy_spatial,42,,53.0,3.851945024184627,3.851945024184627,3.851945024184627,0.8127,0.99945,0.8127,0.8127,,,14.89792400738001,20000,20000,,,20000,,0.2,raw_normalized,row,raw_sensor,1.0,0.0,1.0,cyclic,Adaptive Held-Out Raw Sensor CP,sensor_1,"[""sensor_0"", ""sensor_2""]",posterior
"[""sensor_0"", ""sensor_1"", ""sensor_2""]",sensor_0,toy_spatial,42,,53.0,5.3792373753684855,5.3792373753684855,5.3792373753684855,0.80595,1.0,0.80595,0.80595,,,19.44725478744507,20000,20000,,,20000,,0.2,raw_normalized,row,raw_sensor,1.0,0.0,1.0,cyclic,Adaptive Held-Out Raw Sensor CP,sensor_2,"[""sensor_0"", ""sensor_1""]",posterior
"[""sensor_0"", ""sensor_1"", ""sensor_2""]",sensor_0,toy_spatial,42,,53.0,1.2815515655446008,,,0.78415,0.78415,,,,,4.296895980834961,20000,0,,0.0,20000,,0.2,none,,,,,,,Fused Posterior Predictive,,"[""sensor_0"", ""sensor_1"", ""sensor_2""]",
"[""sensor_0"", ""sensor_1"", ""sensor_2""]",sensor_0,toy_spatial,42,,54.0,1.3130475282669067,1.3130475282669067,1.3130475282669067,0.79665,0.79665,,,,,4.403027614450455,20000,20000,,,20000,,0.2,model_normalized,row,reference,1.0,0.0,1.0,cyclic,Oracle Split Conformal,,"[""sensor_0"", ""sensor_1"", ""sensor_2""]",not_applicable
"[""sensor_0"", ""sensor_1"", ""sensor_2""]",sensor_0,toy_spatial,42,,54.0,1.820876919625011,1.820876919625011,1.820876919625011,0.80505,0.931,0.80505,0.80505,,,8.664631796336174,20000,20000,,,20000,,0.2,raw_normalized,row,raw_sensor,1.0,0.0,1.0,cyclic,Adaptive Held-Out Raw Sensor CP,sensor_0,"[""sensor_1"", ""sensor_2""]",posterior
"[""sensor_0"", ""sensor_1"", ""sensor_2""]",sensor_0,toy_spatial,42,,54.0,3.81292548932855,3.81292548932855,3.81292548932855,0.8035,0.9997,0.8035,0.8035,,,14.748891442608834,20000,20000,,,20000,,0.2,raw_normalized,row,raw_sensor,1.0,0.0,1.0,cyclic,Adaptive Held-Out Raw Sensor CP,sensor_1,"[""sensor_0"", ""sensor_2""]",posterior
"[""sensor_0"", ""sensor_1"", ""sensor_2""]",sensor_0,toy_spatial,42,,54.0,5.325975430500178,5.325975430500178,5.325975430500178,0.79895,1.0,0.79895,0.79895,,,19.256410780024527,20000,20000,,,20000,,0.2,raw_normalized,row,raw_sensor,1.0,0.0,1.0,cyclic,Adaptive Held-Out Raw Sensor CP,sensor_2,"[""sensor_0"", ""sensor_1""]",posterior
"[""sensor_0"", ""sensor_1"", ""sensor_2""]",sensor_0,toy_spatial,42,,54.0,1.2815515655446008,,,0.78575,0.78575,,,,,4.297412395477295,20000,0,,0.0,20000,,0.2,none,,,,,,,Fused Posterior Predictive,,"[""sensor_0"", ""sensor_1"", ""sensor_2""]",
"[""sensor_0"", ""sensor_1"", ""sensor_2""]",sensor_0,toy_spatial,42,,55.0,1.311205267906189,1.311205267906189,1.311205267906189,0.7958,0.7958,,,,,4.395035420322418,20000,20000,,,20000,,0.2,model_normalized,row,reference,1.0,0.0,1.0,cyclic,Oracle Split Conformal,,"[""sensor_0"", ""sensor_1"", ""sensor_2""]",not_applicable
"[""sensor_0"", ""sensor_1"", ""sensor_2""]",sensor_0,toy_spatial,42,,55.0,1.8223579013009663,1.8223579013009663,1.8223579013009663,0.80575,0.93085,0.80575,0.80575,,,8.667686585259437,20000,20000,,,20000,,0.2,raw_normalized,row,raw_sensor,1.0,0.0,1.0,cyclic,Adaptive Held-Out Raw Sensor CP,sensor_0,"[""sensor_1"", ""sensor_2""]",posterior
"[""sensor_0"", ""sensor_1"", ""sensor_2""]",sensor_0,toy_spatial,42,,55.0,3.8091976354208095,3.8091976354208095,3.8091976354208095,0.8027,0.9994,0.8027,0.8027,,,14.728495499742031,20000,20000,,,20000,,0.2,raw_normalized,row,raw_sensor,1.0,0.0,1.0,cyclic,Adaptive Held-Out Raw Sensor CP,sensor_1,"[""sensor_0"", ""sensor_2""]",posterior
"[""sensor_0"", ""sensor_1"", ""sensor_2""]",sensor_0,toy_spatial,42,,55.0,5.341592363636049,5.341592363636049,5.341592363636049,0.8011,1.0,0.8011,0.8011,,,19.305224199795724,20000,20000,,,20000,,0.2,raw_normalized,row,raw_sensor,1.0,0.0,1.0,cyclic,Adaptive Held-Out Raw Sensor CP,sensor_2,"[""sensor_0"", ""sensor_1""]",posterior
"[""sensor_0"", ""sensor_1"", ""sensor_2""]",sensor_0,toy_spatial,42,,55.0,1.2815515655446008,,,0.78455,0.78455,,,,,4.2956390380859375,20000,0,,0.0,20000,,0.2,none,,,,,,,Fused Posterior Predictive,,"[""sensor_0"", ""sensor_1"", ""sensor_2""]",
"[""sensor_0"", ""sensor_1"", ""sensor_2""]",sensor_0,toy_spatial,42,,56.0,1.3196419477462769,1.3196419477462769,1.3196419477462769,0.80175,0.80175,,,,,4.424692569446564,20000,20000,,,20000,,0.2,model_normalized,row,reference,1.0,0.0,1.0,cyclic,Oracle Split Conformal,,"[""sensor_0"", ""sensor_1"", ""sensor_2""]",not_applicable
"[""sensor_0"", ""sensor_1"", ""sensor_2""]",sensor_0,toy_spatial,42,,56.0,1.8077906244577973,1.8077906244577973,1.8077906244577973,0.7982,0.9288,0.7982,0.7982,,,8.601622423684598,20000,20000,,,20000,,0.2,raw_normalized,row,raw_sensor,1.0,0.0,1.0,cyclic,Adaptive Held-Out Raw Sensor CP,sensor_0,"[""sensor_1"", ""sensor_2""]",posterior
"[""sensor_0"", ""sensor_1"", ""sensor_2""]",sensor_0,toy_spatial,42,,56.0,3.81367128627899,3.81367128627899,3.81367128627899,0.8037,0.99965,0.8037,0.8037,,,14.7504926648736,20000,20000,,,20000,,0.2,raw_normalized,row,raw_sensor,1.0,0.0,1.0,cyclic,Adaptive Held-Out Raw Sensor CP,sensor_1,"[""sensor_0"", ""sensor_2""]",posterior
"[""sensor_0"", ""sensor_1"", ""sensor_2""]",sensor_0,toy_spatial,42,,56.0,5.33377090021826,5.33377090021826,5.33377090021826,0.80005,1.0,0.80005,0.80005,,,19.282883558368685,20000,20000,,,20000,,0.2,raw_normalized,row,raw_sensor,1.0,0.0,1.0,cyclic,Adaptive Held-Out Raw Sensor CP,sensor_2,"[""sensor_0"", ""sensor_1""]",posterior
"[""sensor_0"", ""sensor_1"", ""sensor_2""]",sensor_0,toy_spatial,42,,56.0,1.2815515655446008,,,0.78825,0.78825,,,,,4.296977519989014,20000,0,,0.0,20000,,0.2,none,,,,,,,Fused Posterior Predictive,,"[""sensor_0"", ""sensor_1"", ""sensor_2""]",
"[""sensor_0"", ""sensor_1"", ""sensor_2""]",sensor_0,toy_spatial,42,,57.0,1.309531331062317,1.309531331062317,1.309531331062317,0.7946,0.7946,,,,,4.389755594015122,20000,20000,,,20000,,0.2,model_normalized,row,reference,1.0,0.0,1.0,cyclic,Oracle Split Conformal,,"[""sensor_0"", ""sensor_1"", ""sensor_2""]",not_applicable
"[""sensor_0"", ""sensor_1"", ""sensor_2""]",sensor_0,toy_spatial,42,,57.0,1.805718373129099,1.805718373129099,1.805718373129099,0.79705,0.926,0.79705,0.79705,,,8.589460792326927,20000,20000,,,20000,,0.2,raw_normalized,row,raw_sensor,1.0,0.0,1.0,cyclic,Adaptive Held-Out Raw Sensor CP,sensor_0,"[""sensor_1"", ""sensor_2""]",posterior
"[""sensor_0"", ""sensor_1"", ""sensor_2""]",sensor_0,toy_spatial,42,,57.0,3.772235590364177,3.772235590364177,3.772235590364177,0.79345,0.9995,0.79345,0.79345,,,14.586513795387743,20000,20000,,,20000,,0.2,raw_normalized,row,raw_sensor,1.0,0.0,1.0,cyclic,Adaptive Held-Out Raw Sensor CP,sensor_1,"[""sensor_0"", ""sensor_2""]",posterior
"[""sensor_0"", ""sensor_1"", ""sensor_2""]",sensor_0,toy_spatial,42,,57.0,5.287681880567937,5.287681880567937,5.287681880567937,0.7935,1.0,0.7935,0.7935,,,19.11178832073212,20000,20000,,,20000,,0.2,raw_normalized,row,raw_sensor,1.0,0.0,1.0,cyclic,Adaptive Held-Out Raw Sensor CP,sensor_2,"[""sensor_0"", ""sensor_1""]",posterior
"[""sensor_0"", ""sensor_1"", ""sensor_2""]",sensor_0,toy_spatial,42,,57.0,1.2815515655446008,,,0.7839,0.7839,,,,,4.295963287353516,20000,0,,0.0,20000,,0.2,none,,,,,,,Fused Posterior Predictive,,"[""sensor_0"", ""sensor_1"", ""sensor_2""]",
"[""sensor_0"", ""sensor_1"", ""sensor_2""]",sensor_0,toy_spatial,42,,58.0,1.322696089744568,1.322696089744568,1.322696089744568,0.80375,0.80375,,,,,4.434430778813362,20000,20000,,,20000,,0.2,model_normalized,row,reference,1.0,0.0,1.0,cyclic,Oracle Split Conformal,,"[""sensor_0"", ""sensor_1"", ""sensor_2""]",not_applicable
"[""sensor_0"", ""sensor_1"", ""sensor_2""]",sensor_0,toy_spatial,42,,58.0,1.8010486799159404,1.8010486799159404,1.8010486799159404,0.79505,0.9269,0.79505,0.79505,,,8.56590649588108,20000,20000,,,20000,,0.2,raw_normalized,row,raw_sensor,1.0,0.0,1.0,cyclic,Adaptive Held-Out Raw Sensor CP,sensor_0,"[""sensor_1"", ""sensor_2""]",posterior
"[""sensor_0"", ""sensor_1"", ""sensor_2""]",sensor_0,toy_spatial,42,,58.0,3.789767789305357,3.789767789305357,3.789767789305357,0.79785,0.99965,0.79785,0.79785,,,14.657814989817142,20000,20000,,,20000,,0.2,raw_normalized,row,raw_sensor,1.0,0.0,1.0,cyclic,Adaptive Held-Out Raw Sensor CP,sensor_1,"[""sensor_0"", ""sensor_2""]",posterior
"[""sensor_0"", ""sensor_1"", ""sensor_2""]",sensor_0,toy_spatial,42,,58.0,5.343579437865211,5.343579437865211,5.343579437865211,0.8014,1.0,0.8014,0.8014,,,19.31679638879299,20000,20000,,,20000,,0.2,raw_normalized,row,raw_sensor,1.0,0.0,1.0,cyclic,Adaptive Held-Out Raw Sensor CP,sensor_2,"[""sensor_0"", ""sensor_1""]",posterior
"[""sensor_0"", ""sensor_1"", ""sensor_2""]",sensor_0,toy_spatial,42,,58.0,1.2815515655446008,,,0.78965,0.78965,,,,,4.296491146087647,20000,0,,0.0,20000,,0.2,none,,,,,,,Fused Posterior Predictive,,"[""sensor_0"", ""sensor_1"", ""sensor_2""]",
"[""sensor_0"", ""sensor_1"", ""sensor_2""]",sensor_0,toy_spatial,42,,59.0,1.3099596500396729,1.3099596500396729,1.3099596500396729,0.7949,0.7949,,,,,4.392055624079704,20000,20000,,,20000,,0.2,model_normalized,row,reference,1.0,0.0,1.0,cyclic,Oracle Split Conformal,,"[""sensor_0"", ""sensor_1"", ""sensor_2""]",not_applicable
"[""sensor_0"", ""sensor_1"", ""sensor_2""]",sensor_0,toy_spatial,42,,59.0,1.8221898918337656,1.8221898918337656,1.8221898918337656,0.80565,0.9318,0.80565,0.80565,,,8.669858433055877,20000,20000,,,20000,,0.2,raw_normalized,row,raw_sensor,1.0,0.0,1.0,cyclic,Adaptive Held-Out Raw Sensor CP,sensor_0,"[""sensor_1"", ""sensor_2""]",posterior
"[""sensor_0"", ""sensor_1"", ""sensor_2""]",sensor_0,toy_spatial,42,,59.0,3.810244981621184,3.810244981621184,3.810244981621184,0.8029,0.9993,0.8029,0.8029,,,14.736331521523,20000,20000,,,20000,,0.2,raw_normalized,row,raw_sensor,1.0,0.0,1.0,cyclic,Adaptive Held-Out Raw Sensor CP,sensor_1,"[""sensor_0"", ""sensor_2""]",posterior
"[""sensor_0"", ""sensor_1"", ""sensor_2""]",sensor_0,toy_spatial,42,,59.0,5.358769812459429,5.358769812459429,5.358769812459429,0.8032,1.0,0.8032,0.8032,,,19.37244208185673,20000,20000,,,20000,,0.2,raw_normalized,row,raw_sensor,1.0,0.0,1.0,cyclic,Adaptive Held-Out Raw Sensor CP,sensor_2,"[""sensor_0"", ""sensor_1""]",posterior
"[""sensor_0"", ""sensor_1"", ""sensor_2""]",sensor_0,toy_spatial,42,,59.0,1.2815515655446008,,,0.78485,0.78485,,,,,4.29680871963501,20000,0,,0.0,20000,,0.2,none,,,,,,,Fused Posterior Predictive,,"[""sensor_0"", ""sensor_1"", ""sensor_2""]",
"[""sensor_0"", ""sensor_1"", ""sensor_2""]",sensor_0,toy_spatial,42,,60.0,1.3183660507202148,1.3183660507202148,1.3183660507202148,0.8007,0.8007,,,,,4.420204132294655,20000,20000,,,20000,,0.2,model_normalized,row,reference,1.0,0.0,1.0,cyclic,Oracle Split Conformal,,"[""sensor_0"", ""sensor_1"", ""sensor_2""]",not_applicable
"[""sensor_0"", ""sensor_1"", ""sensor_2""]",sensor_0,toy_spatial,42,,60.0,1.8082009857541923,1.8082009857541923,1.8082009857541923,0.79835,0.9293,0.79835,0.79835,,,8.603769203126431,20000,20000,,,20000,,0.2,raw_normalized,row,raw_sensor,1.0,0.0,1.0,cyclic,Adaptive Held-Out Raw Sensor CP,sensor_0,"[""sensor_1"", ""sensor_2""]",posterior
"[""sensor_0"", ""sensor_1"", ""sensor_2""]",sensor_0,toy_spatial,42,,60.0,3.8181835177104033,3.8181835177104033,3.8181835177104033,0.80495,0.9997,0.80495,0.80495,,,14.767075986111164,20000,20000,,,20000,,0.2,raw_normalized,row,raw_sensor,1.0,0.0,1.0,cyclic,Adaptive Held-Out Raw Sensor CP,sensor_1,"[""sensor_0"", ""sensor_2""]",posterior
"[""sensor_0"", ""sensor_1"", ""sensor_2""]",sensor_0,toy_spatial,42,,60.0,5.341592363636049,5.341592363636049,5.341592363636049,0.8011,1.0,0.8011,0.8011,,,19.309785058283804,20000,20000,,,20000,,0.2,raw_normalized,row,raw_sensor,1.0,0.0,1.0,cyclic,Adaptive Held-Out Raw Sensor CP,sensor_2,"[""sensor_0"", ""sensor_1""]",posterior
"[""sensor_0"", ""sensor_1"", ""sensor_2""]",sensor_0,toy_spatial,42,,60.0,1.2815515655446008,,,0.78705,0.78705,,,,,4.2967729568481445,20000,0,,0.0,20000,,0.2,none,,,,,,,Fused Posterior Predictive,,"[""sensor_0"", ""sensor_1"", ""sensor_2""]",
"[""sensor_0"", ""sensor_1"", ""sensor_2""]",sensor_0,toy_spatial,42,,61.0,1.3195395469665527,1.3195395469665527,1.3195395469665527,0.8016,0.8016,,,,,4.424283019733429,20000,20000,,,20000,,0.2,model_normalized,row,reference,1.0,0.0,1.0,cyclic,Oracle Split Conformal,,"[""sensor_0"", ""sensor_1"", ""sensor_2""]",not_applicable
"[""sensor_0"", ""sensor_1"", ""sensor_2""]",sensor_0,toy_spatial,42,,61.0,1.795517336541622,1.795517336541622,1.795517336541622,0.79285,0.92685,0.79285,0.79285,,,8.544414362704753,20000,20000,,,20000,,0.2,raw_normalized,row,raw_sensor,1.0,0.0,1.0,cyclic,Adaptive Held-Out Raw Sensor CP,sensor_0,"[""sensor_1"", ""sensor_2""]",posterior
"[""sensor_0"", ""sensor_1"", ""sensor_2""]",sensor_0,toy_spatial,42,,61.0,3.797904023075778,3.797904023075778,3.797904023075778,0.7998,0.9996,0.7998,0.7998,,,14.688038555943963,20000,20000,,,20000,,0.2,raw_normalized,row,raw_sensor,1.0,0.0,1.0,cyclic,Adaptive Held-Out Raw Sensor CP,sensor_1,"[""sensor_0"", ""sensor_2""]",posterior
"[""sensor_0"", ""sensor_1"", ""sensor_2""]",sensor_0,toy_spatial,42,,61.0,5.376275353945734,5.376275353945734,5.376275353945734,0.80565,1.0,0.80565,0.80565,,,19.43561243276596,20000,20000,,,20000,,0.2,raw_normalized,row,raw_sensor,1.0,0.0,1.0,cyclic,Adaptive Held-Out Raw Sensor CP,sensor_2,"[""sensor_0"", ""sensor_1""]",posterior
"[""sensor_0"", ""sensor_1"", ""sensor_2""]",sensor_0,toy_spatial,42,,61.0,1.2815515655446008,,,0.787,0.787,,,,,4.296913146972656,20000,0,,0.0,20000,,0.2,none,,,,,,,Fused Posterior Predictive,,"[""sensor_0"", ""sensor_1"", ""sensor_2""]",
"[""sensor_0"", ""sensor_1"", ""sensor_2""]",sensor_0,toy_spatial,42,,62.0,1.320926070213318,1.320926070213318,1.320926070213318,0.8027,0.8027,,,,,4.4291840019464495,20000,20000,,,20000,,0.2,model_normalized,row,reference,1.0,0.0,1.0,cyclic,Oracle Split Conformal,,"[""sensor_0"", ""sensor_1"", ""sensor_2""]",not_applicable
"[""sensor_0"", ""sensor_1"", ""sensor_2""]",sensor_0,toy_spatial,42,,62.0,1.8057583161097672,1.8057583161097672,1.8057583161097672,0.79715,0.92855,0.79715,0.79715,,,8.590784137165546,20000,20000,,,20000,,0.2,raw_normalized,row,raw_sensor,1.0,0.0,1.0,cyclic,Adaptive Held-Out Raw Sensor CP,sensor_0,"[""sensor_1"", ""sensor_2""]",posterior
"[""sensor_0"", ""sensor_1"", ""sensor_2""]",sensor_0,toy_spatial,42,,62.0,3.7942624302623353,3.7942624302623353,3.7942624302623353,0.7989,0.9995,0.7989,0.7989,,,14.677057537758351,20000,20000,,,20000,,0.2,raw_normalized,row,raw_sensor,1.0,0.0,1.0,cyclic,Adaptive Held-Out Raw Sensor CP,sensor_1,"[""sensor_0"", ""sensor_2""]",posterior
"[""sensor_0"", ""sensor_1"", ""sensor_2""]",sensor_0,toy_spatial,42,,62.0,5.277392824348296,5.277392824348296,5.277392824348296,0.79225,1.0,0.79225,0.79225,,,19.080255552864077,20000,20000,,,20000,,0.2,raw_normalized,row,raw_sensor,1.0,0.0,1.0,cyclic,Adaptive Held-Out Raw Sensor CP,sensor_2,"[""sensor_0"", ""sensor_1""]",posterior
"[""sensor_0"", ""sensor_1"", ""sensor_2""]",sensor_0,toy_spatial,42,,62.0,1.2815515655446008,,,0.78785,0.78785,,,,,4.297157764434815,20000,0,,0.0,20000,,0.2,none,,,,,,,Fused Posterior Predictive,,"[""sensor_0"", ""sensor_1"", ""sensor_2""]",
"[""sensor_0"", ""sensor_1"", ""sensor_2""]",sensor_0,toy_spatial,42,,63.0,1.3172945976257324,1.3172945976257324,1.3172945976257324,0.7997,0.7997,,,,,4.416566784572601,20000,20000,,,20000,,0.2,model_normalized,row,reference,1.0,0.0,1.0,cyclic,Oracle Split Conformal,,"[""sensor_0"", ""sensor_1"", ""sensor_2""]",not_applicable
"[""sensor_0"", ""sensor_1"", ""sensor_2""]",sensor_0,toy_spatial,42,,63.0,1.8084149450362008,1.8084149450362008,1.8084149450362008,0.79855,0.92755,0.79855,0.79855,,,8.603322964262963,20000,20000,,,20000,,0.2,raw_normalized,row,raw_sensor,1.0,0.0,1.0,cyclic,Adaptive Held-Out Raw Sensor CP,sensor_0,"[""sensor_1"", ""sensor_2""]",posterior
"[""sensor_0"", ""sensor_1"", ""sensor_2""]",sensor_0,toy_spatial,42,,63.0,3.8050805389862856,3.8050805389862856,3.8050805389862856,0.80145,0.9995,0.80145,0.80145,,,14.716479741847516,20000,20000,,,20000,,0.2,raw_normalized,row,raw_sensor,1.0,0.0,1.0,cyclic,Adaptive Held-Out Raw Sensor CP,sensor_1,"[""sensor_0"", ""sensor_2""]",posterior
"[""sensor_0"", ""sensor_1"", ""sensor_2""]",sensor_0,toy_spatial,42,,63.0,5.370028950695678,5.370028950695678,5.370028950695678,0.80495,1.0,0.80495,0.80495,,,19.412961957883837,20000,20000,,,20000,,0.2,raw_normalized,row,raw_sensor,1.0,0.0,1.0,cyclic,Adaptive Held-Out Raw Sensor CP,sensor_2,"[""sensor_0"", ""sensor_1""]",posterior
"[""sensor_0"", ""sensor_1"", ""sensor_2""]",sensor_0,toy_spatial,42,,63.0,1.2815515655446008,,,0.7878,0.7878,,,,,4.29672908782959,20000,0,,0.0,20000,,0.2,none,,,,,,,Fused Posterior Predictive,,"[""sensor_0"", ""sensor_1"", ""sensor_2""]",
"[""sensor_0"", ""sensor_1"", ""sensor_2""]",sensor_0,toy_spatial,42,,64.0,1.3219788074493408,1.3219788074493408,1.3219788074493408,0.80345,0.80345,,,,,4.432003395557404,20000,20000,,,20000,,0.2,model_normalized,row,reference,1.0,0.0,1.0,cyclic,Oracle Split Conformal,,"[""sensor_0"", ""sensor_1"", ""sensor_2""]",not_applicable
"[""sensor_0"", ""sensor_1"", ""sensor_2""]",sensor_0,toy_spatial,42,,64.0,1.8217764208765708,1.8217764208765708,1.8217764208765708,0.80555,0.93005,0.80555,0.80555,,,8.666074852204323,20000,20000,,,20000,,0.2,raw_normalized,row,raw_sensor,1.0,0.0,1.0,cyclic,Adaptive Held-Out Raw Sensor CP,sensor_0,"[""sensor_1"", ""sensor_2""]",posterior
"[""sensor_0"", ""sensor_1"", ""sensor_2""]",sensor_0,toy_spatial,42,,64.0,3.780252268948036,3.780252268948036,3.780252268948036,0.79535,0.99945,0.79535,0.79535,,,14.620203341639042,20000,20000,,,20000,,0.2,raw_normalized,row,raw_sensor,1.0,0.0,1.0,cyclic,Adaptive Held-Out Raw Sensor CP,sensor_1,"[""sensor_0"", ""sensor_2""]",posterior
"[""sensor_0"", ""sensor_1"", ""sensor_2""]",sensor_0,toy_spatial,42,,64.0,5.342933576429172,5.342933576429172,5.342933576429172,0.80125,1.0,0.80125,0.80125,,,19.31422571582794,20000,20000,,,20000,,0.2,raw_normalized,row,raw_sensor,1.0,0.0,1.0,cyclic,Adaptive Held-Out Raw Sensor CP,sensor_2,"[""sensor_0"", ""sensor_1""]",posterior
"[""sensor_0"", ""sensor_1"", ""sensor_2""]",sensor_0,toy_spatial,42,,64.0,1.2815515655446008,,,0.78915,0.78915,,,,,4.296469211578369,20000,0,,0.0,20000,,0.2,none,,,,,,,Fused Posterior Predictive,,"[""sensor_0"", ""sensor_1"", ""sensor_2""]",
"[""sensor_0"", ""sensor_1"", ""sensor_2""]",sensor_0,toy_spatial,42,,65.0,1.3217204809188845,1.3217204809188845,1.3217204809188845,0.80315,0.80315,,,,,4.43174781498909,20000,20000,,,20000,,0.2,model_normalized,row,reference,1.0,0.0,1.0,cyclic,Oracle Split Conformal,,"[""sensor_0"", ""sensor_1"", ""sensor_2""]",not_applicable
"[""sensor_0"", ""sensor_1"", ""sensor_2""]",sensor_0,toy_spatial,42,,65.0,1.8085493961581216,1.8085493961581216,1.8085493961581216,0.7986,0.9268,0.7986,0.7986,,,8.604643250346184,20000,20000,,,20000,,0.2,raw_normalized,row,raw_sensor,1.0,0.0,1.0,cyclic,Adaptive Held-Out Raw Sensor CP,sensor_0,"[""sensor_1"", ""sensor_2""]",posterior
"[""sensor_0"", ""sensor_1"", ""sensor_2""]",sensor_0,toy_spatial,42,,65.0,3.803811581827069,3.803811581827069,3.803811581827069,0.80125,0.99955,0.80125,0.80125,,,14.712932643282414,20000,20000,,,20000,,0.2,raw_normalized,row,raw_sensor,1.0,0.0,1.0,cyclic,Adaptive Held-Out Raw Sensor CP,sensor_1,"[""sensor_0"", ""sensor_2""]",posterior
"[""sensor_0"", ""sensor_1"", ""sensor_2""]",sensor_0,toy_spatial,42,,65.0,5.353019902960335,5.353019902960335,5.353019902960335,0.80255,1.0,0.80255,0.80255,,,19.353168474149705,20000,20000,,,20000,,0.2,raw_normalized,row,raw_sensor,1.0,0.0,1.0,cyclic,Adaptive Held-Out Raw Sensor CP,sensor_2,"[""sensor_0"", ""sensor_1""]",posterior
"[""sensor_0"", ""sensor_1"", ""sensor_2""]",sensor_0,toy_spatial,42,,65.0,1.2815515655446008,,,0.7882,0.7882,,,,,4.297060966491699,20000,0,,0.0,20000,,0.2,none,,,,,,,Fused Posterior Predictive,,"[""sensor_0"", ""sensor_1"", ""sensor_2""]",
"[""sensor_0"", ""sensor_1"", ""sensor_2""]",sensor_0,toy_spatial,42,,66.0,1.3195736408233645,1.3195736408233645,1.3195736408233645,0.80165,0.80165,,,,,4.42449207983017,20000,20000,,,20000,,0.2,model_normalized,row,reference,1.0,0.0,1.0,cyclic,Oracle Split Conformal,,"[""sensor_0"", ""sensor_1"", ""sensor_2""]",not_applicable
"[""sensor_0"", ""sensor_1"", ""sensor_2""]",sensor_0,toy_spatial,42,,66.0,1.8033277892135369,1.8033277892135369,1.8033277892135369,0.79585,0.92715,0.79585,0.79585,,,8.580702436196804,20000,20000,,,20000,,0.2,raw_normalized,row,raw_sensor,1.0,0.0,1.0,cyclic,Adaptive Held-Out Raw Sensor CP,sensor_0,"[""sensor_1"", ""sensor_2""]",posterior
"[""sensor_0"", ""sensor_1"", ""sensor_2""]",sensor_0,toy_spatial,42,,66.0,3.793111025736864,3.793111025736864,3.793111025736864,0.7986,0.9996,0.7986,0.7986,,,14.670939114391803,20000,20000,,,20000,,0.2,raw_normalized,row,raw_sensor,1.0,0.0,1.0,cyclic,Adaptive Held-Out Raw Sensor CP,sensor_1,"[""sensor_0"", ""sensor_2""]",posterior
"[""sensor_0"", ""sensor_1"", ""sensor_2""]",sensor_0,toy_spatial,42,,66.0,5.282092312042998,5.282092312042998,5.282092312042998,0.79305,1.0,0.79305,0.79305,,,19.096158261919022,20000,20000,,,20000,,0.2,raw_normalized,row,raw_sensor,1.0,0.0,1.0,cyclic,Adaptive Held-Out Raw Sensor CP,sensor_2,"[""sensor_0"", ""sensor_1""]",posterior
"[""sensor_0"", ""sensor_1"", ""sensor_2""]",sensor_0,toy_spatial,42,,66.0,1.2815515655446008,,,0.7888,0.7888,,,,,4.2970051765441895,20000,0,,0.0,20000,,0.2,none,,,,,,,Fused Posterior Predictive,,"[""sensor_0"", ""sensor_1"", ""sensor_2""]",
"[""sensor_0"", ""sensor_1"", ""sensor_2""]",sensor_0,toy_spatial,42,,67.0,1.3184980154037476,1.3184980154037476,1.3184980154037476,0.80085,0.80085,,,,,4.420849883651734,20000,20000,,,20000,,0.2,model_normalized,row,reference,1.0,0.0,1.0,cyclic,Oracle Split Conformal,,"[""sensor_0"", ""sensor_1"", ""sensor_2""]",not_applicable
"[""sensor_0"", ""sensor_1"", ""sensor_2""]",sensor_0,toy_spatial,42,,67.0,1.8136332923513665,1.8136332923513665,1.8136332923513665,0.8019,0.9314,0.8019,0.8019,,,8.626467026400567,20000,20000,,,20000,,0.2,raw_normalized,row,raw_sensor,1.0,0.0,1.0,cyclic,Adaptive Held-Out Raw Sensor CP,sensor_0,"[""sensor_1"", ""sensor_2""]",posterior
"[""sensor_0"", ""sensor_1"", ""sensor_2""]",sensor_0,toy_spatial,42,,67.0,3.807227052795904,3.807227052795904,3.807227052795904,0.802,0.9998,0.802,0.802,,,14.727117828559877,20000,20000,,,20000,,0.2,raw_normalized,row,raw_sensor,1.0,0.0,1.0,cyclic,Adaptive Held-Out Raw Sensor CP,sensor_1,"[""sensor_0"", ""sensor_2""]",posterior
"[""sensor_0"", ""sensor_1"", ""sensor_2""]",sensor_0,toy_spatial,42,,67.0,5.320358557354611,5.320358557354611,5.320358557354611,0.79805,1.0,0.79805,0.79805,,,19.235726726531983,20000,20000,,,20000,,0.2,raw_normalized,row,raw_sensor,1.0,0.0,1.0,cyclic,Adaptive Held-Out Raw Sensor CP,sensor_2,"[""sensor_0"", ""sensor_1""]",posterior
"[""sensor_0"", ""sensor_1"", ""sensor_2""]",sensor_0,toy_spatial,42,,67.0,1.2815515655446008,,,0.78675,0.78675,,,,,4.296970367431641,20000,0,,0.0,20000,,0.2,none,,,,,,,Fused Posterior Predictive,,"[""sensor_0"", ""sensor_1"", ""sensor_2""]",
"[""sensor_0"", ""sensor_1"", ""sensor_2""]",sensor_0,toy_spatial,42,,68.0,1.315664529800415,1.315664529800415,1.315664529800415,0.79815,0.79815,,,,,4.409977905917168,20000,20000,,,20000,,0.2,model_normalized,row,reference,1.0,0.0,1.0,cyclic,Oracle Split Conformal,,"[""sensor_0"", ""sensor_1"", ""sensor_2""]",not_applicable
"[""sensor_0"", ""sensor_1"", ""sensor_2""]",sensor_0,toy_spatial,42,,68.0,1.8047876684532236,1.8047876684532236,1.8047876684532236,0.79665,0.92695,0.79665,0.79665,,,8.585578780198098,20000,20000,,,20000,,0.2,raw_normalized,row,raw_sensor,1.0,0.0,1.0,cyclic,Adaptive Held-Out Raw Sensor CP,sensor_0,"[""sensor_1"", ""sensor_2""]",posterior
"[""sensor_0"", ""sensor_1"", ""sensor_2""]",sensor_0,toy_spatial,42,,68.0,3.795924593905224,3.795924593905224,3.795924593905224,0.7992,0.99945,0.7992,0.7992,,,14.676144195854665,20000,20000,,,20000,,0.2,raw_normalized,row,raw_sensor,1.0,0.0,1.0,cyclic,Adaptive Held-Out Raw Sensor CP,sensor_1,"[""sensor_0"", ""sensor_2""]",posterior
"[""sensor_0"", ""sensor_1"", ""sensor_2""]",sensor_0,toy_spatial,42,,68.0,5.301530712012569,5.301530712012569,5.301530712012569,0.79525,1.0,0.79525,0.79525,,,19.159560096240043,20000,20000,,,20000,,0.2,raw_normalized,row,raw_sensor,1.0,0.0,1.0,cyclic,Adaptive Held-Out Raw Sensor CP,sensor_2,"[""sensor_0"", ""sensor_1""]",posterior
"[""sensor_0"", ""sensor_1"", ""sensor_2""]",sensor_0,toy_spatial,42,,68.0,1.2815515655446008,,,0.7859,0.7859,,,,,4.295634746551514,20000,0,,0.0,20000,,0.2,none,,,,,,,Fused Posterior Predictive,,"[""sensor_0"", ""sensor_1"", ""sensor_2""]",
"[""sensor_0"", ""sensor_1"", ""sensor_2""]",sensor_0,toy_spatial,42,,69.0,1.3169716596603394,1.3169716596603394,1.3169716596603394,0.7994,0.7994,,,,,4.415011921215058,20000,20000,,,20000,,0.2,model_normalized,row,reference,1.0,0.0,1.0,cyclic,Oracle Split Conformal,,"[""sensor_0"", ""sensor_1"", ""sensor_2""]",not_applicable
"[""sensor_0"", ""sensor_1"", ""sensor_2""]",sensor_0,toy_spatial,42,,69.0,1.8260390753323412,1.8260390753323412,1.8260390753323412,0.8081,0.93085,0.8081,0.8081,,,8.686114721047879,20000,20000,,,20000,,0.2,raw_normalized,row,raw_sensor,1.0,0.0,1.0,cyclic,Adaptive Held-Out Raw Sensor CP,sensor_0,"[""sensor_1"", ""sensor_2""]",posterior
"[""sensor_0"", ""sensor_1"", ""sensor_2""]",sensor_0,toy_spatial,42,,69.0,3.803647759298277,3.803647759298277,3.803647759298277,0.8012,0.9995,0.8012,0.8012,,,14.709686254322529,20000,20000,,,20000,,0.2,raw_normalized,row,raw_sensor,1.0,0.0,1.0,cyclic,Adaptive Held-Out Raw Sensor CP,sensor_1,"[""sensor_0"", ""sensor_2""]",posterior
"[""sensor_0"", ""sensor_1"", ""sensor_2""]",sensor_0,toy_spatial,42,,69.0,5.353075133011588,5.353075133011588,5.353075133011588,0.8026,1.0,0.8026,0.8026,,,19.35014626383781,20000,20000,,,20000,,0.2,raw_normalized,row,raw_sensor,1.0,0.0,1.0,cyclic,Adaptive Held-Out Raw Sensor CP,sensor_2,"[""sensor_0"", ""sensor_1""]",posterior
"[""sensor_0"", ""sensor_1"", ""sensor_2""]",sensor_0,toy_spatial,42,,69.0,1.2815515655446008,,,0.78625,0.78625,,,,,4.296269416809082,20000,0,,0.0,20000,,0.2,none,,,,,,,Fused Posterior Predictive,,"[""sensor_0"", ""sensor_1"", ""sensor_2""]",
"[""sensor_0"", ""sensor_1"", ""sensor_2""]",sensor_0,toy_spatial,42,,70.0,1.3216184377670288,1.3216184377670288,1.3216184377670288,0.803,0.803,,,,,4.43160329990387,20000,20000,,,20000,,0.2,model_normalized,row,reference,1.0,0.0,1.0,cyclic,Oracle Split Conformal,,"[""sensor_0"", ""sensor_1"", ""sensor_2""]",not_applicable
"[""sensor_0"", ""sensor_1"", ""sensor_2""]",sensor_0,toy_spatial,42,,70.0,1.813618088807403,1.813618088807403,1.813618088807403,0.80185,0.9263,0.80185,0.80185,,,8.629862152457237,20000,20000,,,20000,,0.2,raw_normalized,row,raw_sensor,1.0,0.0,1.0,cyclic,Adaptive Held-Out Raw Sensor CP,sensor_0,"[""sensor_1"", ""sensor_2""]",posterior
"[""sensor_0"", ""sensor_1"", ""sensor_2""]",sensor_0,toy_spatial,42,,70.0,3.774684963043742,3.774684963043742,3.774684963043742,0.79405,0.99975,0.79405,0.79405,,,14.600397449791432,20000,20000,,,20000,,0.2,raw_normalized,row,raw_sensor,1.0,0.0,1.0,cyclic,Adaptive Held-Out Raw Sensor CP,sensor_1,"[""sensor_0"", ""sensor_2""]",posterior
"[""sensor_0"", ""sensor_1"", ""sensor_2""]",sensor_0,toy_spatial,42,,70.0,5.339233644629906,5.339233644629906,5.339233644629906,0.80085,1.0,0.80085,0.80085,,,19.303988056516648,20000,20000,,,20000,,0.2,raw_normalized,row,raw_sensor,1.0,0.0,1.0,cyclic,Adaptive Held-Out Raw Sensor CP,sensor_2,"[""sensor_0"", ""sensor_1""]",posterior
"[""sensor_0"", ""sensor_1"", ""sensor_2""]",sensor_0,toy_spatial,42,,70.0,1.2815515655446008,,,0.78855,0.78855,,,,,4.297252655029297,20000,0,,0.0,20000,,0.2,none,,,,,,,Fused Posterior Predictive,,"[""sensor_0"", ""sensor_1"", ""sensor_2""]",
"[""sensor_0"", ""sensor_1"", ""sensor_2""]",sensor_0,toy_spatial,42,,71.0,1.3061659336090088,1.3061659336090088,1.3061659336090088,0.7921,0.7921,,,,,4.379168506407738,20000,20000,,,20000,,0.2,model_normalized,row,reference,1.0,0.0,1.0,cyclic,Oracle Split Conformal,,"[""sensor_0"", ""sensor_1"", ""sensor_2""]",not_applicable
"[""sensor_0"", ""sensor_1"", ""sensor_2""]",sensor_0,toy_spatial,42,,71.0,1.8171000926425915,1.8171000926425915,1.8171000926425915,0.8036,0.9309,0.8036,0.8036,,,8.646771100854874,20000,20000,,,20000,,0.2,raw_normalized,row,raw_sensor,1.0,0.0,1.0,cyclic,Adaptive Held-Out Raw Sensor CP,sensor_0,"[""sensor_1"", ""sensor_2""]",posterior
"[""sensor_0"", ""sensor_1"", ""sensor_2""]",sensor_0,toy_spatial,42,,71.0,3.797600284207604,3.797600284207604,3.797600284207604,0.7996,0.99945,0.7996,0.7996,,,14.686481705915927,20000,20000,,,20000,,0.2,raw_normalized,row,raw_sensor,1.0,0.0,1.0,cyclic,Adaptive Held-Out Raw Sensor CP,sensor_1,"[""sensor_0"", ""sensor_2""]",posterior
"[""sensor_0"", ""sensor_1"", ""sensor_2""]",sensor_0,toy_spatial,42,,71.0,5.313864856356358,5.313864856356358,5.313864856356358,0.79685,1.0,0.79685,0.79685,,,19.20845788319111,20000,20000,,,20000,,0.2,raw_normalized,row,raw_sensor,1.0,0.0,1.0,cyclic,Adaptive Held-Out Raw Sensor CP,sensor_2,"[""sensor_0"", ""sensor_1""]",posterior
"[""sensor_0"", ""sensor_1"", ""sensor_2""]",sensor_0,toy_spatial,42,,71.0,1.2815515655446008,,,0.78405,0.78405,,,,,4.29664421081543,20000,0,,0.0,20000,,0.2,none,,,,,,,Fused Posterior Predictive,,"[""sensor_0"", ""sensor_1"", ""sensor_2""]",
"[""sensor_0"", ""sensor_1"", ""sensor_2""]",sensor_0,toy_spatial,42,,72.0,1.314685940742493,1.314685940742493,1.314685940742493,0.79745,0.79745,,,,,4.408042839670181,20000,20000,,,20000,,0.2,model_normalized,row,reference,1.0,0.0,1.0,cyclic,Oracle Split Conformal,,"[""sensor_0"", ""sensor_1"", ""sensor_2""]",not_applicable
"[""sensor_0"", ""sensor_1"", ""sensor_2""]",sensor_0,toy_spatial,42,,72.0,1.806444466065624,1.806444466065624,1.806444466065624,0.7976,0.92855,0.7976,0.7976,,,8.592821787321567,20000,20000,,,20000,,0.2,raw_normalized,row,raw_sensor,1.0,0.0,1.0,cyclic,Adaptive Held-Out Raw Sensor CP,sensor_0,"[""sensor_1"", ""sensor_2""]",posterior
"[""sensor_0"", ""sensor_1"", ""sensor_2""]",sensor_0,toy_spatial,42,,72.0,3.803811581827069,3.803811581827069,3.803811581827069,0.80125,0.99945,0.80125,0.80125,,,14.713561897456646,20000,20000,,,20000,,0.2,raw_normalized,row,raw_sensor,1.0,0.0,1.0,cyclic,Adaptive Held-Out Raw Sensor CP,sensor_1,"[""sensor_0"", ""sensor_2""]",posterior
"[""sensor_0"", ""sensor_1"", ""sensor_2""]",sensor_0,toy_spatial,42,,72.0,5.279223729874764,5.279223729874764,5.279223729874764,0.7927,1.0,0.7927,0.7927,,,19.08675534696579,20000,20000,,,20000,,0.2,raw_normalized,row,raw_sensor,1.0,0.0,1.0,cyclic,Adaptive Held-Out Raw Sensor CP,sensor_2,"[""sensor_0"", ""sensor_1""]",posterior
"[""sensor_0"", ""sensor_1"", ""sensor_2""]",sensor_0,toy_spatial,42,,72.0,1.2815515655446008,,,0.78555,0.78555,,,,,4.296946048736572,20000,0,,0.0,20000,,0.2,none,,,,,,,Fused Posterior Predictive,,"[""sensor_0"", ""sensor_1"", ""sensor_2""]",
"[""sensor_0"", ""sensor_1"", ""sensor_2""]",sensor_0,toy_spatial,42,,73.0,1.3203721046447754,1.3203721046447754,1.3203721046447754,0.8024,0.8024,,,,,4.426964043259621,20000,20000,,,20000,,0.2,model_normalized,row,reference,1.0,0.0,1.0,cyclic,Oracle Split Conformal,,"[""sensor_0"", ""sensor_1"", ""sensor_2""]",not_applicable
"[""sensor_0"", ""sensor_1"", ""sensor_2""]",sensor_0,toy_spatial,42,,73.0,1.8079589409269672,1.8079589409269672,1.8079589409269672,0.79825,0.9287,0.79825,0.79825,,,8.599269898140431,20000,20000,,,20000,,0.2,raw_normalized,row,raw_sensor,1.0,0.0,1.0,cyclic,Adaptive Held-Out Raw Sensor CP,sensor_0,"[""sensor_1"", ""sensor_2""]",posterior
"[""sensor_0"", ""sensor_1"", ""sensor_2""]",sensor_0,toy_spatial,42,,73.0,3.797214454828525,3.797214454828525,3.797214454828525,0.7995,0.9993,0.7995,0.7995,,,14.68783709397316,20000,20000,,,20000,,0.2,raw_normalized,row,raw_sensor,1.0,0.0,1.0,cyclic,Adaptive Held-Out Raw Sensor CP,sensor_1,"[""sensor_0"", ""sensor_2""]",posterior
"[""sensor_0"", ""sensor_1"", ""sensor_2""]",sensor_0,toy_spatial,42,,73.0,5.353803968652106,5.353803968652106,5.353803968652106,0.8028,1.0,0.8028,0.8028,,,19.35601834001541,20000,20000,,,20000,,0.2,raw_normalized,row,raw_sensor,1.0,0.0,1.0,cyclic,Adaptive Held-Out Raw Sensor CP,sensor_2,"[""sensor_0"", ""sensor_1""]",posterior
"[""sensor_0"", ""sensor_1"", ""sensor_2""]",sensor_0,toy_spatial,42,,73.0,1.2815515655446008,,,0.7876,0.7876,,,,,4.296806335449219,20000,0,,0.0,20000,,0.2,none,,,,,,,Fused Posterior Predictive,,"[""sensor_0"", ""sensor_1"", ""sensor_2""]",
"[""sensor_0"", ""sensor_1"", ""sensor_2""]",sensor_0,toy_spatial,42,,74.0,1.3144469261169434,1.3144469261169434,1.3144469261169434,0.79735,0.79735,,,,,4.406267570757866,20000,20000,,,20000,,0.2,model_normalized,row,reference,1.0,0.0,1.0,cyclic,Oracle Split Conformal,,"[""sensor_0"", ""sensor_1"", ""sensor_2""]",not_applicable
"[""sensor_0"", ""sensor_1"", ""sensor_2""]",sensor_0,toy_spatial,42,,74.0,1.8094916519956683,1.8094916519956683,1.8094916519956683,0.79945,0.9285,0.79945,0.79945,,,8.605991765892506,20000,20000,,,20000,,0.2,raw_normalized,row,raw_sensor,1.0,0.0,1.0,cyclic,Adaptive Held-Out Raw Sensor CP,sensor_0,"[""sensor_1"", ""sensor_2""]",posterior
"[""sensor_0"", ""sensor_1"", ""sensor_2""]",sensor_0,toy_spatial,42,,74.0,3.818636807947671,3.818636807947671,3.818636807947671,0.8051,0.9995,0.8051,0.8051,,,14.767688231492045,20000,20000,,,20000,,0.2,raw_normalized,row,raw_sensor,1.0,0.0,1.0,cyclic,Adaptive Held-Out Raw Sensor CP,sensor_1,"[""sensor_0"", ""sensor_2""]",posterior
"[""sensor_0"", ""sensor_1"", ""sensor_2""]",sensor_0,toy_spatial,42,,74.0,5.362265672725972,5.362265672725972,5.362265672725972,0.80365,1.0,0.80365,0.80365,,,19.38251325445175,20000,20000,,,20000,,0.2,raw_normalized,row,raw_sensor,1.0,0.0,1.0,cyclic,Adaptive Held-Out Raw Sensor CP,sensor_2,"[""sensor_0"", ""sensor_1""]",posterior
"[""sensor_0"", ""sensor_1"", ""sensor_2""]",sensor_0,toy_spatial,42,,74.0,1.2815515655446008,,,0.7863,0.7863,,,,,4.29599666595459,20000,0,,0.0,20000,,0.2,none,,,,,,,Fused Posterior Predictive,,"[""sensor_0"", ""sensor_1"", ""sensor_2""]",
"[""sensor_0"", ""sensor_1"", ""sensor_2""]",sensor_0,toy_spatial,42,,75.0,1.325553297996521,1.325553297996521,1.325553297996521,0.80555,0.80555,,,,,4.444356774830818,20000,20000,,,20000,,0.2,model_normalized,row,reference,1.0,0.0,1.0,cyclic,Oracle Split Conformal,,"[""sensor_0"", ""sensor_1"", ""sensor_2""]",not_applicable
"[""sensor_0"", ""sensor_1"", ""sensor_2""]",sensor_0,toy_spatial,42,,75.0,1.805307152475772,1.805307152475772,1.805307152475772,0.7969,0.9266,0.7969,0.7969,,,8.587550067842006,20000,20000,,,20000,,0.2,raw_normalized,row,raw_sensor,1.0,0.0,1.0,cyclic,Adaptive Held-Out Raw Sensor CP,sensor_0,"[""sensor_1"", ""sensor_2""]",posterior
"[""sensor_0"", ""sensor_1"", ""sensor_2""]",sensor_0,toy_spatial,42,,75.0,3.8177529179742176,3.8177529179742176,3.8177529179742176,0.8048,0.99945,0.8048,0.8048,,,14.76657969856262,20000,20000,,,20000,,0.2,raw_normalized,row,raw_sensor,1.0,0.0,1.0,cyclic,Adaptive Held-Out Raw Sensor CP,sensor_1,"[""sensor_0"", ""sensor_2""]",posterior
"[""sensor_0"", ""sensor_1"", ""sensor_2""]",sensor_0,toy_spatial,42,,75.0,5.290824991187245,5.290824991187245,5.290824991187245,0.7938,1.0,0.7938,0.7938,,,19.12785922021866,20000,20000,,,20000,,0.2,raw_normalized,row,raw_sensor,1.0,0.0,1.0,cyclic,Adaptive Held-Out Raw Sensor CP,sensor_2,"[""sensor_0"", ""sensor_1""]",posterior
"[""sensor_0"", ""sensor_1"", ""sensor_2""]",sensor_0,toy_spatial,42,,75.0,1.2815515655446008,,,0.78945,0.78945,,,,,4.296826362609863,20000,0,,0.0,20000,,0.2,none,,,,,,,Fused Posterior Predictive,,"[""sensor_0"", ""sensor_1"", ""sensor_2""]",
"[""sensor_0"", ""sensor_1"", ""sensor_2""]",sensor_0,toy_spatial,42,,76.0,1.3122074604034424,1.3122074604034424,1.3122074604034424,0.79615,0.79615,,,,,4.399917540669441,20000,20000,,,20000,,0.2,model_normalized,row,reference,1.0,0.0,1.0,cyclic,Oracle Split Conformal,,"[""sensor_0"", ""sensor_1"", ""sensor_2""]",not_applicable
"[""sensor_0"", ""sensor_1"", ""sensor_2""]",sensor_0,toy_spatial,42,,76.0,1.8093614336860488,1.8093614336860488,1.8093614336860488,0.79935,0.9278,0.79935,0.79935,,,8.608451766467095,20000,20000,,,20000,,0.2,raw_normalized,row,raw_sensor,1.0,0.0,1.0,cyclic,Adaptive Held-Out Raw Sensor CP,sensor_0,"[""sensor_1"", ""sensor_2""]",posterior
"[""sensor_0"", ""sensor_1"", ""sensor_2""]",sensor_0,toy_spatial,42,,76.0,3.7961533630644015,3.7961533630644015,3.7961533630644015,0.7993,0.99945,0.7993,0.7993,,,14.683833500039578,20000,20000,,,20000,,0.2,raw_normalized,row,raw_sensor,1.0,0.0,1.0,cyclic,Adaptive Held-Out Raw Sensor CP,sensor_1,"[""sensor_0"", ""sensor_2""]",posterior
"[""sensor_0"", ""sensor_1"", ""sensor_2""]",sensor_0,toy_spatial,42,,76.0,5.317650390254133,5.317650390254133,5.317650390254133,0.7974,1.0,0.7974,0.7974,,,19.22541577556133,20000,20000,,,20000,,0.2,raw_normalized,row,raw_sensor,1.0,0.0,1.0,cyclic,Adaptive Held-Out Raw Sensor CP,sensor_2,"[""sensor_0"", ""sensor_1""]",posterior
"[""sensor_0"", ""sensor_1"", ""sensor_2""]",sensor_0,toy_spatial,42,,76.0,1.2815515655446008,,,0.7853,0.7853,,,,,4.297126770019531,20000,0,,0.0,20000,,0.2,none,,,,,,,Fused Posterior Predictive,,"[""sensor_0"", ""sensor_1"", ""sensor_2""]",
"[""sensor_0"", ""sensor_1"", ""sensor_2""]",sensor_0,toy_spatial,42,,77.0,1.310335397720337,1.310335397720337,1.310335397720337,0.7951,0.7951,,,,,4.392876144909859,20000,20000,,,20000,,0.2,model_normalized,row,reference,1.0,0.0,1.0,cyclic,Oracle Split Conformal,,"[""sensor_0"", ""sensor_1"", ""sensor_2""]",not_applicable
"[""sensor_0"", ""sensor_1"", ""sensor_2""]",sensor_0,toy_spatial,42,,77.0,1.8084149450362008,1.8084149450362008,1.8084149450362008,0.79855,0.928,0.79855,0.79855,,,8.603754790449143,20000,20000,,,20000,,0.2,raw_normalized,row,raw_sensor,1.0,0.0,1.0,cyclic,Adaptive Held-Out Raw Sensor CP,sensor_0,"[""sensor_1"", ""sensor_2""]",posterior
"[""sensor_0"", ""sensor_1"", ""sensor_2""]",sensor_0,toy_spatial,42,,77.0,3.803101225045813,3.803101225045813,3.803101225045813,0.80105,0.99955,0.80105,0.80105,,,14.707066802179812,20000,20000,,,20000,,0.2,raw_normalized,row,raw_sensor,1.0,0.0,1.0,cyclic,Adaptive Held-Out Raw Sensor CP,sensor_1,"[""sensor_0"", ""sensor_2""]",posterior
"[""sensor_0"", ""sensor_1"", ""sensor_2""]",sensor_0,toy_spatial,42,,77.0,5.320824489068675,5.320824489068675,5.320824489068675,0.7982,1.0,0.7982,0.7982,,,19.233043152451515,20000,20000,,,20000,,0.2,raw_normalized,row,raw_sensor,1.0,0.0,1.0,cyclic,Adaptive Held-Out Raw Sensor CP,sensor_2,"[""sensor_0"", ""sensor_1""]",posterior
"[""sensor_0"", ""sensor_1"", ""sensor_2""]",sensor_0,toy_spatial,42,,77.0,1.2815515655446008,,,0.7841,0.7841,,,,,4.296379089355469,20000,0,,0.0,20000,,0.2,none,,,,,,,Fused Posterior Predictive,,"[""sensor_0"", ""sensor_1"", ""sensor_2""]",
"[""sensor_0"", ""sensor_1"", ""sensor_2""]",sensor_0,toy_spatial,42,,78.0,1.316790223121643,1.316790223121643,1.316790223121643,0.7992,0.7992,,,,,4.414891299891472,20000,20000,,,20000,,0.2,model_normalized,row,reference,1.0,0.0,1.0,cyclic,Oracle Split Conformal,,"[""sensor_0"", ""sensor_1"", ""sensor_2""]",not_applicable
"[""sensor_0"", ""sensor_1"", ""sensor_2""]",sensor_0,toy_spatial,42,,78.0,1.804432490717228,1.804432490717228,1.804432490717228,0.7965,0.9292,0.7965,0.7965,,,8.58311086050272,20000,20000,,,20000,,0.2,raw_normalized,row,raw_sensor,1.0,0.0,1.0,cyclic,Adaptive Held-Out Raw Sensor CP,sensor_0,"[""sensor_1"", ""sensor_2""]",posterior
"[""sensor_0"", ""sensor_1"", ""sensor_2""]",sensor_0,toy_spatial,42,,78.0,3.806910989029678,3.806910989029678,3.806910989029678,0.8019,0.99965,0.8019,0.8019,,,14.72470895780325,20000,20000,,,20000,,0.2,raw_normalized,row,raw_sensor,1.0,0.0,1.0,cyclic,Adaptive Held-Out Raw Sensor CP,sensor_1,"[""sensor_0"", ""sensor_2""]",posterior
"[""sensor_0"", ""sensor_1"", ""sensor_2""]",sensor_0,toy_spatial,42,,78.0,5.364510362462639,5.364510362462639,5.364510362462639,0.8041,1.0,0.8041,0.8041,,,19.393745839691164,20000,20000,,,20000,,0.2,raw_normalized,row,raw_sensor,1.0,0.0,1.0,cyclic,Adaptive Held-Out Raw Sensor CP,sensor_2,"[""sensor_0"", ""sensor_1""]",posterior
"[""sensor_0"", ""sensor_1"", ""sensor_2""]",sensor_0,toy_spatial,42,,78.0,1.2815515655446008,,,0.7867,0.7867,,,,,4.296744346618652,20000,0,,0.0,20000,,0.2,none,,,,,,,Fused Posterior Predictive,,"[""sensor_0"", ""sensor_1"", ""sensor_2""]",
"[""sensor_0"", ""sensor_1"", ""sensor_2""]",sensor_0,toy_spatial,42,,79.0,1.3104827404022217,1.3104827404022217,1.3104827404022217,0.79525,0.79525,,,,,4.39371876642704,20000,20000,,,20000,,0.2,model_normalized,row,reference,1.0,0.0,1.0,cyclic,Oracle Split Conformal,,"[""sensor_0"", ""sensor_1"", ""sensor_2""]",not_applicable
"[""sensor_0"", ""sensor_1"", ""sensor_2""]",sensor_0,toy_spatial,42,,79.0,1.7998970877926372,1.7998970877926372,1.7998970877926372,0.7945,0.9235,0.7945,0.7945,,,8.562178139710426,20000,20000,,,20000,,0.2,raw_normalized,row,raw_sensor,1.0,0.0,1.0,cyclic,Adaptive Held-Out Raw Sensor CP,sensor_0,"[""sensor_1"", ""sensor_2""]",posterior
"[""sensor_0"", ""sensor_1"", ""sensor_2""]",sensor_0,toy_spatial,42,,79.0,3.819913413047912,3.819913413047912,3.819913413047912,0.80545,0.99965,0.80545,0.80545,,,14.774835736632348,20000,20000,,,20000,,0.2,raw_normalized,row,raw_sensor,1.0,0.0,1.0,cyclic,Adaptive Held-Out Raw Sensor CP,sensor_1,"[""sensor_0"", ""sensor_2""]",posterior
"[""sensor_0"", ""sensor_1"", ""sensor_2""]",sensor_0,toy_spatial,42,,79.0,5.330554637051516,5.330554637051516,5.330554637051516,0.7995,1.0,0.7995,0.7995,,,19.27062039165497,20000,20000,,,20000,,0.2,raw_normalized,row,raw_sensor,1.0,0.0,1.0,cyclic,Adaptive Held-Out Raw Sensor CP,sensor_2,"[""sensor_0"", ""sensor_1""]",posterior
"[""sensor_0"", ""sensor_1"", ""sensor_2""]",sensor_0,toy_spatial,42,,79.0,1.2815515655446008,,,0.78475,0.78475,,,,,4.296720027923584,20000,0,,0.0,20000,,0.2,none,,,,,,,Fused Posterior Predictive,,"[""sensor_0"", ""sensor_1"", ""sensor_2""]",
"[""sensor_0"", ""sensor_1"", ""sensor_2""]",sensor_0,toy_spatial,42,,80.0,1.318448543548584,1.318448543548584,1.318448543548584,0.8008,0.8008,,,,,4.421047327113151,20000,20000,,,20000,,0.2,model_normalized,row,reference,1.0,0.0,1.0,cyclic,Oracle Split Conformal,,"[""sensor_0"", ""sensor_1"", ""sensor_2""]",not_applicable
"[""sensor_0"", ""sensor_1"", ""sensor_2""]",sensor_0,toy_spatial,42,,80.0,1.809173728959892,1.809173728959892,1.809173728959892,0.7992,0.9287,0.7992,0.7992,,,8.610672374379634,20000,20000,,,20000,,0.2,raw_normalized,row,raw_sensor,1.0,0.0,1.0,cyclic,Adaptive Held-Out Raw Sensor CP,sensor_0,"[""sensor_1"", ""sensor_2""]",posterior
"[""sensor_0"", ""sensor_1"", ""sensor_2""]",sensor_0,toy_spatial,42,,80.0,3.8158117233543742,3.8158117233543742,3.8158117233543742,0.80425,0.99955,0.80425,0.80425,,,14.758691762197016,20000,20000,,,20000,,0.2,raw_normalized,row,raw_sensor,1.0,0.0,1.0,cyclic,Adaptive Held-Out Raw Sensor CP,sensor_1,"[""sensor_0"", ""sensor_2""]",posterior
"[""sensor_0"", ""sensor_1"", ""sensor_2""]",sensor_0,toy_spatial,42,,80.0,5.308486135189413,5.308486135189413,5.308486135189413,0.79615,1.0,0.79615,0.79615,,,19.19240764865875,20000,20000,,,20000,,0.2,raw_normalized,row,raw_sensor,1.0,0.0,1.0,cyclic,Adaptive Held-Out Raw Sensor CP,sensor_2,"[""sensor_0"", ""sensor_1""]",posterior
"[""sensor_0"", ""sensor_1"", ""sensor_2""]",sensor_0,toy_spatial,42,,80.0,1.2815515655446008,,,0.78635,0.78635,,,,,4.297323703765869,20000,0,,0.0,20000,,0.2,none,,,,,,,Fused Posterior Predictive,,"[""sensor_0"", ""sensor_1"", ""sensor_2""]",
"[""sensor_0"", ""sensor_1"", ""sensor_2""]",sensor_0,toy_spatial,42,,81.0,1.3188354969024658,1.3188354969024658,1.3188354969024658,0.80115,0.80115,,,,,4.421665518808365,20000,20000,,,20000,,0.2,model_normalized,row,reference,1.0,0.0,1.0,cyclic,Oracle Split Conformal,,"[""sensor_0"", ""sensor_1"", ""sensor_2""]",not_applicable
"[""sensor_0"", ""sensor_1"", ""sensor_2""]",sensor_0,toy_spatial,42,,81.0,1.8102812820402303,1.8102812820402303,1.8102812820402303,0.7999,0.9291,0.7999,0.7999,,,8.61192972226143,20000,20000,,,20000,,0.2,raw_normalized,row,raw_sensor,1.0,0.0,1.0,cyclic,Adaptive Held-Out Raw Sensor CP,sensor_0,"[""sensor_1"", ""sensor_2""]",posterior
"[""sensor_0"", ""sensor_1"", ""sensor_2""]",sensor_0,toy_spatial,42,,81.0,3.809101411350849,3.809101411350849,3.809101411350849,0.80265,0.9997,0.80265,0.80265,,,14.731726452994346,20000,20000,,,20000,,0.2,raw_normalized,row,raw_sensor,1.0,0.0,1.0,cyclic,Adaptive Held-Out Raw Sensor CP,sensor_1,"[""sensor_0"", ""sensor_2""]",posterior
"[""sensor_0"", ""sensor_1"", ""sensor_2""]",sensor_0,toy_spatial,42,,81.0,5.318997701769104,5.318997701769104,5.318997701769104,0.79775,1.0,0.79775,0.79775,,,19.22860135409832,20000,20000,,,20000,,0.2,raw_normalized,row,raw_sensor,1.0,0.0,1.0,cyclic,Adaptive Held-Out Raw Sensor CP,sensor_2,"[""sensor_0"", ""sensor_1""]",posterior
"[""sensor_0"", ""sensor_1"", ""sensor_2""]",sensor_0,toy_spatial,42,,81.0,1.2815515655446008,,,0.78695,0.78695,,,,,4.296663761138916,20000,0,,0.0,20000,,0.2,none,,,,,,,Fused Posterior Predictive,,"[""sensor_0"", ""sensor_1"", ""sensor_2""]",
"[""sensor_0"", ""sensor_1"", ""sensor_2""]",sensor_0,toy_spatial,42,,82.0,1.3203721046447754,1.3203721046447754,1.3203721046447754,0.8024,0.8024,,,,,4.426684784626961,20000,20000,,,20000,,0.2,model_normalized,row,reference,1.0,0.0,1.0,cyclic,Oracle Split Conformal,,"[""sensor_0"", ""sensor_1"", ""sensor_2""]",not_applicable
"[""sensor_0"", ""sensor_1"", ""sensor_2""]",sensor_0,toy_spatial,42,,82.0,1.8083344833175952,1.8083344833175952,1.8083344833175952,0.7985,0.92925,0.7985,0.7985,,,8.601220910394192,20000,20000,,,20000,,0.2,raw_normalized,row,raw_sensor,1.0,0.0,1.0,cyclic,Adaptive Held-Out Raw Sensor CP,sensor_0,"[""sensor_1"", ""sensor_2""]",posterior
"[""sensor_0"", ""sensor_1"", ""sensor_2""]",sensor_0,toy_spatial,42,,82.0,3.7741994568001767,3.7741994568001767,3.7741994568001767,0.7939,0.99955,0.7939,0.7939,,,14.597308202755451,20000,20000,,,20000,,0.2,raw_normalized,row,raw_sensor,1.0,0.0,1.0,cyclic,Adaptive Held-Out Raw Sensor CP,sensor_1,"[""sensor_0"", ""sensor_2""]",posterior
"[""sensor_0"", ""sensor_1"", ""sensor_2""]",sensor_0,toy_spatial,42,,82.0,5.382997717656536,5.382997717656536,5.382997717656536,0.8064,1.0,0.8064,0.8064,,,19.460089975309373,20000,20000,,,20000,,0.2,raw_normalized,row,raw_sensor,1.0,0.0,1.0,cyclic,Adaptive Held-Out Raw Sensor CP,sensor_2,"[""sensor_0"", ""sensor_1""]",posterior
"[""sensor_0"", ""sensor_1"", ""sensor_2""]",sensor_0,toy_spatial,42,,82.0,1.2815515655446008,,,0.78765,0.78765,,,,,4.296535015106201,20000,0,,0.0,20000,,0.2,none,,,,,,,Fused Posterior Predictive,,"[""sensor_0"", ""sensor_1"", ""sensor_2""]",
"[""sensor_0"", ""sensor_1"", ""sensor_2""]",sensor_0,toy_spatial,42,,83.0,1.3179723024368286,1.3179723024368286,1.3179723024368286,0.8003,0.8003,,,,,4.419494945192337,20000,20000,,,20000,,0.2,model_normalized,row,reference,1.0,0.0,1.0,cyclic,Oracle Split Conformal,,"[""sensor_0"", ""sensor_1"", ""sensor_2""]",not_applicable
"[""sensor_0"", ""sensor_1"", ""sensor_2""]",sensor_0,toy_spatial,42,,83.0,1.809629135269027,1.809629135269027,1.809629135269027,0.79965,0.9279,0.79965,0.79965,,,8.608993301045894,20000,20000,,,20000,,0.2,raw_normalized,row,raw_sensor,1.0,0.0,1.0,cyclic,Adaptive Held-Out Raw Sensor CP,sensor_0,"[""sensor_1"", ""sensor_2""]",posterior
"[""sensor_0"", ""sensor_1"", ""sensor_2""]",sensor_0,toy_spatial,42,,83.0,3.81836508280373,3.81836508280373,3.81836508280373,0.805,0.9995,0.805,0.805,,,14.771053868734835,20000,20000,,,20000,,0.2,raw_normalized,row,raw_sensor,1.0,0.0,1.0,cyclic,Adaptive Held-Out Raw Sensor CP,sensor_1,"[""sensor_0"", ""sensor_2""]",posterior
"[""sensor_0"", ""sensor_1"", ""sensor_2""]",sensor_0,toy_spatial,42,,83.0,5.334979264311169,5.334979264311169,5.334979264311169,0.8002,1.0,0.8002,0.8002,,,19.28965317094326,20000,20000,,,20000,,0.2,raw_normalized,row,raw_sensor,1.0,0.0,1.0,cyclic,Adaptive Held-Out Raw Sensor CP,sensor_2,"[""sensor_0"", ""sensor_1""]",posterior
"[""sensor_0"", ""sensor_1"", ""sensor_2""]",sensor_0,toy_spatial,42,,83.0,1.2815515655446008,,,0.7878,0.7878,,,,,4.297367095947266,20000,0,,0.0,20000,,0.2,none,,,,,,,Fused Posterior Predictive,,"[""sensor_0"", ""sensor_1"", ""sensor_2""]",
"[""sensor_0"", ""sensor_1"", ""sensor_2""]",sensor_0,toy_spatial,42,,84.0,1.3240574598312378,1.3240574598312378,1.3240574598312378,0.8046,0.8046,,,,,4.438823652529717,20000,20000,,,20000,,0.2,model_normalized,row,reference,1.0,0.0,1.0,cyclic,Oracle Split Conformal,,"[""sensor_0"", ""sensor_1"", ""sensor_2""]",not_applicable
"[""sensor_0"", ""sensor_1"", ""sensor_2""]",sensor_0,toy_spatial,42,,84.0,1.7993890231072107,1.7993890231072107,1.7993890231072107,0.7942,0.92755,0.7942,0.7942,,,8.557720733320712,20000,20000,,,20000,,0.2,raw_normalized,row,raw_sensor,1.0,0.0,1.0,cyclic,Adaptive Held-Out Raw Sensor CP,sensor_0,"[""sensor_1"", ""sensor_2""]",posterior
"[""sensor_0"", ""sensor_1"", ""sensor_2""]",sensor_0,toy_spatial,42,,84.0,3.772629963797156,3.772629963797156,3.772629963797156,0.7936,0.9994,0.7936,0.7936,,,14.590857429099083,20000,20000,,,20000,,0.2,raw_normalized,row,raw_sensor,1.0,0.0,1.0,cyclic,Adaptive Held-Out Raw Sensor CP,sensor_1,"[""sensor_0"", ""sensor_2""]",posterior
"[""sensor_0"", ""sensor_1"", ""sensor_2""]",sensor_0,toy_spatial,42,,84.0,5.358769812459429,5.358769812459429,5.358769812459429,0.8032,1.0,0.8032,0.8032,,,19.37143610777855,20000,20000,,,20000,,0.2,raw_normalized,row,raw_sensor,1.0,0.0,1.0,cyclic,Adaptive Held-Out Raw Sensor CP,sensor_2,"[""sensor_0"", ""sensor_1""]",posterior
"[""sensor_0"", ""sensor_1"", ""sensor_2""]",sensor_0,toy_spatial,42,,84.0,1.2815515655446008,,,0.78915,0.78915,,,,,4.296325206756592,20000,0,,0.0,20000,,0.2,none,,,,,,,Fused Posterior Predictive,,"[""sensor_0"", ""sensor_1"", ""sensor_2""]",
"[""sensor_0"", ""sensor_1"", ""sensor_2""]",sensor_0,toy_spatial,42,,85.0,1.3233245611190796,1.3233245611190796,1.3233245611190796,0.80415,0.80415,,,,,4.437660556077957,20000,20000,,,20000,,0.2,model_normalized,row,reference,1.0,0.0,1.0,cyclic,Oracle Split Conformal,,"[""sensor_0"", ""sensor_1"", ""sensor_2""]",not_applicable
"[""sensor_0"", ""sensor_1"", ""sensor_2""]",sensor_0,toy_spatial,42,,85.0,1.8184505605462755,1.8184505605462755,1.8184505605462755,0.80395,0.93025,0.80395,0.80395,,,8.654913119864464,20000,20000,,,20000,,0.2,raw_normalized,row,raw_sensor,1.0,0.0,1.0,cyclic,Adaptive Held-Out Raw Sensor CP,sensor_0,"[""sensor_1"", ""sensor_2""]",posterior
"[""sensor_0"", ""sensor_1"", ""sensor_2""]",sensor_0,toy_spatial,42,,85.0,3.8031515003512,3.8031515003512,3.8031515003512,0.8011,0.9998,0.8011,0.8011,,,14.71097373394966,20000,20000,,,20000,,0.2,raw_normalized,row,raw_sensor,1.0,0.0,1.0,cyclic,Adaptive Held-Out Raw Sensor CP,sensor_1,"[""sensor_0"", ""sensor_2""]",posterior
"[""sensor_0"", ""sensor_1"", ""sensor_2""]",sensor_0,toy_spatial,42,,85.0,5.370814634723721,5.370814634723721,5.370814634723721,0.80505,1.0,0.80505,0.80505,,,19.4190172399044,20000,20000,,,20000,,0.2,raw_normalized,row,raw_sensor,1.0,0.0,1.0,cyclic,Adaptive Held-Out Raw Sensor CP,sensor_2,"[""sensor_0"", ""sensor_1""]",posterior
"[""sensor_0"", ""sensor_1"", ""sensor_2""]",sensor_0,toy_spatial,42,,85.0,1.2815515655446008,,,0.78935,0.78935,,,,,4.29757833480835,20000,0,,0.0,20000,,0.2,none,,,,,,,Fused Posterior Predictive,,"[""sensor_0"", ""sensor_1"", ""sensor_2""]",
"[""sensor_0"", ""sensor_1"", ""sensor_2""]",sensor_0,toy_spatial,42,,86.0,1.310112476348877,1.310112476348877,1.310112476348877,0.79495,0.79495,,,,,4.392144849419593,20000,20000,,,20000,,0.2,model_normalized,row,reference,1.0,0.0,1.0,cyclic,Oracle Split Conformal,,"[""sensor_0"", ""sensor_1"", ""sensor_2""]",not_applicable
"[""sensor_0"", ""sensor_1"", ""sensor_2""]",sensor_0,toy_spatial,42,,86.0,1.8063919132481157,1.8063919132481157,1.8063919132481157,0.7975,0.92545,0.7975,0.7975,,,8.593790165102481,20000,20000,,,20000,,0.2,raw_normalized,row,raw_sensor,1.0,0.0,1.0,cyclic,Adaptive Held-Out Raw Sensor CP,sensor_0,"[""sensor_1"", ""sensor_2""]",posterior
"[""sensor_0"", ""sensor_1"", ""sensor_2""]",sensor_0,toy_spatial,42,,86.0,3.802831406299549,3.802831406299549,3.802831406299549,0.801,0.9994,0.801,0.801,,,14.706302508091929,20000,20000,,,20000,,0.2,raw_normalized,row,raw_sensor,1.0,0.0,1.0,cyclic,Adaptive Held-Out Raw Sensor CP,sensor_1,"[""sensor_0"", ""sensor_2""]",posterior
"[""sensor_0"", ""sensor_1"", ""sensor_2""]",sensor_0,toy_spatial,42,,86.0,5.362407145930704,5.362407145930704,5.362407145930704,0.8037,1.0,0.8037,0.8037,,,19.383667746829985,20000,20000,,,20000,,0.2,raw_normalized,row,raw_sensor,1.0,0.0,1.0,cyclic,Adaptive Held-Out Raw Sensor CP,sensor_2,"[""sensor_0"", ""sensor_1""]",posterior
"[""sensor_0"", ""sensor_1"", ""sensor_2""]",sensor_0,toy_spatial,42,,86.0,1.2815515655446008,,,0.7846,0.7846,,,,,4.296394348144531,20000,0,,0.0,20000,,0.2,none,,,,,,,Fused Posterior Predictive,,"[""sensor_0"", ""sensor_1"", ""sensor_2""]",
"[""sensor_0"", ""sensor_1"", ""sensor_2""]",sensor_0,toy_spatial,42,,87.0,1.315826416015625,1.315826416015625,1.315826416015625,0.79825,0.79825,,,,,4.411484193181992,20000,20000,,,20000,,0.2,model_normalized,row,reference,1.0,0.0,1.0,cyclic,Oracle Split Conformal,,"[""sensor_0"", ""sensor_1"", ""sensor_2""]",not_applicable
"[""sensor_0"", ""sensor_1"", ""sensor_2""]",sensor_0,toy_spatial,42,,87.0,1.8019210754318984,1.8019210754318984,1.8019210754318984,0.79525,0.925,0.79525,0.79525,,,8.57147161463499,20000,20000,,,20000,,0.2,raw_normalized,row,raw_sensor,1.0,0.0,1.0,cyclic,Adaptive Held-Out Raw Sensor CP,sensor_0,"[""sensor_1"", ""sensor_2""]",posterior
"[""sensor_0"", ""sensor_1"", ""sensor_2""]",sensor_0,toy_spatial,42,,87.0,3.7853441990733177,3.7853441990733177,3.7853441990733177,0.79675,0.99975,0.79675,0.79675,,,14.64015897345543,20000,20000,,,20000,,0.2,raw_normalized,row,raw_sensor,1.0,0.0,1.0,cyclic,Adaptive Held-Out Raw Sensor CP,sensor_1,"[""sensor_0"", ""sensor_2""]",posterior
"[""sensor_0"", ""sensor_1"", ""sensor_2""]",sensor_0,toy_spatial,42,,87.0,5.364130739101006,5.364130739101006,5.364130739101006,0.80405,1.0,0.80405,0.80405,,,19.39162794070244,20000,20000,,,20000,,0.2,raw_normalized,row,raw_sensor,1.0,0.0,1.0,cyclic,Adaptive Held-Out Raw Sensor CP,sensor_2,"[""sensor_0"", ""sensor_1""]",posterior
"[""sensor_0"", ""sensor_1"", ""sensor_2""]",sensor_0,toy_spatial,42,,87.0,1.2815515655446008,,,0.7859,0.7859,,,,,4.296573638916016,20000,0,,0.0,20000,,0.2,none,,,,,,,Fused Posterior Predictive,,"[""sensor_0"", ""sensor_1"", ""sensor_2""]",
"[""sensor_0"", ""sensor_1"", ""sensor_2""]",sensor_0,toy_spatial,42,,88.0,1.3212740421295166,1.3212740421295166,1.3212740421295166,0.8029,0.8029,,,,,4.430319004034996,20000,20000,,,20000,,0.2,model_normalized,row,reference,1.0,0.0,1.0,cyclic,Oracle Split Conformal,,"[""sensor_0"", ""sensor_1"", ""sensor_2""]",not_applicable
"[""sensor_0"", ""sensor_1"", ""sensor_2""]",sensor_0,toy_spatial,42,,88.0,1.810455592481092,1.810455592481092,1.810455592481092,0.8,0.93095,0.8,0.8,,,8.613628914046288,20000,20000,,,20000,,0.2,raw_normalized,row,raw_sensor,1.0,0.0,1.0,cyclic,Adaptive Held-Out Raw Sensor CP,sensor_0,"[""sensor_1"", ""sensor_2""]",posterior
"[""sensor_0"", ""sensor_1"", ""sensor_2""]",sensor_0,toy_spatial,42,,88.0,3.807942244172684,3.807942244172684,3.807942244172684,0.80215,0.99965,0.80215,0.80215,,,14.729618800723554,20000,20000,,,20000,,0.2,raw_normalized,row,raw_sensor,1.0,0.0,1.0,cyclic,Adaptive Held-Out Raw Sensor CP,sensor_1,"[""sensor_0"", ""sensor_2""]",posterior
"[""sensor_0"", ""sensor_1"", ""sensor_2""]",sensor_0,toy_spatial,42,,88.0,5.296753607386996,5.296753607386996,5.296753607386996,0.79475,1.0,0.79475,0.79475,,,19.150496130251884,20000,20000,,,20000,,0.2,raw_normalized,row,raw_sensor,1.0,0.0,1.0,cyclic,Adaptive Held-Out Raw Sensor CP,sensor_2,"[""sensor_0"", ""sensor_1""]",posterior
"[""sensor_0"", ""sensor_1"", ""sensor_2""]",sensor_0,toy_spatial,42,,88.0,1.2815515655446008,,,0.78685,0.78685,,,,,4.297126770019531,20000,0,,0.0,20000,,0.2,none,,,,,,,Fused Posterior Predictive,,"[""sensor_0"", ""sensor_1"", ""sensor_2""]",
"[""sensor_0"", ""sensor_1"", ""sensor_2""]",sensor_0,toy_spatial,42,,89.0,1.318279504776001,1.318279504776001,1.318279504776001,0.80065,0.80065,,,,,4.419744278836251,20000,20000,,,20000,,0.2,model_normalized,row,reference,1.0,0.0,1.0,cyclic,Oracle Split Conformal,,"[""sensor_0"", ""sensor_1"", ""sensor_2""]",not_applicable
"[""sensor_0"", ""sensor_1"", ""sensor_2""]",sensor_0,toy_spatial,42,,89.0,1.810264631184034,1.810264631184034,1.810264631184034,0.79985,0.92545,0.79985,0.79985,,,8.612575688171386,20000,20000,,,20000,,0.2,raw_normalized,row,raw_sensor,1.0,0.0,1.0,cyclic,Adaptive Held-Out Raw Sensor CP,sensor_0,"[""sensor_1"", ""sensor_2""]",posterior
"[""sensor_0"", ""sensor_1"", ""sensor_2""]",sensor_0,toy_spatial,42,,89.0,3.8161295994172417,3.8161295994172417,3.8161295994172417,0.8043,0.9994,0.8043,0.8043,,,14.75861872946024,20000,20000,,,20000,,0.2,raw_normalized,row,raw_sensor,1.0,0.0,1.0,cyclic,Adaptive Held-Out Raw Sensor CP,sensor_1,"[""sensor_0"", ""sensor_2""]",posterior
"[""sensor_0"", ""sensor_1"", ""sensor_2""]",sensor_0,toy_spatial,42,,89.0,5.325278794700617,5.325278794700617,5.325278794700617,0.7989,1.0,0.7989,0.7989,,,19.25016759943962,20000,20000,,,20000,,0.2,raw_normalized,row,raw_sensor,1.0,0.0,1.0,cyclic,Adaptive Held-Out Raw Sensor CP,sensor_2,"[""sensor_0"", ""sensor_1""]",posterior
"[""sensor_0"", ""sensor_1"", ""sensor_2""]",sensor_0,toy_spatial,42,,89.0,1.2815515655446008,,,0.78745,0.78745,,,,,4.296607971191406,20000,0,,0.0,20000,,0.2,none,,,,,,,Fused Posterior Predictive,,"[""sensor_0"", ""sensor_1"", ""sensor_2""]",
"[""sensor_0"", ""sensor_1"", ""sensor_2""]",sensor_0,toy_spatial,42,,90.0,1.322696089744568,1.322696089744568,1.322696089744568,0.80375,0.80375,,,,,4.435155277371407,20000,20000,,,20000,,0.2,model_normalized,row,reference,1.0,0.0,1.0,cyclic,Oracle Split Conformal,,"[""sensor_0"", ""sensor_1"", ""sensor_2""]",not_applicable
"[""sensor_0"", ""sensor_1"", ""sensor_2""]",sensor_0,toy_spatial,42,,90.0,1.810986736954796,1.810986736954796,1.810986736954796,0.8005,0.92805,0.8005,0.8005,,,8.616862007677556,20000,20000,,,20000,,0.2,raw_normalized,row,raw_sensor,1.0,0.0,1.0,cyclic,Adaptive Held-Out Raw Sensor CP,sensor_0,"[""sensor_1"", ""sensor_2""]",posterior
"[""sensor_0"", ""sensor_1"", ""sensor_2""]",sensor_0,toy_spatial,42,,90.0,3.8238360390819306,3.8238360390819306,3.8238360390819306,0.8065,0.99945,0.8065,0.8065,,,14.790624156808851,20000,20000,,,20000,,0.2,raw_normalized,row,raw_sensor,1.0,0.0,1.0,cyclic,Adaptive Held-Out Raw Sensor CP,sensor_1,"[""sensor_0"", ""sensor_2""]",posterior
"[""sensor_0"", ""sensor_1"", ""sensor_2""]",sensor_0,toy_spatial,42,,90.0,5.348730461110395,5.348730461110395,5.348730461110395,0.80195,1.0,0.80195,0.80195,,,19.33846040689945,20000,20000,,,20000,,0.2,raw_normalized,row,raw_sensor,1.0,0.0,1.0,cyclic,Adaptive Held-Out Raw Sensor CP,sensor_2,"[""sensor_0"", ""sensor_1""]",posterior
"[""sensor_0"", ""sensor_1"", ""sensor_2""]",sensor_0,toy_spatial,42,,90.0,1.2815515655446008,,,0.7892,0.7892,,,,,4.2971930503845215,20000,0,,0.0,20000,,0.2,none,,,,,,,Fused Posterior Predictive,,"[""sensor_0"", ""sensor_1"", ""sensor_2""]",
"[""sensor_0"", ""sensor_1"", ""sensor_2""]",sensor_0,toy_spatial,42,,91.0,1.317455530166626,1.317455530166626,1.317455530166626,0.79985,0.79985,,,,,4.416733372783661,20000,20000,,,20000,,0.2,model_normalized,row,reference,1.0,0.0,1.0,cyclic,Oracle Split Conformal,,"[""sensor_0"", ""sensor_1"", ""sensor_2""]",not_applicable
"[""sensor_0"", ""sensor_1"", ""sensor_2""]",sensor_0,toy_spatial,42,,91.0,1.8086640322403569,1.8086640322403569,1.8086640322403569,0.7988,0.9305,0.7988,0.7988,,,8.602974831008911,20000,20000,,,20000,,0.2,raw_normalized,row,raw_sensor,1.0,0.0,1.0,cyclic,Adaptive Held-Out Raw Sensor CP,sensor_0,"[""sensor_1"", ""sensor_2""]",posterior
"[""sensor_0"", ""sensor_1"", ""sensor_2""]",sensor_0,toy_spatial,42,,91.0,3.7977851530124216,3.7977851530124216,3.7977851530124216,0.7997,0.9997,0.7997,0.7997,,,14.68776551181078,20000,20000,,,20000,,0.2,raw_normalized,row,raw_sensor,1.0,0.0,1.0,cyclic,Adaptive Held-Out Raw Sensor CP,sensor_1,"[""sensor_0"", ""sensor_2""]",posterior
"[""sensor_0"", ""sensor_1"", ""sensor_2""]",sensor_0,toy_spatial,42,,91.0,5.385644855442456,5.385644855442456,5.385644855442456,0.8066,1.0,0.8066,0.8066,,,19.468593547677997,20000,20000,,,20000,,0.2,raw_normalized,row,raw_sensor,1.0,0.0,1.0,cyclic,Adaptive Held-Out Raw Sensor CP,sensor_2,"[""sensor_0"", ""sensor_1""]",posterior
"[""sensor_0"", ""sensor_1"", ""sensor_2""]",sensor_0,toy_spatial,42,,91.0,1.2815515655446008,,,0.78645,0.78645,,,,,4.296366691589356,20000,0,,0.0,20000,,0.2,none,,,,,,,Fused Posterior Predictive,,"[""sensor_0"", ""sensor_1"", ""sensor_2""]",
"[""sensor_0"", ""sensor_1"", ""sensor_2""]",sensor_0,toy_spatial,42,,92.0,1.3151510953903198,1.3151510953903198,1.3151510953903198,0.7978,0.7978,,,,,4.408560802030563,20000,20000,,,20000,,0.2,model_normalized,row,reference,1.0,0.0,1.0,cyclic,Oracle Split Conformal,,"[""sensor_0"", ""sensor_1"", ""sensor_2""]",not_applicable
"[""sensor_0"", ""sensor_1"", ""sensor_2""]",sensor_0,toy_spatial,42,,92.0,1.7983283514500406,1.7983283514500406,1.7983283514500406,0.7937,0.92465,0.7937,0.7937,,,8.556654193210601,20000,20000,,,20000,,0.2,raw_normalized,row,raw_sensor,1.0,0.0,1.0,cyclic,Adaptive Held-Out Raw Sensor CP,sensor_0,"[""sensor_1"", ""sensor_2""]",posterior
"[""sensor_0"", ""sensor_1"", ""sensor_2""]",sensor_0,toy_spatial,42,,92.0,3.789096851631551,3.789096851631551,3.789096851631551,0.7978,0.99955,0.7978,0.7978,,,14.650122089254856,20000,20000,,,20000,,0.2,raw_normalized,row,raw_sensor,1.0,0.0,1.0,cyclic,Adaptive Held-Out Raw Sensor CP,sensor_1,"[""sensor_0"", ""sensor_2""]",posterior
"[""sensor_0"", ""sensor_1"", ""sensor_2""]",sensor_0,toy_spatial,42,,92.0,5.348391099265932,5.348391099265932,5.348391099265932,0.8019,1.0,0.8019,0.8019,,,19.330178617548945,20000,20000,,,20000,,0.2,raw_normalized,row,raw_sensor,1.0,0.0,1.0,cyclic,Adaptive Held-Out Raw Sensor CP,sensor_2,"[""sensor_0"", ""sensor_1""]",posterior
"[""sensor_0"", ""sensor_1"", ""sensor_2""]",sensor_0,toy_spatial,42,,92.0,1.2815515655446008,,,0.7857,0.7857,,,,,4.295930862426758,20000,0,,0.0,20000,,0.2,none,,,,,,,Fused Posterior Predictive,,"[""sensor_0"", ""sensor_1"", ""sensor_2""]",
"[""sensor_0"", ""sensor_1"", ""sensor_2""]",sensor_0,toy_spatial,42,,93.0,1.3212722539901731,1.3212722539901731,1.3212722539901731,0.80285,0.80285,,,,,4.430099396729469,20000,20000,,,20000,,0.2,model_normalized,row,reference,1.0,0.0,1.0,cyclic,Oracle Split Conformal,,"[""sensor_0"", ""sensor_1"", ""sensor_2""]",not_applicable
"[""sensor_0"", ""sensor_1"", ""sensor_2""]",sensor_0,toy_spatial,42,,93.0,1.8141877374452275,1.8141877374452275,1.8141877374452275,0.80235,0.92785,0.80235,0.80235,,,8.63194848434925,20000,20000,,,20000,,0.2,raw_normalized,row,raw_sensor,1.0,0.0,1.0,cyclic,Adaptive Held-Out Raw Sensor CP,sensor_0,"[""sensor_1"", ""sensor_2""]",posterior
"[""sensor_0"", ""sensor_1"", ""sensor_2""]",sensor_0,toy_spatial,42,,93.0,3.8445948008957034,3.8445948008957034,3.8445948008957034,0.8109,0.99965,0.8109,0.8109,,,14.869653094494344,20000,20000,,,20000,,0.2,raw_normalized,row,raw_sensor,1.0,0.0,1.0,cyclic,Adaptive Held-Out Raw Sensor CP,sensor_1,"[""sensor_0"", ""sensor_2""]",posterior
"[""sensor_0"", ""sensor_1"", ""sensor_2""]",sensor_0,toy_spatial,42,,93.0,5.393218427281421,5.393218427281421,5.393218427281421,0.8076,1.0,0.8076,0.8076,,,19.497024435448647,20000,20000,,,20000,,0.2,raw_normalized,row,raw_sensor,1.0,0.0,1.0,cyclic,Adaptive Held-Out Raw Sensor CP,sensor_2,"[""sensor_0"", ""sensor_1""]",posterior
"[""sensor_0"", ""sensor_1"", ""sensor_2""]",sensor_0,toy_spatial,42,,93.0,1.2815515655446008,,,0.78925,0.78925,,,,,4.296919822692871,20000,0,,0.0,20000,,0.2,none,,,,,,,Fused Posterior Predictive,,"[""sensor_0"", ""sensor_1"", ""sensor_2""]",
"[""sensor_0"", ""sensor_1"", ""sensor_2""]",sensor_0,toy_spatial,42,,94.0,1.317420482635498,1.317420482635498,1.317420482635498,0.7998,0.7998,,,,,4.416933108997345,20000,20000,,,20000,,0.2,model_normalized,row,reference,1.0,0.0,1.0,cyclic,Oracle Split Conformal,,"[""sensor_0"", ""sensor_1"", ""sensor_2""]",not_applicable
"[""sensor_0"", ""sensor_1"", ""sensor_2""]",sensor_0,toy_spatial,42,,94.0,1.820876919625011,1.820876919625011,1.820876919625011,0.80505,0.9315,0.80505,0.80505,,,8.663732590305806,20000,20000,,,20000,,0.2,raw_normalized,row,raw_sensor,1.0,0.0,1.0,cyclic,Adaptive Held-Out Raw Sensor CP,sensor_0,"[""sensor_1"", ""sensor_2""]",posterior
"[""sensor_0"", ""sensor_1"", ""sensor_2""]",sensor_0,toy_spatial,42,,94.0,3.800152070946299,3.800152070946299,3.800152070946299,0.8001,0.99955,0.8001,0.8001,,,14.696328675484658,20000,20000,,,20000,,0.2,raw_normalized,row,raw_sensor,1.0,0.0,1.0,cyclic,Adaptive Held-Out Raw Sensor CP,sensor_1,"[""sensor_0"", ""sensor_2""]",posterior
"[""sensor_0"", ""sensor_1"", ""sensor_2""]",sensor_0,toy_spatial,42,,94.0,5.3461990259247525,5.3461990259247525,5.3461990259247525,0.8016,1.0,0.8016,0.8016,,,19.326034560990333,20000,20000,,,20000,,0.2,raw_normalized,row,raw_sensor,1.0,0.0,1.0,cyclic,Adaptive Held-Out Raw Sensor CP,sensor_2,"[""sensor_0"", ""sensor_1""]",posterior
"[""sensor_0"", ""sensor_1"", ""sensor_2""]",sensor_0,toy_spatial,42,,94.0,1.2815515655446008,,,0.78725,0.78725,,,,,4.296675205230713,20000,0,,0.0,20000,,0.2,none,,,,,,,Fused Posterior Predictive,,"[""sensor_0"", ""sensor_1"", ""sensor_2""]",
"[""sensor_0"", ""sensor_1"", ""sensor_2""]",sensor_0,toy_spatial,42,,95.0,1.3232450485229492,1.3232450485229492,1.3232450485229492,0.8041,0.8041,,,,,4.436327313160897,20000,20000,,,20000,,0.2,model_normalized,row,reference,1.0,0.0,1.0,cyclic,Oracle Split Conformal,,"[""sensor_0"", ""sensor_1"", ""sensor_2""]",not_applicable
"[""sensor_0"", ""sensor_1"", ""sensor_2""]",sensor_0,toy_spatial,42,,95.0,1.811880957645012,1.811880957645012,1.811880957645012,0.80135,0.9298,0.80135,0.80135,,,8.621836966371536,20000,20000,,,20000,,0.2,raw_normalized,row,raw_sensor,1.0,0.0,1.0,cyclic,Adaptive Held-Out Raw Sensor CP,sensor_0,"[""sensor_1"", ""sensor_2""]",posterior
"[""sensor_0"", ""sensor_1"", ""sensor_2""]",sensor_0,toy_spatial,42,,95.0,3.802375638038637,3.802375638038637,3.802375638038637,0.8008,0.9996,0.8008,0.8008,,,14.704343076229096,20000,20000,,,20000,,0.2,raw_normalized,row,raw_sensor,1.0,0.0,1.0,cyclic,Adaptive Held-Out Raw Sensor CP,sensor_1,"[""sensor_0"", ""sensor_2""]",posterior
"[""sensor_0"", ""sensor_1"", ""sensor_2""]",sensor_0,toy_spatial,42,,95.0,5.362087174396191,5.362087174396191,5.362087174396191,0.8036,1.0,0.8036,0.8036,,,19.382909629702567,20000,20000,,,20000,,0.2,raw_normalized,row,raw_sensor,1.0,0.0,1.0,cyclic,Adaptive Held-Out Raw Sensor CP,sensor_2,"[""sensor_0"", ""sensor_1""]",posterior
"[""sensor_0"", ""sensor_1"", ""sensor_2""]",sensor_0,toy_spatial,42,,95.0,1.2815515655446008,,,0.7901,0.7901,,,,,4.296545505523682,20000,0,,0.0,20000,,0.2,none,,,,,,,Fused Posterior Predictive,,"[""sensor_0"", ""sensor_1"", ""sensor_2""]",
"[""sensor_0"", ""sensor_1"", ""sensor_2""]",sensor_0,toy_spatial,42,,96.0,1.3172945976257324,1.3172945976257324,1.3172945976257324,0.7997,0.7997,,,,,4.41682057864666,20000,20000,,,20000,,0.2,model_normalized,row,reference,1.0,0.0,1.0,cyclic,Oracle Split Conformal,,"[""sensor_0"", ""sensor_1"", ""sensor_2""]",not_applicable
"[""sensor_0"", ""sensor_1"", ""sensor_2""]",sensor_0,toy_spatial,42,,96.0,1.8051453728238476,1.8051453728238476,1.8051453728238476,0.79675,0.9276,0.79675,0.79675,,,8.58803103402853,20000,20000,,,20000,,0.2,raw_normalized,row,raw_sensor,1.0,0.0,1.0,cyclic,Adaptive Held-Out Raw Sensor CP,sensor_0,"[""sensor_1"", ""sensor_2""]",posterior
"[""sensor_0"", ""sensor_1"", ""sensor_2""]",sensor_0,toy_spatial,42,,96.0,3.787508871531184,3.787508871531184,3.787508871531184,0.7973,0.99945,0.7973,0.7973,,,14.649881292951108,20000,20000,,,20000,,0.2,raw_normalized,row,raw_sensor,1.0,0.0,1.0,cyclic,Adaptive Held-Out Raw Sensor CP,sensor_1,"[""sensor_0"", ""sensor_2""]",posterior
"[""sensor_0"", ""sensor_1"", ""sensor_2""]",sensor_0,toy_spatial,42,,96.0,5.406612936462357,5.406612936462357,5.406612936462357,0.80975,1.0,0.80975,0.80975,,,19.5465533850193,20000,20000,,,20000,,0.2,raw_normalized,row,raw_sensor,1.0,0.0,1.0,cyclic,Adaptive Held-Out Raw Sensor CP,sensor_2,"[""sensor_0"", ""sensor_1""]",posterior
"[""sensor_0"", ""sensor_1"", ""sensor_2""]",sensor_0,toy_spatial,42,,96.0,1.2815515655446008,,,0.78645,0.78645,,,,,4.296976089477539,20000,0,,0.0,20000,,0.2,none,,,,,,,Fused Posterior Predictive,,"[""sensor_0"", ""sensor_1"", ""sensor_2""]",
"[""sensor_0"", ""sensor_1"", ""sensor_2""]",sensor_0,toy_spatial,42,,97.0,1.3345048427581787,1.3345048427581787,1.3345048427581787,0.81075,0.81075,,,,,4.474846019482612,20000,20000,,,20000,,0.2,model_normalized,row,reference,1.0,0.0,1.0,cyclic,Oracle Split Conformal,,"[""sensor_0"", ""sensor_1"", ""sensor_2""]",not_applicable
"[""sensor_0"", ""sensor_1"", ""sensor_2""]",sensor_0,toy_spatial,42,,97.0,1.8261847171204868,1.8261847171204868,1.8261847171204868,0.8082,0.9345,0.8082,0.8082,,,8.690218367350102,20000,20000,,,20000,,0.2,raw_normalized,row,raw_sensor,1.0,0.0,1.0,cyclic,Adaptive Held-Out Raw Sensor CP,sensor_0,"[""sensor_1"", ""sensor_2""]",posterior
"[""sensor_0"", ""sensor_1"", ""sensor_2""]",sensor_0,toy_spatial,42,,97.0,3.810963191078403,3.810963191078403,3.810963191078403,0.80305,0.99945,0.80305,0.80305,,,14.74086212580204,20000,20000,,,20000,,0.2,raw_normalized,row,raw_sensor,1.0,0.0,1.0,cyclic,Adaptive Held-Out Raw Sensor CP,sensor_1,"[""sensor_0"", ""sensor_2""]",posterior
"[""sensor_0"", ""sensor_1"", ""sensor_2""]",sensor_0,toy_spatial,42,,97.0,5.352353160304525,5.352353160304525,5.352353160304525,0.80245,1.0,0.80245,0.80245,,,19.35125996437073,20000,20000,,,20000,,0.2,raw_normalized,row,raw_sensor,1.0,0.0,1.0,cyclic,Adaptive Held-Out Raw Sensor CP,sensor_2,"[""sensor_0"", ""sensor_1""]",posterior
"[""sensor_0"", ""sensor_1"", ""sensor_2""]",sensor_0,toy_spatial,42,,97.0,1.2815515655446008,,,0.79295,0.79295,,,,,4.297284126281738,20000,0,,0.0,20000,,0.2,none,,,,,,,Fused Posterior Predictive,,"[""sensor_0"", ""sensor_1"", ""sensor_2""]",
"[""sensor_0"", ""sensor_1"", ""sensor_2""]",sensor_0,toy_spatial,42,,98.0,1.3217819929122925,1.3217819929122925,1.3217819929122925,0.8032,0.8032,,,,,4.431417695355416,20000,20000,,,20000,,0.2,model_normalized,row,reference,1.0,0.0,1.0,cyclic,Oracle Split Conformal,,"[""sensor_0"", ""sensor_1"", ""sensor_2""]",not_applicable
"[""sensor_0"", ""sensor_1"", ""sensor_2""]",sensor_0,toy_spatial,42,,98.0,1.7995842915673868,1.7995842915673868,1.7995842915673868,0.79435,0.9263,0.79435,0.79435,,,8.561532965588569,20000,20000,,,20000,,0.2,raw_normalized,row,raw_sensor,1.0,0.0,1.0,cyclic,Adaptive Held-Out Raw Sensor CP,sensor_0,"[""sensor_1"", ""sensor_2""]",posterior
"[""sensor_0"", ""sensor_1"", ""sensor_2""]",sensor_0,toy_spatial,42,,98.0,3.808591894471979,3.808591894471979,3.808591894471979,0.80255,0.99955,0.80255,0.80255,,,14.729524786829948,20000,20000,,,20000,,0.2,raw_normalized,row,raw_sensor,1.0,0.0,1.0,cyclic,Adaptive Held-Out Raw Sensor CP,sensor_1,"[""sensor_0"", ""sensor_2""]",posterior
"[""sensor_0"", ""sensor_1"", ""sensor_2""]",sensor_0,toy_spatial,42,,98.0,5.364130739101006,5.364130739101006,5.364130739101006,0.80405,1.0,0.80405,0.80405,,,19.390524126553537,20000,20000,,,20000,,0.2,raw_normalized,row,raw_sensor,1.0,0.0,1.0,cyclic,Adaptive Held-Out Raw Sensor CP,sensor_2,"[""sensor_0"", ""sensor_1""]",posterior
"[""sensor_0"", ""sensor_1"", ""sensor_2""]",sensor_0,toy_spatial,42,,98.0,1.2815515655446008,,,0.78795,0.78795,,,,,4.296541213989258,20000,0,,0.0,20000,,0.2,none,,,,,,,Fused Posterior Predictive,,"[""sensor_0"", ""sensor_1"", ""sensor_2""]",
"[""sensor_0"", ""sensor_1"", ""sensor_2""]",sensor_0,toy_spatial,42,,99.0,1.3165764808654783,1.3165764808654783,1.3165764808654783,0.799,0.799,,,,,4.414292443060875,20000,20000,,,20000,,0.2,model_normalized,row,reference,1.0,0.0,1.0,cyclic,Oracle Split Conformal,,"[""sensor_0"", ""sensor_1"", ""sensor_2""]",not_applicable
"[""sensor_0"", ""sensor_1"", ""sensor_2""]",sensor_0,toy_spatial,42,,99.0,1.8058544248169603,1.8058544248169603,1.8058544248169603,0.79725,0.928,0.79725,0.79725,,,8.592843793416023,20000,20000,,,20000,,0.2,raw_normalized,row,raw_sensor,1.0,0.0,1.0,cyclic,Adaptive Held-Out Raw Sensor CP,sensor_0,"[""sensor_1"", ""sensor_2""]",posterior
"[""sensor_0"", ""sensor_1"", ""sensor_2""]",sensor_0,toy_spatial,42,,99.0,3.792053456021671,3.792053456021671,3.792053456021671,0.7983,0.99945,0.7983,0.7983,,,14.66576849515438,20000,20000,,,20000,,0.2,raw_normalized,row,raw_sensor,1.0,0.0,1.0,cyclic,Adaptive Held-Out Raw Sensor CP,sensor_1,"[""sensor_0"", ""sensor_2""]",posterior
"[""sensor_0"", ""sensor_1"", ""sensor_2""]",sensor_0,toy_spatial,42,,99.0,5.3202805292807644,5.3202805292807644,5.3202805292807644,0.798,1.0,0.798,0.798,,,19.23328041152954,20000,20000,,,20000,,0.2,raw_normalized,row,raw_sensor,1.0,0.0,1.0,cyclic,Adaptive Held-Out Raw Sensor CP,sensor_2,"[""sensor_0"", ""sensor_1""]",posterior
"[""sensor_0"", ""sensor_1"", ""sensor_2""]",sensor_0,toy_spatial,42,,99.0,1.2815515655446008,,,0.7865,0.7865,,,,,4.296859264373779,20000,0,,0.0,20000,,0.2,none,,,,,,,Fused Posterior Predictive,,"[""sensor_0"", ""sensor_1"", ""sensor_2""]",
"[""OPCN3PM25"", ""5325CAT"", ""5325CST""]",5325CAT,seneurcity,0,20200513T15,,0.8516205856294343,0.5254717469215393,1.942397236824036,0.751810282404055,0.751810282404055,,,0.1488095238095238,,12.481109976250568,5577,1584,168.0,51.0,5524,168.0,0.2,model_normalized,per_location,reference,6.0,48.0,1.0,nob,Oracle Split Conformal,,"[""OPCN3PM25"", ""5325CAT"", ""5325CST""]",not_applicable
"[""OPCN3PM25"", ""5325CAT"", ""5325CST""]",5325CAT,seneurcity,0,20200513T15,,1.4698356967983823,1.2331801652908323,3.673549890518189,0.7469225199131064,0.8986241853729182,0.7469225199131064,0.7469225199131064,0.8452380952380952,0.3511904761904761,26.09116214110228,5577,5516,168.0,168.0,5524,168.0,0.2,raw_normalized,per_location,raw_sensor,4.0,0.0,1.0,nob,Adaptive Held-Out Raw Sensor CP,OPCN3PM25,"[""5325CAT"", ""5325CST""]",posterior
"[""OPCN3PM25"", ""5325CAT"", ""5325CST""]",5325CAT,seneurcity,0,20200513T15,,1.622047073913343,1.0230224132537842,3.6896002292633057,0.837436640115858,0.9543808834178132,0.837436640115858,0.837436640115858,0.3809523809523809,0.4702380952380952,24.228799951585803,5577,1584,168.0,51.0,5524,168.0,0.2,raw_normalized,per_location,raw_sensor,6.0,48.0,1.0,nob,Adaptive Held-Out Raw Sensor CP,5325CAT,"[""OPCN3PM25"", ""5325CST""]",posterior
"[""OPCN3PM25"", ""5325CAT"", ""5325CST""]",5325CAT,seneurcity,0,20200513T15,,1.5402624968326453,0.9039480090141296,3.991389989852905,0.6915278783490224,0.948950036205648,0.6915278783490224,0.6915278783490224,0.375,0.3095238095238095,22.92993792779285,5577,1584,168.0,51.0,5524,168.0,0.2,raw_normalized,per_location,raw_sensor,6.0,48.0,1.0,nob,Adaptive Held-Out Raw Sensor CP,5325CST,"[""OPCN3PM25"", ""5325CAT""]",posterior
"[""OPCN3PM25"", ""5325CAT"", ""5325CST""]",5325CAT,seneurcity,0,20200513T15,,1.2815515655446008,,,0.3095238095238095,0.912925416364953,,,0.3095238095238095,,19.51278305053711,5577,0,168.0,0.0,5524,168.0,0.2,none,,,,,,,Fused Posterior Predictive,,"[""OPCN3PM25"", ""5325CAT"", ""5325CST""]",
"[""OPCN3PM25"", ""5325CAT"", ""5325CST""]",5325CAT,seneurcity,0,20200520T15,,1.7822555448069717,1.1187366247177124,3.3492894172668457,0.9934545454545456,0.9934545454545456,,,0.8095238095238095,,18.559921011144464,5523,1584,168.0,51.0,5500,168.0,0.2,model_normalized,per_location,reference,6.0,48.0,1.0,nob,Oracle Split Conformal,,"[""OPCN3PM25"", ""5325CAT"", ""5325CST""]",not_applicable
"[""OPCN3PM25"", ""5325CAT"", ""5325CST""]",5325CAT,seneurcity,0,20200520T15,,1.811172886328264,1.3269436359405518,7.119620323181152,0.9516363636363636,0.9972727272727272,0.9516363636363636,0.9516363636363636,0.9285714285714286,0.6309523809523809,19.53536348754709,5523,5523,168.0,168.0,5500,168.0,0.2,raw_normalized,per_location,raw_sensor,4.0,0.0,1.0,nob,Adaptive Held-Out Raw Sensor CP,OPCN3PM25,"[""5325CAT"", ""5325CST""]",posterior
"[""OPCN3PM25"", ""5325CAT"", ""5325CST""]",5325CAT,seneurcity,0,20200520T15,,1.7434463934464888,1.0199294090270996,3.55575966835022,0.98,0.9905454545454544,0.98,0.98,0.6904761904761905,0.8095238095238095,17.63540462335673,5523,1584,168.0,51.0,5500,168.0,0.2,raw_normalized,per_location,raw_sensor,6.0,48.0,1.0,nob,Adaptive Held-Out Raw Sensor CP,5325CAT,"[""OPCN3PM25"", ""5325CST""]",posterior
"[""OPCN3PM25"", ""5325CAT"", ""5325CST""]",5325CAT,seneurcity,0,20200520T15,,2.2491654482754795,1.3620665073394775,4.2175822257995605,0.992909090909091,0.9945454545454544,0.992909090909091,0.992909090909091,0.8214285714285714,0.8035714285714286,22.01925888971849,5523,1584,168.0,51.0,5500,168.0,0.2,raw_normalized,per_location,raw_sensor,6.0,48.0,1.0,nob,Adaptive Held-Out Raw Sensor CP,5325CST,"[""OPCN3PM25"", ""5325CAT""]",posterior
"[""OPCN3PM25"", ""5325CAT"", ""5325CST""]",5325CAT,seneurcity,0,20200520T15,,1.2815515655446008,,,0.3630952380952381,0.9727272727272728,,,0.3630952380952381,,12.584588050842283,5523,0,168.0,0.0,5500,168.0,0.2,none,,,,,,,Fused Posterior Predictive,,"[""OPCN3PM25"", ""5325CAT"", ""5325CST""]",
"[""OPCN3PM25"", ""5325CAT"", ""5325CST""]",5325CAT,seneurcity,0,20200527T15,,0.7490090456875887,0.4201390743255615,1.7785216569900513,0.7926409280406018,0.7926409280406018,,,0.4285714285714285,,7.384029495579967,5512,1584,168.0,52.0,5517,168.0,0.2,model_normalized,per_location,reference,6.0,48.0,1.0,nob,Oracle Split Conformal,,"[""OPCN3PM25"", ""5325CAT"", ""5325CST""]",not_applicable
"[""OPCN3PM25"", ""5325CAT"", ""5325CST""]",5325CAT,seneurcity,0,20200527T15,,1.288831681916208,1.058466553688049,1.8794875144958496,0.5350734094616639,0.8006162769621171,0.5350734094616639,0.5350734094616639,0.369047619047619,0.2321428571428571,15.423411802934826,5512,5512,168.0,168.0,5517,168.0,0.2,raw_normalized,per_location,raw_sensor,4.0,0.0,1.0,nob,Adaptive Held-Out Raw Sensor CP,OPCN3PM25,"[""5325CAT"", ""5325CST""]",posterior
"[""OPCN3PM25"", ""5325CAT"", ""5325CST""]",5325CAT,seneurcity,0,20200527T15,,1.825505655823332,0.7881349921226501,3.4140782356262207,0.977705274605764,0.9608482871125612,0.977705274605764,0.977705274605764,0.3869047619047619,0.3869047619047619,21.33730548952981,5512,1584,168.0,52.0,5517,168.0,0.2,raw_normalized,per_location,raw_sensor,6.0,48.0,1.0,nob,Adaptive Held-Out Raw Sensor CP,5325CAT,"[""OPCN3PM25"", ""5325CST""]",posterior
"[""OPCN3PM25"", ""5325CAT"", ""5325CST""]",5325CAT,seneurcity,0,20200527T15,,1.5577019561420788,0.8807670474052429,2.8492143154144287,0.9532354540511148,0.9666485408736633,0.9532354540511148,0.9532354540511148,0.5773809523809523,0.3095238095238095,19.82734541150135,5512,1584,168.0,52.0,5517,168.0,0.2,raw_normalized,per_location,raw_sensor,6.0,48.0,1.0,nob,Adaptive Held-Out Raw Sensor CP,5325CST,"[""OPCN3PM25"", ""5325CAT""]",posterior
"[""OPCN3PM25"", ""5325CAT"", ""5325CST""]",5325CAT,seneurcity,0,20200527T15,,1.2815515655446008,,,0.3392857142857143,0.8758383179264093,,,0.3392857142857143,,13.558417320251465,5512,0,168.0,0.0,5517,168.0,0.2,none,,,,,,,Fused Posterior Predictive,,"[""OPCN3PM25"", ""5325CAT"", ""5325CST""]",
"[""OPCN3PM25"", ""5325CAT"", ""5325CST""]",5325CAT,seneurcity,0,20200909T15,,1.307306631044908,0.9043586254119872,1.969091892242432,0.9528508771929824,0.9528508771929824,,,0.7619047619047619,,11.825400237582231,1825,528,168.0,49.0,1824,168.0,0.2,model_normalized,per_location,reference,6.0,48.0,1.0,nob,Oracle Split Conformal,,"[""OPCN3PM25"", ""5325CAT"", ""5325CST""]",not_applicable
"[""OPCN3PM25"", ""5325CAT"", ""5325CST""]",5325CAT,seneurcity,0,20200909T15,,4.671108896082098,3.194429397583008,6.21490478515625,0.9912280701754386,0.9994517543859648,0.9912280701754386,0.9912280701754386,0.9940476190476192,0.9642857142857144,30.124166740398657,1825,1825,168.0,168.0,1824,168.0,0.2,raw_normalized,per_location,raw_sensor,4.0,0.0,1.0,nob,Adaptive Held-Out Raw Sensor CP,OPCN3PM25,"[""5325CAT"", ""5325CST""]",posterior
"[""OPCN3PM25"", ""5325CAT"", ""5325CST""]",5325CAT,seneurcity,0,20200909T15,,1.1652354435487229,0.9111566543579102,1.6782705783843994,0.9375,0.9901315789473684,0.9375,0.9375,0.9226190476190476,0.7976190476190477,12.165854510246662,1825,528,168.0,49.0,1824,168.0,0.2,raw_normalized,per_location,raw_sensor,6.0,48.0,1.0,nob,Adaptive Held-Out Raw Sensor CP,5325CAT,"[""OPCN3PM25"", ""5325CST""]",posterior
"[""OPCN3PM25"", ""5325CAT"", ""5325CST""]",5325CAT,seneurcity,0,20200909T15,,1.192223944447257,0.9709498286247252,1.626078724861145,0.9298245614035088,0.992872807017544,0.9298245614035088,0.9298245614035088,0.9404761904761904,0.7440476190476191,11.376682704608692,1825,528,168.0,49.0,1824,168.0,0.2,raw_normalized,per_location,raw_sensor,6.0,48.0,1.0,nob,Adaptive Held-Out Raw Sensor CP,5325CST,"[""OPCN3PM25"", ""5325CAT""]",posterior
"[""OPCN3PM25"", ""5325CAT"", ""5325CST""]",5325CAT,seneurcity,0,20200909T15,,1.2815515655446008,,,0.7678571428571429,0.9544956140350878,,,0.7678571428571429,,11.674909591674805,1825,0,168.0,0.0,1824,168.0,0.2,none,,,,,,,Fused Posterior Predictive,,"[""OPCN3PM25"", ""5325CAT"", ""5325CST""]",
"[""OPCN3PM25"", ""5325CAT"", ""5325CST""]",5325CAT,seneurcity,0,20200916T15,,1.0249006152153015,0.548266589641571,1.6514146327972412,0.8393051031487514,0.8393051031487514,,,0.3809523809523809,,14.270171504585026,1818,528,168.0,59.0,1842,168.0,0.2,model_normalized,per_location,reference,6.0,48.0,1.0,nob,Oracle Split Conformal,,"[""OPCN3PM25"", ""5325CAT"", ""5325CST""]",not_applicable
"[""OPCN3PM25"", ""5325CAT"", ""5325CST""]",5325CAT,seneurcity,0,20200916T15,,1.6774035800587048,1.051542043685913,2.9026639461517334,0.8735070575461455,0.9375678610206296,0.8735070575461455,0.8735070575461455,0.8273809523809523,0.6190476190476191,23.204393180069008,1818,1818,168.0,168.0,1842,168.0,0.2,raw_normalized,per_location,raw_sensor,4.0,0.0,1.0,nob,Adaptive Held-Out Raw Sensor CP,OPCN3PM25,"[""5325CAT"", ""5325CST""]",posterior
"[""OPCN3PM25"", ""5325CAT"", ""5325CST""]",5325CAT,seneurcity,0,20200916T15,,0.6816195710138842,0.4033873081207275,1.8548258543014529,0.4169381107491857,0.5249728555917481,0.4169381107491857,0.4169381107491857,0.2023809523809523,0.1130952380952381,10.067474723768289,1818,528,168.0,59.0,1842,168.0,0.2,raw_normalized,per_location,raw_sensor,6.0,48.0,1.0,nob,Adaptive Held-Out Raw Sensor CP,5325CAT,"[""OPCN3PM25"", ""5325CST""]",posterior
"[""OPCN3PM25"", ""5325CAT"", ""5325CST""]",5325CAT,seneurcity,0,20200916T15,,0.7924567840316079,0.4390217661857605,2.319856643676758,0.4451682953311617,0.5499457111834962,0.4451682953311617,0.4451682953311617,0.2142857142857142,0.1309523809523809,10.244941276137135,1818,528,168.0,59.0,1842,168.0,0.2,raw_normalized,per_location,raw_sensor,6.0,48.0,1.0,nob,Adaptive Held-Out Raw Sensor CP,5325CST,"[""OPCN3PM25"", ""5325CAT""]",posterior
"[""OPCN3PM25"", ""5325CAT"", ""5325CST""]",5325CAT,seneurcity,0,20200916T15,,1.2815515655446008,,,0.75,0.9489685124864278,,,0.75,,18.20749855041504,1818,0,168.0,0.0,1842,168.0,0.2,none,,,,,,,Fused Posterior Predictive,,"[""OPCN3PM25"", ""5325CAT"", ""5325CST""]",
"[""OPCN3PM25"", ""5325CAT"", ""5325CST""]",5325CAT,seneurcity,0,20200923T15,,0.8676894794810902,0.6352364420890808,1.2967501878738403,0.5831521739130435,0.5831521739130435,,,0.2738095238095238,,12.920366784541503,1844,528,168.0,48.0,1840,168.0,0.2,model_normalized,per_location,reference,6.0,48.0,1.0,nob,Oracle Split Conformal,,"[""OPCN3PM25"", ""5325CAT"", ""5325CST""]",not_applicable
"[""OPCN3PM25"", ""5325CAT"", ""5325CST""]",5325CAT,seneurcity,0,20200923T15,,1.299716299230402,1.0067057609558103,1.9437811374664309,0.7782608695652173,0.775,0.7782608695652173,0.7782608695652173,0.4761904761904761,0.4761904761904761,20.480315752100687,1844,1844,168.0,168.0,1840,168.0,0.2,raw_normalized,per_location,raw_sensor,4.0,0.0,1.0,nob,Adaptive Held-Out Raw Sensor CP,OPCN3PM25,"[""5325CAT"", ""5325CST""]",posterior
"[""OPCN3PM25"", ""5325CAT"", ""5325CST""]",5325CAT,seneurcity,0,20200923T15,,2.520859230648388,1.8725571632385252,3.881356954574585,0.8798913043478261,0.9146739130434782,0.8798913043478261,0.8798913043478261,0.7321428571428571,0.6071428571428571,30.68510815708533,1844,528,168.0,48.0,1840,168.0,0.2,raw_normalized,per_location,raw_sensor,6.0,48.0,1.0,nob,Adaptive Held-Out Raw Sensor CP,5325CAT,"[""OPCN3PM25"", ""5325CST""]",posterior
"[""OPCN3PM25"", ""5325CAT"", ""5325CST""]",5325CAT,seneurcity,0,20200923T15,,2.689677260138772,1.8143891096115112,4.9093403816223145,0.7217391304347827,0.9059782608695652,0.7217391304347827,0.7217391304347827,0.6666666666666666,0.5297619047619048,27.05878678767577,1844,528,168.0,48.0,1840,168.0,0.2,raw_normalized,per_location,raw_sensor,6.0,48.0,1.0,nob,Adaptive Held-Out Raw Sensor CP,5325CST,"[""OPCN3PM25"", ""5325CAT""]",posterior
"[""OPCN3PM25"", ""5325CAT"", ""5325CST""]",5325CAT,seneurcity,0,20200923T15,,1.2815515655446008,,,0.5416666666666666,0.825,,,0.5416666666666666,,19.95685577392578,1844,0,168.0,0.0,1840,168.0,0.2,none,,,,,,,Fused Posterior Predictive,,"[""OPCN3PM25"", ""5325CAT"", ""5325CST""]",
"[""OPCN3PM25"", ""5325CAT"", ""5325CST""]",5325CAT,seneurcity,0,20201223T15,,1.086257221798102,0.4133125841617584,2.130057573318481,0.8577821979114868,0.8577821979114868,,,0.5476190476190477,,9.862052716974269,1972,576,168.0,51.0,2011,168.0,0.2,model_normalized,per_location,reference,6.0,48.0,1.0,nob,Oracle Split Conformal,,"[""OPCN3PM25"", ""5325CAT"", ""5325CST""]",not_applicable
"[""OPCN3PM25"", ""5325CAT"", ""5325CST""]",5325CAT,seneurcity,0,20201223T15,,2.5563105990489325,0.9496896862983704,6.231750011444092,0.8518150174042765,0.9741422178020884,0.8518150174042765,0.8518150174042765,0.8392857142857143,0.5357142857142857,20.959689702833103,1972,1972,168.0,168.0,2011,168.0,0.2,raw_normalized,per_location,raw_sensor,4.0,0.0,1.0,nob,Adaptive Held-Out Raw Sensor CP,OPCN3PM25,"[""5325CAT"", ""5325CST""]",posterior
"[""OPCN3PM25"", ""5325CAT"", ""5325CST""]",5325CAT,seneurcity,0,20201223T15,,0.9566542307535808,0.3514577150344848,1.891745924949646,0.6976628543013426,0.9348582794629536,0.6976628543013426,0.6976628543013426,0.6607142857142857,0.2797619047619047,9.329883971931862,1972,576,168.0,51.0,2011,168.0,0.2,raw_normalized,per_location,raw_sensor,6.0,48.0,1.0,nob,Adaptive Held-Out Raw Sensor CP,5325CAT,"[""OPCN3PM25"", ""5325CST""]",posterior
"[""OPCN3PM25"", ""5325CAT"", ""5325CST""]",5325CAT,seneurcity,0,20201223T15,,0.8050595099727312,0.3675031960010528,1.8072115182876587,0.6807558428642466,0.8896071606166086,0.6807558428642466,0.6807558428642466,0.6190476190476191,0.2857142857142857,8.494868158864358,1972,576,168.0,51.0,2011,168.0,0.2,raw_normalized,per_location,raw_sensor,6.0,48.0,1.0,nob,Adaptive Held-Out Raw Sensor CP,5325CST,"[""OPCN3PM25"", ""5325CAT""]",posterior
"[""OPCN3PM25"", ""5325CAT"", ""5325CST""]",5325CAT,seneurcity,0,20201223T15,,1.2815515655446008,,,0.6011904761904762,0.9099950273495774,,,0.6011904761904762,,11.282379150390623,1972,0,168.0,0.0,2011,168.0,0.2,none,,,,,,,Fused Posterior Predictive,,"[""OPCN3PM25"", ""5325CAT"", ""5325CST""]",
"[""OPCN3PM25"", ""5325CAT"", ""5325CST""]",5325CAT,seneurcity,0,20201230T15,,1.4912778586149216,0.8176996111869812,4.215829849243164,0.96274217585693,0.96274217585693,,,0.7083333333333334,,19.085171735114976,1980,576,168.0,48.0,2013,168.0,0.2,model_normalized,per_location,reference,6.0,48.0,1.0,nob,Oracle Split Conformal,,"[""OPCN3PM25"", ""5325CAT"", ""5325CST""]",not_applicable
"[""OPCN3PM25"", ""5325CAT"", ""5325CST""]",5325CAT,seneurcity,0,20201230T15,,1.6363530158996582,1.2476518154144287,2.964105129241944,0.7570789865871833,0.9895678092399404,0.7570789865871833,0.7570789865871833,0.9047619047619048,0.4821428571428571,20.16979540159793,1980,1980,168.0,168.0,2013,168.0,0.2,raw_normalized,per_location,raw_sensor,4.0,0.0,1.0,nob,Adaptive Held-Out Raw Sensor CP,OPCN3PM25,"[""5325CAT"", ""5325CST""]",posterior
"[""OPCN3PM25"", ""5325CAT"", ""5325CST""]",5325CAT,seneurcity,0,20201230T15,,1.0144859949747722,0.634742259979248,2.655172824859619,0.4769001490312965,0.9900645802285146,0.4769001490312965,0.4769001490312965,0.8928571428571429,0.1428571428571428,11.50579216858669,1980,576,168.0,48.0,2013,168.0,0.2,raw_normalized,per_location,raw_sensor,6.0,48.0,1.0,nob,Adaptive Held-Out Raw Sensor CP,5325CAT,"[""OPCN3PM25"", ""5325CST""]",posterior
"[""OPCN3PM25"", ""5325CAT"", ""5325CST""]",5325CAT,seneurcity,0,20201230T15,,0.8539879073699316,0.5048868656158447,2.953160047531128,0.4525583705911575,0.92200695479384,0.4525583705911575,0.4525583705911575,0.5952380952380952,0.1607142857142857,10.634639470555328,1980,576,168.0,48.0,2013,168.0,0.2,raw_normalized,per_location,raw_sensor,6.0,48.0,1.0,nob,Adaptive Held-Out Raw Sensor CP,5325CST,"[""OPCN3PM25"", ""5325CAT""]",posterior
"[""OPCN3PM25"", ""5325CAT"", ""5325CST""]",5325CAT,seneurcity,0,20201230T15,,1.2815515655446008,,,0.7321428571428571,0.9706905116741182,,,0.7321428571428571,,14.36479949951172,1980,0,168.0,0.0,2013,168.0,0.2,none,,,,,,,Fused Posterior Predictive,,"[""OPCN3PM25"", ""5325CAT"", ""5325CST""]",
"[""OPCN3PM25"", ""5325CAT"", ""5325CST""]",5325CAT,seneurcity,0,20210106T15,,1.3218435446421306,0.8561494946479797,1.937076568603516,0.9616151545363908,0.9616151545363908,,,0.6726190476190477,,34.81484418637969,2008,576,168.0,48.0,2006,168.0,0.2,model_normalized,per_location,reference,6.0,48.0,1.0,nob,Oracle Split Conformal,,"[""OPCN3PM25"", ""5325CAT"", ""5325CST""]",not_applicable
"[""OPCN3PM25"", ""5325CAT"", ""5325CST""]",5325CAT,seneurcity,0,20210106T15,,2.6444369554519653,1.500485062599182,4.167798042297363,0.9162512462612163,1.0,0.9162512462612163,0.9162512462612163,1.0,0.8154761904761905,64.95505244971986,2008,2008,168.0,168.0,2006,168.0,0.2,raw_normalized,per_location,raw_sensor,4.0,0.0,1.0,nob,Adaptive Held-Out Raw Sensor CP,OPCN3PM25,"[""5325CAT"", ""5325CST""]",posterior
"[""OPCN3PM25"", ""5325CAT"", ""5325CST""]",5325CAT,seneurcity,0,20210106T15,,1.236893023053805,0.8625203967094421,1.6494742631912231,0.7876370887337986,0.9970089730807578,0.7876370887337986,0.7876370887337986,0.9642857142857144,0.2023809523809523,33.96801863615202,2008,576,168.0,48.0,2006,168.0,0.2,raw_normalized,per_location,raw_sensor,6.0,48.0,1.0,nob,Adaptive Held-Out Raw Sensor CP,5325CAT,"[""OPCN3PM25"", ""5325CST""]",posterior
"[""OPCN3PM25"", ""5325CAT"", ""5325CST""]",5325CAT,seneurcity,0,20210106T15,,1.3068409462769826,1.0445395708084106,1.4988365173339844,0.8130608175473579,1.0,0.8130608175473579,0.8130608175473579,1.0,0.3809523809523809,36.59308045644941,2008,576,168.0,48.0,2006,168.0,0.2,raw_normalized,per_location,raw_sensor,6.0,48.0,1.0,nob,Adaptive Held-Out Raw Sensor CP,5325CST,"[""OPCN3PM25"", ""5325CAT""]",posterior
"[""OPCN3PM25"", ""5325CAT"", ""5325CST""]",5325CAT,seneurcity,0,20210106T15,,1.2815515655446008,,,0.5714285714285714,0.9247258225324028,,,0.5714285714285714,,32.834129333496094,2008,0,168.0,0.0,2006,168.0,0.2,none,,,,,,,Fused Posterior Predictive,,"[""OPCN3PM25"", ""5325CAT"", ""5325CST""]",
"[""OPCN3PM25"", ""5325CAT"", ""5325CST""]",5325CAT,seneurcity,1,20200513T15,,0.7568127946420149,0.321850061416626,1.881180047988892,0.8139029688631426,0.8139029688631426,,,0.1845238095238095,,14.65452372298389,5577,1584,168.0,51.0,5524,168.0,0.2,model_normalized,per_location,reference,6.0,48.0,1.0,nob,Oracle Split Conformal,,"[""OPCN3PM25"", ""5325CAT"", ""5325CST""]",not_applicable
"[""OPCN3PM25"", ""5325CAT"", ""5325CST""]",5325CAT,seneurcity,1,20200513T15,,1.3683937932505752,1.1683443784713743,3.064316511154175,0.809015206372194,0.8930123099203475,0.809015206372194,0.809015206372194,0.8035714285714286,0.4702380952380952,27.72052648995857,5577,5516,168.0,168.0,5524,168.0,0.2,raw_normalized,per_location,raw_sensor,4.0,0.0,1.0,nob,Adaptive Held-Out Raw Sensor CP,OPCN3PM25,"[""5325CAT"", ""5325CST""]",posterior
"[""OPCN3PM25"", ""5325CAT"", ""5325CST""]",5325CAT,seneurcity,1,20200513T15,,1.5345290303230286,0.8507308959960938,3.0342001914978027,0.9840695148443156,0.9880521361332368,0.9840695148443156,0.9840695148443156,0.6190476190476191,0.6904761904761905,33.153436393128366,5577,1584,168.0,51.0,5524,168.0,0.2,raw_normalized,per_location,raw_sensor,6.0,48.0,1.0,nob,Adaptive Held-Out Raw Sensor CP,5325CAT,"[""OPCN3PM25"", ""5325CST""]",posterior
"[""OPCN3PM25"", ""5325CAT"", ""5325CST""]",5325CAT,seneurcity,1,20200513T15,,1.8019289681405728,1.0302807092666626,3.4319167137146,0.9645184648805214,0.9867849384503984,0.9645184648805214,0.9645184648805214,0.5833333333333334,0.5535714285714286,33.13615955044445,5577,1584,168.0,51.0,5524,168.0,0.2,raw_normalized,per_location,raw_sensor,6.0,48.0,1.0,nob,Adaptive Held-Out Raw Sensor CP,5325CST,"[""OPCN3PM25"", ""5325CAT""]",posterior
"[""OPCN3PM25"", ""5325CAT"", ""5325CST""]",5325CAT,seneurcity,1,20200513T15,,1.2815515655446008,,,0.7142857142857143,0.9473207820419984,,,0.7142857142857143,,25.830366134643555,5577,0,168.0,0.0,5524,168.0,0.2,none,,,,,,,Fused Posterior Predictive,,"[""OPCN3PM25"", ""5325CAT"", ""5325CST""]",
"[""OPCN3PM25"", ""5325CAT"", ""5325CST""]",5325CAT,seneurcity,1,20200520T15,,1.5558289325598516,1.0149390697479248,2.984853029251098,0.9881818181818182,0.9881818181818182,,,0.7023809523809523,,17.850440259153192,5523,1584,168.0,51.0,5500,168.0,0.2,model_normalized,per_location,reference,6.0,48.0,1.0,nob,Oracle Split Conformal,,"[""OPCN3PM25"", ""5325CAT"", ""5325CST""]",not_applicable
"[""OPCN3PM25"", ""5325CAT"", ""5325CST""]",5325CAT,seneurcity,1,20200520T15,,1.4763716784390537,1.172125220298767,5.2831010818481445,0.8118181818181818,0.996,0.8118181818181818,0.8118181818181818,0.8809523809523809,0.2083333333333333,18.055850615414705,5523,5523,168.0,168.0,5500,168.0,0.2,raw_normalized,per_location,raw_sensor,4.0,0.0,1.0,nob,Adaptive Held-Out Raw Sensor CP,OPCN3PM25,"[""5325CAT"", ""5325CST""]",posterior
"[""OPCN3PM25"", ""5325CAT"", ""5325CST""]",5325CAT,seneurcity,1,20200520T15,,1.002083673621669,0.5706331133842468,1.3144690990447998,0.9409090909090908,0.9930909090909092,0.9409090909090908,0.9409090909090908,0.7857142857142857,0.4523809523809524,14.409739255861805,5523,1584,168.0,51.0,5500,168.0,0.2,raw_normalized,per_location,raw_sensor,6.0,48.0,1.0,nob,Adaptive Held-Out Raw Sensor CP,5325CAT,"[""OPCN3PM25"", ""5325CST""]",posterior
"[""OPCN3PM25"", ""5325CAT"", ""5325CST""]",5325CAT,seneurcity,1,20200520T15,,1.0961022467324228,0.7844496965408325,1.3730809688568115,0.9656363636363636,0.9938181818181818,0.9656363636363636,0.9656363636363636,0.8214285714285714,0.5535714285714286,14.560988062251695,5523,1584,168.0,51.0,5500,168.0,0.2,raw_normalized,per_location,raw_sensor,6.0,48.0,1.0,nob,Adaptive Held-Out Raw Sensor CP,5325CST,"[""OPCN3PM25"", ""5325CAT""]",posterior
"[""OPCN3PM25"", ""5325CAT"", ""5325CST""]",5325CAT,seneurcity,1,20200520T15,,1.2815515655446008,,,0.4761904761904761,0.9752727272727272,,,0.4761904761904761,,14.33301830291748,5523,0,168.0,0.0,5500,168.0,0.2,none,,,,,,,Fused Posterior Predictive,,"[""OPCN3PM25"", ""5325CAT"", ""5325CST""]",
"[""OPCN3PM25"", ""5325CAT"", ""5325CST""]",5325CAT,seneurcity,1,20200527T15,,0.6728558413910143,0.4395261406898498,1.5671871900558472,0.6983868044226935,0.6983868044226935,,,0.1726190476190476,,9.536674320276436,5512,1584,168.0,52.0,5517,168.0,0.2,model_normalized,per_location,reference,6.0,48.0,1.0,nob,Oracle Split Conformal,,"[""OPCN3PM25"", ""5325CAT"", ""5325CST""]",not_applicable
"[""OPCN3PM25"", ""5325CAT"", ""5325CST""]",5325CAT,seneurcity,1,20200527T15,,1.2627624851284605,1.007152080535889,1.6080174446105957,0.6128330614464382,0.8363240891789016,0.6128330614464382,0.6128330614464382,0.5238095238095238,0.25,19.97470985177161,5512,5512,168.0,168.0,5517,168.0,0.2,raw_normalized,per_location,raw_sensor,4.0,0.0,1.0,nob,Adaptive Held-Out Raw Sensor CP,OPCN3PM25,"[""5325CAT"", ""5325CST""]",posterior
"[""OPCN3PM25"", ""5325CAT"", ""5325CST""]",5325CAT,seneurcity,1,20200527T15,,0.4973769567229531,0.3035566508769989,1.378765106201172,0.4988218234547761,0.6682979880369766,0.4988218234547761,0.4988218234547761,0.0416666666666666,0.2142857142857142,11.14902283669123,5512,1584,168.0,52.0,5517,168.0,0.2,raw_normalized,per_location,raw_sensor,6.0,48.0,1.0,nob,Adaptive Held-Out Raw Sensor CP,5325CAT,"[""OPCN3PM25"", ""5325CST""]",posterior
"[""OPCN3PM25"", ""5325CAT"", ""5325CST""]",5325CAT,seneurcity,1,20200527T15,,0.5254881278131948,0.2421022206544876,1.442426681518555,0.367047308319739,0.4458945078847199,0.367047308319739,0.367047308319739,0.0119047619047619,0.0773809523809523,10.549195656142029,5512,1584,168.0,52.0,5517,168.0,0.2,raw_normalized,per_location,raw_sensor,6.0,48.0,1.0,nob,Adaptive Held-Out Raw Sensor CP,5325CST,"[""OPCN3PM25"", ""5325CAT""]",posterior
"[""OPCN3PM25"", ""5325CAT"", ""5325CST""]",5325CAT,seneurcity,1,20200527T15,,1.2815515655446008,,,0.4702380952380952,0.8903389523291644,,,0.4702380952380952,,19.386579513549805,5512,0,168.0,0.0,5517,168.0,0.2,none,,,,,,,Fused Posterior Predictive,,"[""OPCN3PM25"", ""5325CAT"", ""5325CST""]",
"[""OPCN3PM25"", ""5325CAT"", ""5325CST""]",5325CAT,seneurcity,1,20200909T15,,1.5404687252911655,1.0768436193466189,2.244551181793213,0.9643640350877192,0.9643640350877192,,,0.7857142857142857,,13.99842934754857,1825,528,168.0,49.0,1824,168.0,0.2,model_normalized,per_location,reference,6.0,48.0,1.0,nob,Oracle Split Conformal,,"[""OPCN3PM25"", ""5325CAT"", ""5325CST""]",not_applicable
"[""OPCN3PM25"", ""5325CAT"", ""5325CST""]",5325CAT,seneurcity,1,20200909T15,,4.843399741432884,3.4473376274108887,7.427292346954346,0.9851973684210528,1.0,0.9851973684210528,0.9851973684210528,1.0,0.9642857142857144,30.631648039347247,1825,1825,168.0,168.0,1824,168.0,0.2,raw_normalized,per_location,raw_sensor,4.0,0.0,1.0,nob,Adaptive Held-Out Raw Sensor CP,OPCN3PM25,"[""5325CAT"", ""5325CST""]",posterior
"[""OPCN3PM25"", ""5325CAT"", ""5325CST""]",5325CAT,seneurcity,1,20200909T15,,1.067653845657002,0.9152269959449768,1.4460126161575315,0.9347587719298246,0.9824561403508772,0.9347587719298246,0.9347587719298246,0.8928571428571429,0.8214285714285714,11.362858676400624,1825,528,168.0,49.0,1824,168.0,0.2,raw_normalized,per_location,raw_sensor,6.0,48.0,1.0,nob,Adaptive Held-Out Raw Sensor CP,5325CAT,"[""OPCN3PM25"", ""5325CST""]",posterior
"[""OPCN3PM25"", ""5325CAT"", ""5325CST""]",5325CAT,seneurcity,1,20200909T15,,1.078036205335097,0.9100762605667114,1.490370273590088,0.9270833333333334,0.9775219298245614,0.9270833333333334,0.9270833333333334,0.875,0.7678571428571429,10.909054739694849,1825,528,168.0,49.0,1824,168.0,0.2,raw_normalized,per_location,raw_sensor,6.0,48.0,1.0,nob,Adaptive Held-Out Raw Sensor CP,5325CST,"[""OPCN3PM25"", ""5325CAT""]",posterior
"[""OPCN3PM25"", ""5325CAT"", ""5325CST""]",5325CAT,seneurcity,1,20200909T15,,1.2815515655446008,,,0.6904761904761905,0.9237938596491228,,,0.6904761904761905,,11.44920825958252,1825,0,168.0,0.0,1824,168.0,0.2,none,,,,,,,Fused Posterior Predictive,,"[""OPCN3PM25"", ""5325CAT"", ""5325CST""]",
"[""OPCN3PM25"", ""5325CAT"", ""5325CST""]",5325CAT,seneurcity,1,20200916T15,,1.00834520296617,0.625502347946167,1.961890459060669,0.8762214983713354,0.8762214983713354,,,0.4642857142857143,,14.563264007094627,1818,528,168.0,59.0,1842,168.0,0.2,model_normalized,per_location,reference,6.0,48.0,1.0,nob,Oracle Split Conformal,,"[""OPCN3PM25"", ""5325CAT"", ""5325CST""]",not_applicable
"[""OPCN3PM25"", ""5325CAT"", ""5325CST""]",5325CAT,seneurcity,1,20200916T15,,1.641001907261935,1.103835940361023,2.890891790390014,0.8355048859934854,0.9440825190010858,0.8355048859934854,0.8355048859934854,0.8571428571428571,0.5952380952380952,22.742992522014987,1818,1818,168.0,168.0,1842,168.0,0.2,raw_normalized,per_location,raw_sensor,4.0,0.0,1.0,nob,Adaptive Held-Out Raw Sensor CP,OPCN3PM25,"[""5325CAT"", ""5325CST""]",posterior
"[""OPCN3PM25"", ""5325CAT"", ""5325CST""]",5325CAT,seneurcity,1,20200916T15,,0.612856385382739,0.4489061832427978,1.1161259412765503,0.5434310532030402,0.6824104234527687,0.5434310532030402,0.5434310532030402,0.1666666666666666,0.1785714285714285,9.873780562098458,1818,528,168.0,59.0,1842,168.0,0.2,raw_normalized,per_location,raw_sensor,6.0,48.0,1.0,nob,Adaptive Held-Out Raw Sensor CP,5325CAT,"[""OPCN3PM25"", ""5325CST""]",posterior
"[""OPCN3PM25"", ""5325CAT"", ""5325CST""]",5325CAT,seneurcity,1,20200916T15,,0.6405218649994243,0.450948417186737,1.554201602935791,0.5152008686210641,0.6476655808903365,0.5152008686210641,0.5152008686210641,0.1607142857142857,0.1607142857142857,9.53754783945156,1818,528,168.0,59.0,1842,168.0,0.2,raw_normalized,per_location,raw_sensor,6.0,48.0,1.0,nob,Adaptive Held-Out Raw Sensor CP,5325CST,"[""OPCN3PM25"", ""5325CAT""]",posterior
"[""OPCN3PM25"", ""5325CAT"", ""5325CST""]",5325CAT,seneurcity,1,20200916T15,,1.2815515655446008,,,0.8035714285714286,0.9549402823018458,,,0.8035714285714286,,18.575462341308597,1818,0,168.0,0.0,1842,168.0,0.2,none,,,,,,,Fused Posterior Predictive,,"[""OPCN3PM25"", ""5325CAT"", ""5325CST""]",
"[""OPCN3PM25"", ""5325CAT"", ""5325CST""]",5325CAT,seneurcity,1,20200923T15,,0.8149293877861716,0.334611713886261,1.470138669013977,0.6994565217391304,0.6994565217391304,,,0.238095238095238,,13.001044061164492,1844,528,168.0,48.0,1840,168.0,0.2,model_normalized,per_location,reference,6.0,48.0,1.0,nob,Oracle Split Conformal,,"[""OPCN3PM25"", ""5325CAT"", ""5325CST""]",not_applicable
"[""OPCN3PM25"", ""5325CAT"", ""5325CST""]",5325CAT,seneurcity,1,20200923T15,,1.152416001666676,0.9450169205665588,1.3007007837295532,0.6570652173913043,0.8108695652173913,0.6570652173913043,0.6570652173913043,0.5892857142857143,0.3571428571428571,19.39496315116792,1844,1844,168.0,168.0,1840,168.0,0.2,raw_normalized,per_location,raw_sensor,4.0,0.0,1.0,nob,Adaptive Held-Out Raw Sensor CP,OPCN3PM25,"[""5325CAT"", ""5325CST""]",posterior
"[""OPCN3PM25"", ""5325CAT"", ""5325CST""]",5325CAT,seneurcity,1,20200923T15,,1.4019097739999944,0.614619791507721,2.5428690910339355,0.7603260869565217,0.9010869565217392,0.7603260869565217,0.7603260869565217,0.6488095238095238,0.4107142857142857,22.68271445836062,1844,528,168.0,48.0,1840,168.0,0.2,raw_normalized,per_location,raw_sensor,6.0,48.0,1.0,nob,Adaptive Held-Out Raw Sensor CP,5325CAT,"[""OPCN3PM25"", ""5325CST""]",posterior
"[""OPCN3PM25"", ""5325CAT"", ""5325CST""]",5325CAT,seneurcity,1,20200923T15,,1.7058442018248818,0.6995123028755188,3.650568723678589,0.6646739130434782,0.8603260869565217,0.6646739130434782,0.6646739130434782,0.5892857142857143,0.3809523809523809,22.04296088668963,1844,528,168.0,48.0,1840,168.0,0.2,raw_normalized,per_location,raw_sensor,6.0,48.0,1.0,nob,Adaptive Held-Out Raw Sensor CP,5325CST,"[""OPCN3PM25"", ""5325CAT""]",posterior
"[""OPCN3PM25"", ""5325CAT"", ""5325CST""]",5325CAT,seneurcity,1,20200923T15,,1.2815515655446008,,,0.7321428571428571,0.9021739130434784,,,0.7321428571428571,,20.90184783935547,1844,0,168.0,0.0,1840,168.0,0.2,none,,,,,,,Fused Posterior Predictive,,"[""OPCN3PM25"", ""5325CAT"", ""5325CST""]",
"[""OPCN3PM25"", ""5325CAT"", ""5325CST""]",5325CAT,seneurcity,1,20201223T15,,1.3906238277753191,0.7312197089195251,2.258913993835449,0.8493286921929388,0.8493286921929388,,,0.4702380952380952,,14.25920467069794,1972,576,168.0,51.0,2011,168.0,0.2,model_normalized,per_location,reference,6.0,48.0,1.0,nob,Oracle Split Conformal,,"[""OPCN3PM25"", ""5325CAT"", ""5325CST""]",not_applicable
"[""OPCN3PM25"", ""5325CAT"", ""5325CST""]",5325CAT,seneurcity,1,20201223T15,,2.0548092325528464,1.2313371896743774,4.887983798980713,0.8901044256588762,0.9880656389855792,0.8901044256588762,0.8901044256588762,0.9345238095238096,0.6785714285714286,21.03472493310685,1972,1972,168.0,168.0,2011,168.0,0.2,raw_normalized,per_location,raw_sensor,4.0,0.0,1.0,nob,Adaptive Held-Out Raw Sensor CP,OPCN3PM25,"[""5325CAT"", ""5325CST""]",posterior
"[""OPCN3PM25"", ""5325CAT"", ""5325CST""]",5325CAT,seneurcity,1,20201223T15,,0.8418262998263041,0.6238980889320374,1.6010652780532837,0.7603182496270512,0.8165091994032819,0.7603182496270512,0.7603182496270512,0.3511904761904761,0.3630952380952381,9.72157057901925,1972,576,168.0,51.0,2011,168.0,0.2,raw_normalized,per_location,raw_sensor,6.0,48.0,1.0,nob,Adaptive Held-Out Raw Sensor CP,5325CAT,"[""OPCN3PM25"", ""5325CST""]",posterior
"[""OPCN3PM25"", ""5325CAT"", ""5325CST""]",5325CAT,seneurcity,1,20201223T15,,0.8548382769028345,0.5839018821716309,1.780971884727478,0.7588264545002487,0.8254599701640974,0.7588264545002487,0.7588264545002487,0.2857142857142857,0.2797619047619047,9.895014448901838,1972,576,168.0,51.0,2011,168.0,0.2,raw_normalized,per_location,raw_sensor,6.0,48.0,1.0,nob,Adaptive Held-Out Raw Sensor CP,5325CST,"[""OPCN3PM25"", ""5325CAT""]",posterior
"[""OPCN3PM25"", ""5325CAT"", ""5325CST""]",5325CAT,seneurcity,1,20201223T15,,1.2815515655446008,,,0.4702380952380952,0.8373943311785181,,,0.4702380952380952,,12.55403995513916,1972,0,168.0,0.0,2011,168.0,0.2,none,,,,,,,Fused Posterior Predictive,,"[""OPCN3PM25"", ""5325CAT"", ""5325CST""]",
"[""OPCN3PM25"", ""5325CAT"", ""5325CST""]",5325CAT,seneurcity,1,20201230T15,,1.6621719151735306,0.9418206810951232,3.880338191986084,0.8753104818678589,0.8753104818678589,,,0.5297619047619048,,22.209771135850623,1980,576,168.0,48.0,2013,168.0,0.2,model_normalized,per_location,reference,6.0,48.0,1.0,nob,Oracle Split Conformal,,"[""OPCN3PM25"", ""5325CAT"", ""5325CST""]",not_applicable
"[""OPCN3PM25"", ""5325CAT"", ""5325CST""]",5325CAT,seneurcity,1,20201230T15,,1.451122244199117,1.1499288082122805,2.6319897174835205,0.6994535519125683,0.9642324888226528,0.6994535519125683,0.6994535519125683,0.7559523809523809,0.3214285714285714,19.63103452831196,1980,1980,168.0,168.0,2013,168.0,0.2,raw_normalized,per_location,raw_sensor,4.0,0.0,1.0,nob,Adaptive Held-Out Raw Sensor CP,OPCN3PM25,"[""5325CAT"", ""5325CST""]",posterior
"[""OPCN3PM25"", ""5325CAT"", ""5325CST""]",5325CAT,seneurcity,1,20201230T15,,0.9816604057947794,0.6462259888648987,3.052729845046997,0.5076999503229012,0.7848981619473423,0.5076999503229012,0.5076999503229012,0.369047619047619,0.2202380952380952,12.515898014722744,1980,576,168.0,48.0,2013,168.0,0.2,raw_normalized,per_location,raw_sensor,6.0,48.0,1.0,nob,Adaptive Held-Out Raw Sensor CP,5325CAT,"[""OPCN3PM25"", ""5325CST""]",posterior
"[""OPCN3PM25"", ""5325CAT"", ""5325CST""]",5325CAT,seneurcity,1,20201230T15,,1.0267007102568944,0.6431896090507507,4.0485124588012695,0.4729259811227024,0.762046696472926,0.4729259811227024,0.4729259811227024,0.3214285714285714,0.1785714285714285,12.594091651884408,1980,576,168.0,48.0,2013,168.0,0.2,raw_normalized,per_location,raw_sensor,6.0,48.0,1.0,nob,Adaptive Held-Out Raw Sensor CP,5325CST,"[""OPCN3PM25"", ""5325CAT""]",posterior
"[""OPCN3PM25"", ""5325CAT"", ""5325CST""]",5325CAT,seneurcity,1,20201230T15,,1.2815515655446008,,,0.2916666666666667,0.7983109786388475,,,0.2916666666666667,,15.16153621673584,1980,0,168.0,0.0,2013,168.0,0.2,none,,,,,,,Fused Posterior Predictive,,"[""OPCN3PM25"", ""5325CAT"", ""5325CST""]",
"[""OPCN3PM25"", ""5325CAT"", ""5325CST""]",5325CAT,seneurcity,1,20210106T15,,1.6470657587051392,1.0884318351745603,2.2811617851257324,0.821036889332004,0.821036889332004,,,0.5178571428571429,,46.57876164249979,2008,576,168.0,48.0,2006,168.0,0.2,model_normalized,per_location,reference,6.0,48.0,1.0,nob,Oracle Split Conformal,,"[""OPCN3PM25"", ""5325CAT"", ""5325CST""]",not_applicable
"[""OPCN3PM25"", ""5325CAT"", ""5325CST""]",5325CAT,seneurcity,1,20210106T15,,2.477112273375193,1.4022743701934814,5.280666351318359,0.8753738783649053,1.0,0.8753738783649053,0.8753738783649053,1.0,0.5714285714285714,64.54468631364055,2008,2008,168.0,168.0,2006,168.0,0.2,raw_normalized,per_location,raw_sensor,4.0,0.0,1.0,nob,Adaptive Held-Out Raw Sensor CP,OPCN3PM25,"[""5325CAT"", ""5325CST""]",posterior
"[""OPCN3PM25"", ""5325CAT"", ""5325CST""]",5325CAT,seneurcity,1,20210106T15,,1.3606583674748738,1.0049097537994385,1.7666016817092896,0.9695912263210368,0.996011964107677,0.9695912263210368,0.9695912263210368,0.9583333333333334,0.7261904761904762,42.53098911801697,2008,576,168.0,48.0,2006,168.0,0.2,raw_normalized,per_location,raw_sensor,6.0,48.0,1.0,nob,Adaptive Held-Out Raw Sensor CP,5325CAT,"[""OPCN3PM25"", ""5325CST""]",posterior
"[""OPCN3PM25"", ""5325CAT"", ""5325CST""]",5325CAT,seneurcity,1,20210106T15,,1.538795878489812,1.075164556503296,2.101719379425049,0.9272183449651048,0.9970089730807578,0.9272183449651048,0.9272183449651048,0.9761904761904762,0.6845238095238095,45.71226506884528,2008,576,168.0,48.0,2006,168.0,0.2,raw_normalized,per_location,raw_sensor,6.0,48.0,1.0,nob,Adaptive Held-Out Raw Sensor CP,5325CST,"[""OPCN3PM25"", ""5325CAT""]",posterior
"[""OPCN3PM25"", ""5325CAT"", ""5325CST""]",5325CAT,seneurcity,1,20210106T15,,1.2815515655446008,,,0.2202380952380952,0.6071784646061814,,,0.2202380952380952,,34.40400695800781,2008,0,168.0,0.0,2006,168.0,0.2,none,,,,,,,Fused Posterior Predictive,,"[""OPCN3PM25"", ""5325CAT"", ""5325CST""]",
"[""OPCN3PM25"", ""5325CAT"", ""5325CST""]",5325CAT,seneurcity,42,20200513T15,,0.8834645459146211,0.3716010749340057,1.871643304824829,0.8443157132512672,0.8443157132512672,,,0.2916666666666667,,16.21878789485062,5577,1584,168.0,51.0,5524,168.0,0.2,model_normalized,per_location,reference,6.0,48.0,1.0,nob,Oracle Split Conformal,,"[""OPCN3PM25"", ""5325CAT"", ""5325CST""]",not_applicable
"[""OPCN3PM25"", ""5325CAT"", ""5325CST""]",5325CAT,seneurcity,42,20200513T15,,1.4901697455030498,1.2104122638702393,4.112249374389648,0.78059377262853,0.8986241853729182,0.78059377262853,0.78059377262853,0.8273809523809523,0.5357142857142857,28.719670930379632,5577,5516,168.0,168.0,5524,168.0,0.2,raw_normalized,per_location,raw_sensor,4.0,0.0,1.0,nob,Adaptive Held-Out Raw Sensor CP,OPCN3PM25,"[""5325CAT"", ""5325CST""]",posterior
"[""OPCN3PM25"", ""5325CAT"", ""5325CST""]",5325CAT,seneurcity,42,20200513T15,,1.5985313220457598,0.8706393837928772,3.387314319610596,0.97664735698769,0.9862418537291816,0.97664735698769,0.97664735698769,0.5595238095238095,0.6964285714285714,32.02651602307107,5577,1584,168.0,51.0,5524,168.0,0.2,raw_normalized,per_location,raw_sensor,6.0,48.0,1.0,nob,Adaptive Held-Out Raw Sensor CP,5325CAT,"[""OPCN3PM25"", ""5325CST""]",posterior
"[""OPCN3PM25"", ""5325CAT"", ""5325CST""]",5325CAT,seneurcity,42,20200513T15,,1.9393280419436367,1.0398038625717163,4.08074426651001,0.943881245474294,0.9869659666908036,0.943881245474294,0.943881245474294,0.6130952380952381,0.5059523809523809,33.366349649722814,5577,1584,168.0,51.0,5524,168.0,0.2,raw_normalized,per_location,raw_sensor,6.0,48.0,1.0,nob,Adaptive Held-Out Raw Sensor CP,5325CST,"[""OPCN3PM25"", ""5325CAT""]",posterior
"[""OPCN3PM25"", ""5325CAT"", ""5325CST""]",5325CAT,seneurcity,42,20200513T15,,1.2815515655446008,,,0.7202380952380952,0.9337436640115858,,,0.7202380952380952,,24.12547492980957,5577,0,168.0,0.0,5524,168.0,0.2,none,,,,,,,Fused Posterior Predictive,,"[""OPCN3PM25"", ""5325CAT"", ""5325CST""]",
"[""OPCN3PM25"", ""5325CAT"", ""5325CST""]",5325CAT,seneurcity,42,20200520T15,,1.5955027919827085,1.1999638080596924,3.154691457748413,0.9894545454545456,0.9894545454545456,,,0.7321428571428571,,17.079405588973653,5523,1584,168.0,51.0,5500,168.0,0.2,model_normalized,per_location,reference,6.0,48.0,1.0,nob,Oracle Split Conformal,,"[""OPCN3PM25"", ""5325CAT"", ""5325CST""]",not_applicable
"[""OPCN3PM25"", ""5325CAT"", ""5325CST""]",5325CAT,seneurcity,42,20200520T15,,1.7224229429707385,1.3226594924926758,5.948274612426758,0.902,0.9989090909090907,0.902,0.902,0.9702380952380952,0.369047619047619,20.00539232878252,5523,5523,168.0,168.0,5500,168.0,0.2,raw_normalized,per_location,raw_sensor,4.0,0.0,1.0,nob,Adaptive Held-Out Raw Sensor CP,OPCN3PM25,"[""5325CAT"", ""5325CST""]",posterior
"[""OPCN3PM25"", ""5325CAT"", ""5325CST""]",5325CAT,seneurcity,42,20200520T15,,1.5859109181346316,0.8912414908409119,3.4001898765563965,0.9972727272727272,0.9961818181818182,0.9972727272727272,0.9972727272727272,0.875,0.9166666666666666,18.549113187248057,5523,1584,168.0,51.0,5500,168.0,0.2,raw_normalized,per_location,raw_sensor,6.0,48.0,1.0,nob,Adaptive Held-Out Raw Sensor CP,5325CAT,"[""OPCN3PM25"", ""5325CST""]",posterior
"[""OPCN3PM25"", ""5325CAT"", ""5325CST""]",5325CAT,seneurcity,42,20200520T15,,2.244772878560153,1.2326310873031616,4.289780139923096,0.996,0.9972727272727272,0.996,0.996,0.9107142857142856,0.875,23.21077049985799,5523,1584,168.0,51.0,5500,168.0,0.2,raw_normalized,per_location,raw_sensor,6.0,48.0,1.0,nob,Adaptive Held-Out Raw Sensor CP,5325CST,"[""OPCN3PM25"", ""5325CAT""]",posterior
"[""OPCN3PM25"", ""5325CAT"", ""5325CST""]",5325CAT,seneurcity,42,20200520T15,,1.2815515655446008,,,0.4107142857142857,0.9730909090909092,,,0.4107142857142857,,13.282695770263672,5523,0,168.0,0.0,5500,168.0,0.2,none,,,,,,,Fused Posterior Predictive,,"[""OPCN3PM25"", ""5325CAT"", ""5325CST""]",
"[""OPCN3PM25"", ""5325CAT"", ""5325CST""]",5325CAT,seneurcity,42,20200527T15,,0.6926039303794052,0.4844990968704223,1.5780905485153198,0.7663585281856081,0.7663585281856081,,,0.2261904761904762,,7.575464802352721,5512,1584,168.0,52.0,5517,168.0,0.2,model_normalized,per_location,reference,6.0,48.0,1.0,nob,Oracle Split Conformal,,"[""OPCN3PM25"", ""5325CAT"", ""5325CST""]",not_applicable
"[""OPCN3PM25"", ""5325CAT"", ""5325CST""]",5325CAT,seneurcity,42,20200527T15,,1.291251200618166,1.0584027767181396,1.6123658418655396,0.5120536523472902,0.8027913721225304,0.5120536523472902,0.5120536523472902,0.3333333333333333,0.1488095238095238,15.611043616159684,5512,5512,168.0,168.0,5517,168.0,0.2,raw_normalized,per_location,raw_sensor,4.0,0.0,1.0,nob,Adaptive Held-Out Raw Sensor CP,OPCN3PM25,"[""5325CAT"", ""5325CST""]",posterior
"[""OPCN3PM25"", ""5325CAT"", ""5325CST""]",5325CAT,seneurcity,42,20200527T15,,0.5777589751012397,0.2560310065746307,1.9463201761245728,0.478520935290919,0.8466557911908646,0.478520935290919,0.478520935290919,0.1488095238095238,0.0714285714285714,8.638586875060039,5512,1584,168.0,52.0,5517,168.0,0.2,raw_normalized,per_location,raw_sensor,6.0,48.0,1.0,nob,Adaptive Held-Out Raw Sensor CP,5325CAT,"[""OPCN3PM25"", ""5325CST""]",posterior
"[""OPCN3PM25"", ""5325CAT"", ""5325CST""]",5325CAT,seneurcity,42,20200527T15,,0.5988470207561146,0.2620553970336914,2.189072132110596,0.4576762733369585,0.8230922602863875,0.4576762733369585,0.4576762733369585,0.1309523809523809,0.0773809523809523,8.187685902986878,5512,1584,168.0,52.0,5517,168.0,0.2,raw_normalized,per_location,raw_sensor,6.0,48.0,1.0,nob,Adaptive Held-Out Raw Sensor CP,5325CST,"[""OPCN3PM25"", ""5325CAT""]",posterior
"[""OPCN3PM25"", ""5325CAT"", ""5325CST""]",5325CAT,seneurcity,42,20200527T15,,1.2815515655446008,,,0.375,0.8948704005800254,,,0.375,,14.726720809936523,5512,0,168.0,0.0,5517,168.0,0.2,none,,,,,,,Fused Posterior Predictive,,"[""OPCN3PM25"", ""5325CAT"", ""5325CST""]",
"[""OPCN3PM25"", ""5325CAT"", ""5325CST""]",5325CAT,seneurcity,42,20200909T15,,1.3500562526962974,0.8359554409980774,2.002967357635498,0.9429824561403508,0.9429824561403508,,,0.7321428571428571,,11.475614607987696,1825,528,168.0,49.0,1824,168.0,0.2,model_normalized,per_location,reference,6.0,48.0,1.0,nob,Oracle Split Conformal,,"[""OPCN3PM25"", ""5325CAT"", ""5325CST""]",not_applicable
"[""OPCN3PM25"", ""5325CAT"", ""5325CST""]",5325CAT,seneurcity,42,20200909T15,,4.782293211330067,3.106611013412476,7.015720367431641,0.9895833333333334,0.9994517543859648,0.9895833333333334,0.9895833333333334,0.9940476190476192,0.9404761904761904,29.16381035353008,1825,1825,168.0,168.0,1824,168.0,0.2,raw_normalized,per_location,raw_sensor,4.0,0.0,1.0,nob,Adaptive Held-Out Raw Sensor CP,OPCN3PM25,"[""5325CAT"", ""5325CST""]",posterior
"[""OPCN3PM25"", ""5325CAT"", ""5325CST""]",5325CAT,seneurcity,42,20200909T15,,1.1817978674715215,0.9938172698020936,1.3295199871063232,0.9298245614035088,0.993421052631579,0.9298245614035088,0.9298245614035088,0.9345238095238096,0.7857142857142857,11.433226376118368,1825,528,168.0,49.0,1824,168.0,0.2,raw_normalized,per_location,raw_sensor,6.0,48.0,1.0,nob,Adaptive Held-Out Raw Sensor CP,5325CAT,"[""OPCN3PM25"", ""5325CST""]",posterior
"[""OPCN3PM25"", ""5325CAT"", ""5325CST""]",5325CAT,seneurcity,42,20200909T15,,1.1664466099305586,0.9934312105178832,1.3991420269012451,0.9237938596491228,0.9890350877192984,0.9237938596491228,0.9237938596491228,0.9285714285714286,0.7440476190476191,11.06612184081684,1825,528,168.0,49.0,1824,168.0,0.2,raw_normalized,per_location,raw_sensor,6.0,48.0,1.0,nob,Adaptive Held-Out Raw Sensor CP,5325CST,"[""OPCN3PM25"", ""5325CAT""]",posterior
"[""OPCN3PM25"", ""5325CAT"", ""5325CST""]",5325CAT,seneurcity,42,20200909T15,,1.2815515655446008,,,0.7559523809523809,0.9391447368421052,,,0.7559523809523809,,10.85201644897461,1825,0,168.0,0.0,1824,168.0,0.2,none,,,,,,,Fused Posterior Predictive,,"[""OPCN3PM25"", ""5325CAT"", ""5325CST""]",
"[""OPCN3PM25"", ""5325CAT"", ""5325CST""]",5325CAT,seneurcity,42,20200916T15,,0.9628091021017596,0.5843441486358643,1.467623949050903,0.9093376764386536,0.9093376764386536,,,0.5952380952380952,,12.81527642499611,1818,528,168.0,59.0,1842,168.0,0.2,model_normalized,per_location,reference,6.0,48.0,1.0,nob,Oracle Split Conformal,,"[""OPCN3PM25"", ""5325CAT"", ""5325CST""]",not_applicable
"[""OPCN3PM25"", ""5325CAT"", ""5325CST""]",5325CAT,seneurcity,42,20200916T15,,1.620216727256775,1.060832977294922,2.728666067123413,0.8745928338762216,0.9440825190010858,0.8745928338762216,0.8745928338762216,0.8452380952380952,0.6369047619047619,22.05809622077549,1818,1818,168.0,168.0,1842,168.0,0.2,raw_normalized,per_location,raw_sensor,4.0,0.0,1.0,nob,Adaptive Held-Out Raw Sensor CP,OPCN3PM25,"[""5325CAT"", ""5325CST""]",posterior
"[""OPCN3PM25"", ""5325CAT"", ""5325CST""]",5325CAT,seneurcity,42,20200916T15,,0.8522349704395641,0.5039359331130981,2.7603073120117188,0.496742671009772,0.6715526601520087,0.496742671009772,0.496742671009772,0.1964285714285714,0.1488095238095238,11.522243167108874,1818,528,168.0,59.0,1842,168.0,0.2,raw_normalized,per_location,raw_sensor,6.0,48.0,1.0,nob,Adaptive Held-Out Raw Sensor CP,5325CAT,"[""OPCN3PM25"", ""5325CST""]",posterior
"[""OPCN3PM25"", ""5325CAT"", ""5325CST""]",5325CAT,seneurcity,42,20200916T15,,0.892413315447894,0.454063206911087,3.362119436264038,0.495656894679696,0.6720955483170467,0.495656894679696,0.495656894679696,0.2023809523809523,0.1547619047619047,11.162353526626942,1818,528,168.0,59.0,1842,168.0,0.2,raw_normalized,per_location,raw_sensor,6.0,48.0,1.0,nob,Adaptive Held-Out Raw Sensor CP,5325CST,"[""OPCN3PM25"", ""5325CAT""]",posterior
"[""OPCN3PM25"", ""5325CAT"", ""5325CST""]",5325CAT,seneurcity,42,20200916T15,,1.2815515655446008,,,0.8630952380952381,0.967969598262758,,,0.8630952380952381,,17.48222541809082,1818,0,168.0,0.0,1842,168.0,0.2,none,,,,,,,Fused Posterior Predictive,,"[""OPCN3PM25"", ""5325CAT"", ""5325CST""]",
"[""OPCN3PM25"", ""5325CAT"", ""5325CST""]",5325CAT,seneurcity,42,20200923T15,,0.8006219863891602,0.5268095135688782,1.1676836013793943,0.7472826086956522,0.7472826086956522,,,0.3988095238095238,,11.380681226013795,1844,528,168.0,48.0,1840,168.0,0.2,model_normalized,per_location,reference,6.0,48.0,1.0,nob,Oracle Split Conformal,,"[""OPCN3PM25"", ""5325CAT"", ""5325CST""]",not_applicable
"[""OPCN3PM25"", ""5325CAT"", ""5325CST""]",5325CAT,seneurcity,42,20200923T15,,1.2877436659552834,1.0621081590652466,1.9095770120620728,0.6282608695652174,0.821195652173913,0.6282608695652174,0.6282608695652174,0.5654761904761905,0.2916666666666667,20.407228629679786,1844,1844,168.0,168.0,1840,168.0,0.2,raw_normalized,per_location,raw_sensor,4.0,0.0,1.0,nob,Adaptive Held-Out Raw Sensor CP,OPCN3PM25,"[""5325CAT"", ""5325CST""]",posterior
"[""OPCN3PM25"", ""5325CAT"", ""5325CST""]",5325CAT,seneurcity,42,20200923T15,,2.118253090164878,1.7640665769577026,2.8500330448150635,0.8978260869565218,0.9472826086956522,0.8978260869565218,0.8978260869565218,0.7976190476190477,0.7202380952380952,28.39491086757701,1844,528,168.0,48.0,1840,168.0,0.2,raw_normalized,per_location,raw_sensor,6.0,48.0,1.0,nob,Adaptive Held-Out Raw Sensor CP,5325CAT,"[""OPCN3PM25"", ""5325CST""]",posterior
"[""OPCN3PM25"", ""5325CAT"", ""5325CST""]",5325CAT,seneurcity,42,20200923T15,,2.4285609288649126,1.9297740459442136,3.995833396911621,0.7679347826086956,0.9353260869565218,0.7679347826086956,0.7679347826086956,0.7261904761904762,0.5714285714285714,28.273680685266203,1844,528,168.0,48.0,1840,168.0,0.2,raw_normalized,per_location,raw_sensor,6.0,48.0,1.0,nob,Adaptive Held-Out Raw Sensor CP,5325CST,"[""OPCN3PM25"", ""5325CAT""]",posterior
"[""OPCN3PM25"", ""5325CAT"", ""5325CST""]",5325CAT,seneurcity,42,20200923T15,,1.2815515655446008,,,0.7797619047619048,0.903804347826087,,,0.7797619047619048,,18.84515380859375,1844,0,168.0,0.0,1840,168.0,0.2,none,,,,,,,Fused Posterior Predictive,,"[""OPCN3PM25"", ""5325CAT"", ""5325CST""]",
"[""OPCN3PM25"", ""5325CAT"", ""5325CST""]",5325CAT,seneurcity,42,20201223T15,,1.489841267466545,0.8545454144477844,2.410407066345215,0.8811536548980606,0.8811536548980606,,,0.5238095238095238,,16.37495238919317,1972,576,168.0,51.0,2011,168.0,0.2,model_normalized,per_location,reference,6.0,48.0,1.0,nob,Oracle Split Conformal,,"[""OPCN3PM25"", ""5325CAT"", ""5325CST""]",not_applicable
"[""OPCN3PM25"", ""5325CAT"", ""5325CST""]",5325CAT,seneurcity,42,20201223T15,,1.7196173469225566,1.2359992265701294,4.036489009857178,0.8612630532073595,0.983092988562904,0.8612630532073595,0.8612630532073595,0.8988095238095238,0.6130952380952381,18.87681459219527,1972,1972,168.0,168.0,2011,168.0,0.2,raw_normalized,per_location,raw_sensor,4.0,0.0,1.0,nob,Adaptive Held-Out Raw Sensor CP,OPCN3PM25,"[""5325CAT"", ""5325CST""]",posterior
"[""OPCN3PM25"", ""5325CAT"", ""5325CST""]",5325CAT,seneurcity,42,20201223T15,,0.8204034169514974,0.6413553953170776,1.3746212720870972,0.78269517652909,0.8180009945300846,0.78269517652909,0.78269517652909,0.4166666666666667,0.4464285714285714,9.96825114004814,1972,576,168.0,51.0,2011,168.0,0.2,raw_normalized,per_location,raw_sensor,6.0,48.0,1.0,nob,Adaptive Held-Out Raw Sensor CP,5325CAT,"[""OPCN3PM25"", ""5325CST""]",posterior
"[""OPCN3PM25"", ""5325CAT"", ""5325CST""]",5325CAT,seneurcity,42,20201223T15,,0.7963833461205164,0.5976402163505554,1.4118268489837646,0.7777225261064147,0.7976131277971159,0.7777225261064147,0.7777225261064147,0.3630952380952381,0.3809523809523809,9.798433941715336,1972,576,168.0,51.0,2011,168.0,0.2,raw_normalized,per_location,raw_sensor,6.0,48.0,1.0,nob,Adaptive Held-Out Raw Sensor CP,5325CST,"[""OPCN3PM25"", ""5325CAT""]",posterior
"[""OPCN3PM25"", ""5325CAT"", ""5325CST""]",5325CAT,seneurcity,42,20201223T15,,1.2815515655446008,,,0.4761904761904761,0.8373943311785181,,,0.4761904761904761,,13.124493598937988,1972,0,168.0,0.0,2011,168.0,0.2,none,,,,,,,Fused Posterior Predictive,,"[""OPCN3PM25"", ""5325CAT"", ""5325CST""]",
"[""OPCN3PM25"", ""5325CAT"", ""5325CST""]",5325CAT,seneurcity,42,20201230T15,,1.7345431447029114,1.0461053848266602,4.1216559410095215,0.8415300546448088,0.8415300546448088,,,0.4583333333333333,,26.81661751690162,1980,576,168.0,48.0,2013,168.0,0.2,model_normalized,per_location,reference,6.0,48.0,1.0,nob,Oracle Split Conformal,,"[""OPCN3PM25"", ""5325CAT"", ""5325CST""]",not_applicable
"[""OPCN3PM25"", ""5325CAT"", ""5325CST""]",5325CAT,seneurcity,42,20201230T15,,1.3841639260451,1.0794819593429563,2.379525184631348,0.684053651266766,0.9562841530054644,0.684053651266766,0.684053651266766,0.6845238095238095,0.3035714285714285,22.148652350434723,1980,1980,168.0,168.0,2013,168.0,0.2,raw_normalized,per_location,raw_sensor,4.0,0.0,1.0,nob,Adaptive Held-Out Raw Sensor CP,OPCN3PM25,"[""5325CAT"", ""5325CST""]",posterior
"[""OPCN3PM25"", ""5325CAT"", ""5325CST""]",5325CAT,seneurcity,42,20201230T15,,1.0021508137385051,0.7690290808677673,2.1960699558258057,0.7049180327868853,0.7704918032786885,0.7049180327868853,0.7049180327868853,0.25,0.4166666666666667,15.508143304253595,1980,576,168.0,48.0,2013,168.0,0.2,raw_normalized,per_location,raw_sensor,6.0,48.0,1.0,nob,Adaptive Held-Out Raw Sensor CP,5325CAT,"[""OPCN3PM25"", ""5325CST""]",posterior
"[""OPCN3PM25"", ""5325CAT"", ""5325CST""]",5325CAT,seneurcity,42,20201230T15,,1.0193995287021,0.7163490056991577,3.0070250034332275,0.6229508196721312,0.7426726279185295,0.6229508196721312,0.6229508196721312,0.2678571428571428,0.3035714285714285,15.401023489470749,1980,576,168.0,48.0,2013,168.0,0.2,raw_normalized,per_location,raw_sensor,6.0,48.0,1.0,nob,Adaptive Held-Out Raw Sensor CP,5325CST,"[""OPCN3PM25"", ""5325CAT""]",posterior
"[""OPCN3PM25"", ""5325CAT"", ""5325CST""]",5325CAT,seneurcity,42,20201230T15,,1.2815515655446008,,,0.1904761904761904,0.7029309488325882,,,0.1904761904761904,,17.380542755126953,1980,0,168.0,0.0,2013,168.0,0.2,none,,,,,,,Fused Posterior Predictive,,"[""OPCN3PM25"", ""5325CAT"", ""5325CST""]",
"[""OPCN3PM25"", ""5325CAT"", ""5325CST""]",5325CAT,seneurcity,42,20210106T15,,1.716207891702652,1.2582130432128906,2.078472137451172,0.944666001994018,0.944666001994018,,,0.6309523809523809,,52.076550854999546,2008,576,168.0,48.0,2006,168.0,0.2,model_normalized,per_location,reference,6.0,48.0,1.0,nob,Oracle Split Conformal,,"[""OPCN3PM25"", ""5325CAT"", ""5325CST""]",not_applicable
"[""OPCN3PM25"", ""5325CAT"", ""5325CST""]",5325CAT,seneurcity,42,20210106T15,,2.556261946757634,1.4217634201049805,4.609273910522461,0.9187437686939184,1.0,0.9187437686939184,0.9187437686939184,1.0,0.7857142857142857,67.75714144155249,2008,2008,168.0,168.0,2006,168.0,0.2,raw_normalized,per_location,raw_sensor,4.0,0.0,1.0,nob,Adaptive Held-Out Raw Sensor CP,OPCN3PM25,"[""5325CAT"", ""5325CST""]",posterior
"[""OPCN3PM25"", ""5325CAT"", ""5325CST""]",5325CAT,seneurcity,42,20210106T15,,1.1733004649480183,1.0086640119552612,1.367662787437439,0.9910269192422732,0.9990029910269193,0.9910269192422732,0.9910269192422732,0.988095238095238,0.9166666666666666,39.07747567829082,2008,576,168.0,48.0,2006,168.0,0.2,raw_normalized,per_location,raw_sensor,6.0,48.0,1.0,nob,Adaptive Held-Out Raw Sensor CP,5325CAT,"[""OPCN3PM25"", ""5325CST""]",posterior
"[""OPCN3PM25"", ""5325CAT"", ""5325CST""]",5325CAT,seneurcity,42,20210106T15,,1.1742668747901917,1.0279078483581543,1.3693692684173584,0.9177467597208376,0.9935194416749752,0.9177467597208376,0.9177467597208376,0.9404761904761904,0.6785714285714286,39.0584005080572,2008,576,168.0,48.0,2006,168.0,0.2,raw_normalized,per_location,raw_sensor,6.0,48.0,1.0,nob,Adaptive Held-Out Raw Sensor CP,5325CST,"[""OPCN3PM25"", ""5325CAT""]",posterior
"[""OPCN3PM25"", ""5325CAT"", ""5325CST""]",5325CAT,seneurcity,42,20210106T15,,1.2815515655446008,,,0.3154761904761904,0.6864406779661016,,,0.3154761904761904,,36.58409118652344,2008,0,168.0,0.0,2006,168.0,0.2,none,,,,,,,Fused Posterior Predictive,,"[""OPCN3PM25"", ""5325CAT"", ""5325CST""]",
"[""AirAssure1"", ""AirAssure2"", ""AirAssure3""]",AirAssure3,cairsense,0,20151201T23,,1.3555103540420532,1.3555103540420532,1.3555103540420532,0.9464285714285714,0.9464285714285714,,,0.9464285714285714,,13.9763300546578,168,72,168.0,72.0,168,168.0,0.2,model_normalized,per_location,reference,1.0,72.0,1.0,cyclic,Oracle Split Conformal,,"[""AirAssure1"", ""AirAssure2"", ""AirAssure3""]",not_applicable
"[""AirAssure1"", ""AirAssure2"", ""AirAssure3""]",AirAssure3,cairsense,0,20151201T23,,3.252614974975586,3.252614974975586,3.252614974975586,0.8690476190476191,0.9761904761904762,0.8690476190476191,0.8690476190476191,0.9761904761904762,0.8690476190476191,20.666749617883134,168,72,168.0,72.0,168,168.0,0.2,raw_normalized,per_location,raw_sensor,1.0,72.0,1.0,cyclic,Adaptive Held-Out Raw Sensor CP,AirAssure1,"[""AirAssure2"", ""AirAssure3""]",posterior
"[""AirAssure1"", ""AirAssure2"", ""AirAssure3""]",AirAssure3,cairsense,0,20151201T23,,0.6867484450340271,0.6867484450340271,0.6867484450340271,0.4642857142857143,0.6130952380952381,0.4642857142857143,0.4642857142857143,0.6130952380952381,0.4642857142857143,6.033019315628779,168,72,168.0,72.0,168,168.0,0.2,raw_normalized,per_location,raw_sensor,1.0,72.0,1.0,cyclic,Adaptive Held-Out Raw Sensor CP,AirAssure2,"[""AirAssure1"", ""AirAssure3""]",posterior
"[""AirAssure1"", ""AirAssure2"", ""AirAssure3""]",AirAssure3,cairsense,0,20151201T23,,0.5257410407066345,0.5257410407066345,0.5257410407066345,0.6845238095238095,0.7559523809523809,0.6845238095238095,0.6845238095238095,0.7559523809523809,0.6845238095238095,6.61775379663422,168,72,168.0,72.0,168,168.0,0.2,raw_normalized,per_location,raw_sensor,1.0,72.0,1.0,cyclic,Adaptive Held-Out Raw Sensor CP,AirAssure3,"[""AirAssure1"", ""AirAssure2""]",posterior
"[""AirAssure1"", ""AirAssure2"", ""AirAssure3""]",AirAssure3,cairsense,0,20151201T23,,1.2815515655446008,,,0.9404761904761904,0.9404761904761904,,,0.9404761904761904,,13.086153030395508,168,0,168.0,0.0,168,168.0,0.2,none,,,,,,,Fused Posterior Predictive,,"[""AirAssure1"", ""AirAssure2"", ""AirAssure3""]",
"[""AirAssure1"", ""AirAssure2"", ""AirAssure3""]",AirAssure3,cairsense,0,20151208T23,,0.6481143236160278,0.6481143236160278,0.6481143236160278,0.7337662337662337,0.7337662337662337,,,0.7337662337662337,,5.797972384211305,168,72,168.0,72.0,154,154.0,0.2,model_normalized,per_location,reference,1.0,72.0,1.0,cyclic,Oracle Split Conformal,,"[""AirAssure1"", ""AirAssure2"", ""AirAssure3""]",not_applicable
"[""AirAssure1"", ""AirAssure2"", ""AirAssure3""]",AirAssure3,cairsense,0,20151208T23,,1.9424020051956177,1.9424020051956177,1.9424020051956177,0.8441558441558441,1.0,0.8441558441558441,0.8441558441558441,1.0,0.8441558441558441,15.753814081092932,168,72,168.0,72.0,154,154.0,0.2,raw_normalized,per_location,raw_sensor,1.0,72.0,1.0,cyclic,Adaptive Held-Out Raw Sensor CP,AirAssure1,"[""AirAssure2"", ""AirAssure3""]",posterior
"[""AirAssure1"", ""AirAssure2"", ""AirAssure3""]",AirAssure3,cairsense,0,20151208T23,,1.425737738609314,1.425737738609314,1.425737738609314,0.9935064935064936,0.948051948051948,0.9935064935064936,0.9935064935064936,0.948051948051948,0.9935064935064936,12.758139261951694,168,72,168.0,72.0,154,154.0,0.2,raw_normalized,per_location,raw_sensor,1.0,72.0,1.0,cyclic,Adaptive Held-Out Raw Sensor CP,AirAssure2,"[""AirAssure1"", ""AirAssure3""]",posterior
"[""AirAssure1"", ""AirAssure2"", ""AirAssure3""]",AirAssure3,cairsense,0,20151208T23,,0.8807024359703064,0.8807024359703064,0.8807024359703064,0.9415584415584416,0.8571428571428571,0.9415584415584416,0.9415584415584416,0.8571428571428571,0.9415584415584416,10.299627085784811,168,72,168.0,72.0,154,154.0,0.2,raw_normalized,per_location,raw_sensor,1.0,72.0,1.0,cyclic,Adaptive Held-Out Raw Sensor CP,AirAssure3,"[""AirAssure1"", ""AirAssure2""]",posterior
"[""AirAssure1"", ""AirAssure2"", ""AirAssure3""]",AirAssure3,cairsense,0,20151208T23,,1.2815515655446008,,,0.974025974025974,0.974025974025974,,,0.974025974025974,,12.229509353637695,168,0,168.0,0.0,154,154.0,0.2,none,,,,,,,Fused Posterior Predictive,,"[""AirAssure1"", ""AirAssure2"", ""AirAssure3""]",
"[""AirAssure1"", ""AirAssure2"", ""AirAssure3""]",AirAssure3,cairsense,1,20151201T23,,1.2326478958129885,1.2326478958129885,1.2326478958129885,0.9583333333333334,0.9583333333333334,,,0.9583333333333334,,12.251994625443505,168,72,168.0,72.0,168,168.0,0.2,model_normalized,per_location,reference,1.0,72.0,1.0,cyclic,Oracle Split Conformal,,"[""AirAssure1"", ""AirAssure2"", ""AirAssure3""]",not_applicable
"[""AirAssure1"", ""AirAssure2"", ""AirAssure3""]",AirAssure3,cairsense,1,20151201T23,,2.507869005203247,2.507869005203247,2.507869005203247,0.8928571428571429,0.9821428571428572,0.8928571428571429,0.8928571428571429,0.9821428571428572,0.8928571428571429,20.654126790307817,168,72,168.0,72.0,168,168.0,0.2,raw_normalized,per_location,raw_sensor,1.0,72.0,1.0,cyclic,Adaptive Held-Out Raw Sensor CP,AirAssure1,"[""AirAssure2"", ""AirAssure3""]",posterior
"[""AirAssure1"", ""AirAssure2"", ""AirAssure3""]",AirAssure3,cairsense,1,20151201T23,,0.5384603142738342,0.5384603142738342,0.5384603142738342,0.6726190476190477,0.7321428571428571,0.6726190476190477,0.6726190476190477,0.7321428571428571,0.6726190476190477,5.327478078859193,168,72,168.0,72.0,168,168.0,0.2,raw_normalized,per_location,raw_sensor,1.0,72.0,1.0,cyclic,Adaptive Held-Out Raw Sensor CP,AirAssure2,"[""AirAssure1"", ""AirAssure3""]",posterior
"[""AirAssure1"", ""AirAssure2"", ""AirAssure3""]",AirAssure3,cairsense,1,20151201T23,,0.7667768001556396,0.7667768001556396,0.7667768001556396,0.8869047619047619,0.9642857142857144,0.8869047619047619,0.8869047619047619,0.9642857142857144,0.8869047619047619,9.529136776569343,168,72,168.0,72.0,168,168.0,0.2,raw_normalized,per_location,raw_sensor,1.0,72.0,1.0,cyclic,Adaptive Held-Out Raw Sensor CP,AirAssure3,"[""AirAssure1"", ""AirAssure2""]",posterior
"[""AirAssure1"", ""AirAssure2"", ""AirAssure3""]",AirAssure3,cairsense,1,20151201T23,,1.2815515655446008,,,0.9642857142857144,0.9642857142857144,,,0.9642857142857144,,12.802151679992676,168,0,168.0,0.0,168,168.0,0.2,none,,,,,,,Fused Posterior Predictive,,"[""AirAssure1"", ""AirAssure2"", ""AirAssure3""]",
"[""AirAssure1"", ""AirAssure2"", ""AirAssure3""]",AirAssure3,cairsense,1,20151208T23,,0.5987801551818848,0.5987801551818848,0.5987801551818848,0.6753246753246753,0.6753246753246753,,,0.6753246753246753,,5.1770042908656135,168,72,168.0,72.0,154,154.0,0.2,model_normalized,per_location,reference,1.0,72.0,1.0,cyclic,Oracle Split Conformal,,"[""AirAssure1"", ""AirAssure2"", ""AirAssure3""]",not_applicable
"[""AirAssure1"", ""AirAssure2"", ""AirAssure3""]",AirAssure3,cairsense,1,20151208T23,,1.4817535877227783,1.4817535877227783,1.4817535877227783,0.7142857142857143,0.9935064935064936,0.7142857142857143,0.7142857142857143,0.9935064935064936,0.7142857142857143,13.15343329658756,168,72,168.0,72.0,154,154.0,0.2,raw_normalized,per_location,raw_sensor,1.0,72.0,1.0,cyclic,Adaptive Held-Out Raw Sensor CP,AirAssure1,"[""AirAssure2"", ""AirAssure3""]",posterior
"[""AirAssure1"", ""AirAssure2"", ""AirAssure3""]",AirAssure3,cairsense,1,20151208T23,,1.0307650566101074,1.0307650566101074,1.0307650566101074,0.987012987012987,0.8831168831168831,0.987012987012987,0.987012987012987,0.8831168831168831,0.987012987012987,9.321437900716608,168,72,168.0,72.0,154,154.0,0.2,raw_normalized,per_location,raw_sensor,1.0,72.0,1.0,cyclic,Adaptive Held-Out Raw Sensor CP,AirAssure2,"[""AirAssure1"", ""AirAssure3""]",posterior
"[""AirAssure1"", ""AirAssure2"", ""AirAssure3""]",AirAssure3,cairsense,1,20151208T23,,0.7559779286384583,0.7559779286384583,0.7559779286384583,0.8311688311688312,0.7792207792207793,0.8311688311688312,0.8311688311688312,0.7792207792207793,0.8311688311688312,8.356865937059576,168,72,168.0,72.0,154,154.0,0.2,raw_normalized,per_location,raw_sensor,1.0,72.0,1.0,cyclic,Adaptive Held-Out Raw Sensor CP,AirAssure3,"[""AirAssure1"", ""AirAssure2""]",posterior
"[""AirAssure1"", ""AirAssure2"", ""AirAssure3""]",AirAssure3,cairsense,1,20151208T23,,1.2815515655446008,,,0.9675324675324676,0.9675324675324676,,,0.9675324675324676,,11.785768508911133,168,0,168.0,0.0,154,154.0,0.2,none,,,,,,,Fused Posterior Predictive,,"[""AirAssure1"", ""AirAssure2"", ""AirAssure3""]",
"[""AirAssure1"", ""AirAssure2"", ""AirAssure3""]",AirAssure3,cairsense,42,20151201T23,,1.3947443962097168,1.3947443962097168,1.3947443962097168,0.9523809523809524,0.9523809523809524,,,0.9523809523809524,,12.652228006294797,168,72,168.0,72.0,168,168.0,0.2,model_normalized,per_location,reference,1.0,72.0,1.0,cyclic,Oracle Split Conformal,,"[""AirAssure1"", ""AirAssure2"", ""AirAssure3""]",not_applicable
"[""AirAssure1"", ""AirAssure2"", ""AirAssure3""]",AirAssure3,cairsense,42,20151201T23,,3.055050849914551,3.055050849914551,3.055050849914551,0.8988095238095238,0.9821428571428572,0.8988095238095238,0.8988095238095238,0.9821428571428572,0.8988095238095238,21.87049687618301,168,72,168.0,72.0,168,168.0,0.2,raw_normalized,per_location,raw_sensor,1.0,72.0,1.0,cyclic,Adaptive Held-Out Raw Sensor CP,AirAssure1,"[""AirAssure2"", ""AirAssure3""]",posterior
"[""AirAssure1"", ""AirAssure2"", ""AirAssure3""]",AirAssure3,cairsense,42,20151201T23,,0.7328031659126282,0.7328031659126282,0.7328031659126282,0.7440476190476191,0.7916666666666666,0.7440476190476191,0.7440476190476191,0.7916666666666666,0.7440476190476191,6.631710460853009,168,72,168.0,72.0,168,168.0,0.2,raw_normalized,per_location,raw_sensor,1.0,72.0,1.0,cyclic,Adaptive Held-Out Raw Sensor CP,AirAssure2,"[""AirAssure1"", ""AirAssure3""]",posterior
"[""AirAssure1"", ""AirAssure2"", ""AirAssure3""]",AirAssure3,cairsense,42,20151201T23,,0.7273819446563721,0.7273819446563721,0.7273819446563721,0.8690476190476191,0.9047619047619048,0.8690476190476191,0.8690476190476191,0.9047619047619048,0.8690476190476191,7.797072317273844,168,72,168.0,72.0,168,168.0,0.2,raw_normalized,per_location,raw_sensor,1.0,72.0,1.0,cyclic,Adaptive Held-Out Raw Sensor CP,AirAssure3,"[""AirAssure1"", ""AirAssure2""]",posterior
"[""AirAssure1"", ""AirAssure2"", ""AirAssure3""]",AirAssure3,cairsense,42,20151201T23,,1.2815515655446008,,,0.9285714285714286,0.9285714285714286,,,0.9285714285714286,,11.496233940124512,168,0,168.0,0.0,168,168.0,0.2,none,,,,,,,Fused Posterior Predictive,,"[""AirAssure1"", ""AirAssure2"", ""AirAssure3""]",
"[""AirAssure1"", ""AirAssure2"", ""AirAssure3""]",AirAssure3,cairsense,42,20151208T23,,0.7289019227027893,0.7289019227027893,0.7289019227027893,0.7792207792207793,0.7792207792207793,,,0.7792207792207793,,5.834410295858012,168,72,168.0,72.0,154,154.0,0.2,model_normalized,per_location,reference,1.0,72.0,1.0,cyclic,Oracle Split Conformal,,"[""AirAssure1"", ""AirAssure2"", ""AirAssure3""]",not_applicable
"[""AirAssure1"", ""AirAssure2"", ""AirAssure3""]",AirAssure3,cairsense,42,20151208T23,,1.612648606300354,1.612648606300354,1.612648606300354,0.7077922077922078,0.9935064935064936,0.7077922077922078,0.7077922077922078,0.9935064935064936,0.7077922077922078,13.902643125552636,168,72,168.0,72.0,154,154.0,0.2,raw_normalized,per_location,raw_sensor,1.0,72.0,1.0,cyclic,Adaptive Held-Out Raw Sensor CP,AirAssure1,"[""AirAssure2"", ""AirAssure3""]",posterior
"[""AirAssure1"", ""AirAssure2"", ""AirAssure3""]",AirAssure3,cairsense,42,20151208T23,,0.956038534641266,0.956038534641266,0.956038534641266,0.974025974025974,0.8506493506493507,0.974025974025974,0.974025974025974,0.8506493506493507,0.974025974025974,8.011633403889544,168,72,168.0,72.0,154,154.0,0.2,raw_normalized,per_location,raw_sensor,1.0,72.0,1.0,cyclic,Adaptive Held-Out Raw Sensor CP,AirAssure2,"[""AirAssure1"", ""AirAssure3""]",posterior
"[""AirAssure1"", ""AirAssure2"", ""AirAssure3""]",AirAssure3,cairsense,42,20151208T23,,0.6127839684486389,0.6127839684486389,0.6127839684486389,0.7662337662337663,0.7077922077922078,0.7662337662337663,0.7662337662337663,0.7077922077922078,0.7662337662337663,6.038526946848089,168,72,168.0,72.0,154,154.0,0.2,raw_normalized,per_location,raw_sensor,1.0,72.0,1.0,cyclic,Adaptive Held-Out Raw Sensor CP,AirAssure3,"[""AirAssure1"", ""AirAssure2""]",posterior
"[""AirAssure1"", ""AirAssure2"", ""AirAssure3""]",AirAssure3,cairsense,42,20151208T23,,1.2815515655446008,,,0.961038961038961,0.961038961038961,,,0.961038961038961,,10.729411125183104,168,0,168.0,0.0,154,154.0,0.2,none,,,,,,,Fused Posterior Predictive,,"[""AirAssure1"", ""AirAssure2"", ""AirAssure3""]",
